gtp_ligand_id,target_uniprot,standard_type,chembl_activity_count,chembl_standard_value_median,chembl_standard_units_set,chembl_confidence_median,chembl_pchembl_median,chembl_doc_id_set
1,P08908,EC50,1,6.607,nM,8.0,8.18,2759
1,P08908,Efficacy,2,50.0,%,8.0,,2759
100,O35505,IC50,2,1300.0,nM,9.0,5.89,91842|91874
100,O60840,IC50,1,3500.0,nM,4.0,5.46,91875
100,Q01668,IC50,1,3500.0,nM,4.0,5.46,91875
100,Q12809,IC50,3,35.48,nM,9.0,7.45,16592|20904|91842
100,Q13698,IC50,1,3500.0,nM,4.0,5.46,91875
100,Q13936,IC50,2,2410.0,nM,6.5,5.67,91874|91875
100,Q14524,IC50,1,1830.0,nM,9.0,5.74,91842
100,Q9R0C9,IC50,1,750.0,nM,8.0,6.12,11576
10007,Q9UNQ0,IC50,1,5.0,nM,8.0,8.3,64378
10009,P23385,EC50,1,356.0,nM,9.0,6.45,93756
10009,Q13255,EC50,2,390.0,nM,9.0,6.41,93756|98883
10009,Q14833,EC50,1,10000.0,nM,9.0,,98883
10019,O60840,IC50,1,1900.0,nM,4.0,5.72,91875
10019,Q01668,IC50,1,1900.0,nM,4.0,5.72,91875
10019,Q12809,IC50,2,197.765,nM,8.5,6.705,16592|20904
10019,Q13698,IC50,1,1900.0,nM,4.0,5.72,91875
10019,Q13936,IC50,1,1900.0,nM,4.0,5.72,91875
10027,P13922,IC50,6,4750.0,nM,8.0,5.43,17662
10027,Q5QD14,EC50,1,10000.0,nM,9.0,,103623
10031,Q9EPB7,EC50,2,240.5,nM,9.0,6.97,118544|128865
10031,Q9EPB7,Emax,1,535.0,%,9.0,,118544
10031,Q9GZN0,EC50,5,46.77,nM,9.0,7.33,118544|123624|128865
10031,Q9GZN0,Emax,2,101.5,%,9.0,,118544|123624
10039,P29990,IC50,1,40550.0,nM,8.0,,51887
10040,P35372,EC50,1,0.0049,nM,9.0,,113494
10043,Q9NQS5,IC50,1,10000.0,nM,9.0,,117535
10045,P51449,EC50,1,21.0,nM,9.0,7.68,131267
10058,P20272,EC50,1,10000.0,nM,9.0,,106983
10058,P21554,EC50,1,10000.0,nM,9.0,,106983
10058,P34972,EC50,1,6.2,nM,9.0,8.21,106983
10058,P34972,Emax,1,106.0,%,9.0,,106983
10058,Q9QZN9,EC50,1,7.6,nM,9.0,8.12,106983
10058,Q9QZN9,Emax,1,100.0,%,9.0,,106983
10061,P35414,EC50,1,0.23,nM,9.0,9.64,121194
10078,P51449,IC50,1,4.0,nM,9.0,8.4,131267
1009,P24530,IC50,4,2.67,nM,9.0,8.719999999999999,115269|130984
1009,P25101,IC50,3,3600.0,nM,9.0,5.405,115269|130984
1009,P26684,IC50,1,700.0,nM,9.0,,130984
10100,O02662,EC50,1,11.0,nM,9.0,7.96,98313
10100,P13945,EC50,2,1.35,nM,9.0,8.88,98313
10100,P26255,EC50,2,104.0,nM,9.0,6.99,98313
10100,Q28524,EC50,2,3.835,nM,9.0,8.695,98313
10102,Q12809,IC50,2,352.405,nM,9.0,6.455,16592|20904
10106,P51681,IC50,1,3.0,nM,9.0,8.52,109114
10114,P30935,IC50,2,0.46,nM,9.0,9.34,66774|83997
10114,P32745,EC50,1,0.95,nM,9.0,9.02,98598
10114,P32745,IC50,3,0.95,nM,9.0,9.02,66774|83997|92524
10129,P08172,IC50,1,46.88,nM,9.0,7.33,128647
10135,P31423,EC50,2,195.99,nM,9.0,6.71,117166
10135,P31423,Emax,1,123.0,%,9.0,,117166
10135,Q14833,EC50,1,65.0,nM,9.0,7.19,117166
1014,P32249,IC50,1,2494.12,nM,9.0,5.6,128647
1014,Q99527,EC50,3,2.0,nM,9.0,8.7,108557|52305|74824
10143,P35398,IC50,1,900.0,nM,9.0,6.05,131267
10143,P51449,IC50,1,110.0,nM,9.0,6.96,131267
10143,Q92753,IC50,1,1100.0,nM,9.0,5.96,131267
10144,P51449,IC50,2,270.0,nM,9.0,6.5,131267|51887
1015,P03372,IC50,4,2.235,nM,5.0,8.865,20127|3914
1015,Q92731,IC50,3,4.0,nM,5.0,8.4,20127
10159,Q13936,IC50,2,9350.0,nM,8.0,5.085,91874
10160,P08183,IC50,1,18000.0,nM,8.0,4.75,64688
10160,P22002,IC50,1,1.04,nM,5.0,8.98,9932
10160,P27732,IC50,1,1.04,nM,5.0,8.98,9932
10160,Q02485,IC50,1,1.04,nM,5.0,8.98,9932
10165,P25025,IC50,1,22.0,nM,9.0,7.66,128289
10166,Q8TDV5,EC50,4,45.45,nM,9.0,7.734999999999999,107673|116207|130624|83172
10166,Q8TDV5,Efficacy,1,100.0,%,9.0,,83172
10166,Q8TDV5,Emax,1,113.0,%,9.0,,116207
10169,Q9Y5Y4,Emax,1,-15.0,%,9.0,,60085
10171,Q9NQS5,EC50,13,2918.0,nM,9.0,5.54,124507|128223|129525
10171,Q9NQS5,IC50,5,54.0,nM,9.0,7.27,117535|124507|97167
10172,O35505,IC50,1,5600.0,nM,9.0,5.25,94011
10172,P08183,EC50,1,14400.0,nM,8.0,4.84,64475
10172,P22002,IC50,1,5200.0,nM,9.0,5.28,91874
10180,P21731,IC50,1,25000.0,nM,9.0,,73836
10180,P34995,IC50,1,25000.0,nM,9.0,,73836
10180,P43115,IC50,1,25000.0,nM,9.0,,73836
10180,Q9Y5Y4,IC50,2,55.0,nM,9.0,7.31,73836
10190,P29274,IC50,6,83.25,nM,9.0,7.08,118342|122050|128190
10193,P29274,IC50,1,25.0,nM,9.0,7.6,118342
10196,P35400,IC50,3,347.0,nM,9.0,6.46,113939|122779
102,P08908,IC50,1,9929.0,nM,9.0,5.0,128840
102,P08913,IC50,2,12.15,nM,9.0,7.925,128840
102,P18089,IC50,1,86.6,nM,9.0,7.06,128840
102,P18825,IC50,1,7.7,nM,9.0,8.11,128840
102,P19328,IC50,1,165.0,nM,4.0,6.78,8229
102,P22086,IC50,1,165.0,nM,4.0,6.78,8229
102,P22909,IC50,1,165.0,nM,4.0,6.78,8229
102,P23975,IC50,1,20000.0,nM,8.0,,13605
102,P35348,IC50,1,1403.0,nM,9.0,5.85,128840
10206,P46093,IC50,2,68.5,nM,9.0,7.165,107566
10206,Q15743,IC50,1,20000.0,nM,9.0,,107566
10206,Q4KLH9,IC50,1,1840.0,nM,9.0,5.74,107566
10206,Q8BUD0,IC50,1,530.0,nM,9.0,6.28,107566
10206,Q8IYL9,IC50,1,20000.0,nM,9.0,,107566
10207,P46093,IC50,1,67.0,nM,9.0,7.17,99416
10207,Q8IYL9,IC50,1,10000.0,nM,9.0,,99416
1022,P21462,EC50,4,6.8435,nM,8.5,8.215,128647|129212|13810|47771
1022,P25089,EC50,1,1900.0,nM,8.0,5.72,47771
1022,P25090,EC50,2,13550.0,nM,8.5,4.93,129212|47771
1022,P33766,EC50,1,23000.0,nM,9.0,4.64,129212
10222,Q924U1,EC50,1,36.0,nM,9.0,7.44,101273
10222,Q969F8,EC50,1,5.2,nM,9.0,8.28,101273
10229,O61059,IC50,1,12000.0,nM,9.0,,91873
10229,O77239,IC50,1,1000.0,nM,9.0,,84179
10229,O96214,IC50,1,1000.0,nM,9.0,,84179
10229,O97467,IC50,1,12000.0,nM,8.0,,91873
10229,P11166,IC50,1,12000.0,nM,8.0,,91873
10229,P62344,IC50,1,1000.0,nM,9.0,,84179
10229,Q25917,IC50,1,1000.0,nM,9.0,,84179
10229,Q8I5R7,IC50,1,2500.0,nM,8.0,,84179
10229,Q8IBS5,IC50,1,1000.0,nM,8.0,,84179
10229,Q8IDJ8,IC50,1,2500.0,nM,8.0,,84179
10230,Q9H1C0,IC50,3,38.0,nM,9.0,7.42,127303
10237,P31422,IC50,2,390.525,nM,9.0,6.41,93499
10237,P31424,EC50,2,30811.39,nM,9.0,,93499
10238,O00222,EC50,3,930.0,nM,8.0,,51887
10238,O15303,EC50,1,390.0,nM,8.0,,51887
10238,P35400,EC50,2,1500.0,nM,9.0,5.82,106864|112159
10238,P41594,EC50,1,350.0,nM,8.0,,51887
10238,P70579,EC50,2,915.0,nM,9.0,6.04,106864|112159
10238,Q13255,EC50,1,310.0,nM,8.0,,51887
10238,Q14416,EC50,1,370.0,nM,8.0,,51887
10238,Q14831,EC50,3,16200.0,nM,8.0,,51887
10238,Q14832,EC50,1,180.0,nM,8.0,,51887
10238,Q14833,EC50,5,3430.0,nM,8.0,5.48,106864|112159|51887
10239,P35400,EC50,2,146.0,nM,9.0,6.84,106864|112159
10239,P70579,EC50,2,125.0,nM,9.0,6.9,106864|112159
10239,Q14833,EC50,2,108.0,nM,9.0,6.97,106864|112159
1024,O35505,IC50,1,2000.0,nM,9.0,5.7,91874
1024,O95342,IC50,2,7650.0,nM,8.0,5.115,64449
1024,P04351,IC50,1,5.0,nM,8.0,8.3,13025
1024,P06795,IC50,2,700.0,nM,8.0,6.16,17494
1024,P08183,EC50,1,600.0,nM,8.0,6.22,16651
1024,P08183,IC50,13,1700.0,nM,8.0,5.77,15505|17494|64441|64447|64823
1024,P21447,IC50,2,4800.0,nM,8.0,5.32,17494
1024,P62937,IC50,1,2.0,nM,8.0,8.7,6012
1024,Q14973,IC50,1,1000.0,nM,8.0,6.0,64025
10245,Q91WC9,IC50,2,71.5,nM,9.0,,51887
10256,Q695T7,IC50,3,370.0,nM,9.0,6.43,131267
1026,P56373,IC50,2,0.0282,nM,9.0,10.32,36638
10263,O43613,IC50,2,2183.235,nM,9.0,5.755,51887
10263,O43614,IC50,2,69400.0,nM,8.0,,51887
10267,O75899,EC50,1,1900.0,nM,7.0,5.72,72179
10267,O75899,Efficacy,1,149.0,%,7.0,,92996
10267,Q9UBS5,EC50,1,1900.0,nM,7.0,5.72,72179
10267,Q9UBS5,Efficacy,1,149.0,%,7.0,,92996
10269,P25116,IC50,2,4081.0,nM,9.0,,121328|129370
10269,P55085,IC50,1,1000.0,nM,9.0,,121328
10269,Q96RI0,EC50,1,0.43,nM,9.0,9.37,97147
10269,Q96RI0,IC50,6,0.85,nM,9.0,9.075,119452|121328|124212|129370|97147
10272,P20272,EC50,5,17.0,nM,9.0,7.77,112475
10272,P20272,Emax,4,91.0,%,9.0,,112475
10272,P21554,EC50,8,154.0,nM,9.0,6.875,112096|112475|117405|122252
10272,P21554,Emax,7,99.62,%,9.0,,112096|112475|117405|122252
10273,P34972,EC50,3,10000.0,nM,9.0,8.42,120457|124236
10273,P34972,Emax,3,2.5,%,9.0,,120457|124236
10274,O75762,EC50,1,830.0,nM,9.0,6.08,51267
10277,O43613,EC50,2,1787.0,nM,9.0,5.82,121453|93588
10277,O43613,Emax,2,69.5,%,9.0,,121453|93588
10277,O43614,EC50,1,165.0,nM,9.0,6.78,121453
10277,O43614,Emax,2,97.0,%,9.0,,121453|93588
10279,Q00987,EC50,1,12310.0,nM,9.0,4.91,51887
10288,Q9QUQ5,EC50,1,2985.3,nM,9.0,,51887
10290,Q9QUQ5,EC50,1,596.0,nM,9.0,,51887
10293,O75762,EC50,1,59.0,nM,9.0,7.23,51267
10298,P22002,IC50,1,100000.0,nM,9.0,4.0,94011
10309,P21453,EC50,1,0.05,nM,9.0,,102249
10310,Q99500,IC50,1,470.0,nM,9.0,6.33,129898
10312,O95977,IC50,1,25.0,nM,9.0,7.6,57728
10314,P04629,IC50,1,5.0,nM,9.0,,124766
10314,Q16288,IC50,1,5.0,nM,9.0,,124766
10314,Q16620,IC50,1,5.0,nM,9.0,,124766
10315,P43116,EC50,3,1.1,nM,9.0,8.96,110891|130478
10328,P56726,IC50,1,484.0,nM,9.0,6.32,65729
10328,Q62226,EC50,1,500.0,nM,9.0,6.3,47183
10328,Q62226,IC50,2,806.0,nM,9.0,6.199999999999999,48767|58202
10328,Q99835,IC50,1,300.0,nM,9.0,6.52,61928
10331,Q62226,IC50,1,97.9,nM,9.0,7.01,48767
10333,P56726,IC50,1,2.4,nM,9.0,8.62,109602
10333,Q99835,IC50,1,400.0,nM,9.0,6.4,122486
10339,O61059,IC50,1,23000.0,nM,9.0,,91873
10339,O97467,IC50,1,11452.0,nM,8.0,4.94,91873
10339,P11166,IC50,1,16313.0,nM,8.0,4.79,91873
10346,O15439,IC50,1,10000.0,nM,8.0,5.0,64497
10346,O15440,IC50,1,40000.0,nM,8.0,4.4,64497
10346,P33527,IC50,1,400.0,nM,8.0,6.4,64625
10346,Q63120,IC50,1,2620.0,nM,8.0,5.58,64661
10346,Q92887,IC50,1,4000.0,nM,8.0,5.4,64571
10348,P32249,IC50,1,3060.7,nM,9.0,5.51,128647
10356,P47872,EC50,4,76.795,nM,9.0,7.17,127269
10356,P47872,Emax,5,116.54,%,9.0,,127269
10356,Q62226,EC50,1,1000.0,nM,9.0,6.0,52299
10364,P10520,EC50,2,150000.0,nM,8.0,,51887
10364,P63165,IC50,2,36445.0,nM,9.0,,51887
10376,P34998,EC50,1,40.0,nM,9.0,7.4,58731
10376,P35353,EC50,1,40.0,nM,9.0,7.4,58731
10378,P34998,IC50,1,100.0,nM,9.0,7.0,54126
10379,P35353,IC50,1,129.0,nM,9.0,6.89,47071
10379,P35414,IC50,1,10000.0,nM,9.0,,128647
10379,Q8TDV5,EC50,1,10000.0,nM,9.0,,128647
10390,P07550,IC50,1,4677.38,nM,9.0,5.33,128647
10390,P08913,IC50,1,160.75,nM,9.0,6.79,128647
10405,P53985,IC50,1,85.0,nM,9.0,7.07,131267
10408,P32245,EC50,6,0.8452500000000001,nM,9.0,9.225,105788|121651|122804|62939
10408,P33032,IC50,1,199.53,nM,9.0,6.7,122804
10408,P41968,EC50,3,0.6761,nM,9.0,9.17,105788|121651|122804
10408,Q01726,EC50,3,0.07762,nM,9.0,10.11,105788|121651|122804
10416,P07550,IC50,1,10000.0,nM,9.0,,128647
10416,P25024,IC50,1,10000.0,nM,9.0,,72167
10416,P25025,IC50,1,10000.0,nM,9.0,,72167
10416,P32246,IC50,1,10000.0,nM,9.0,,72167
10416,P41597,IC50,1,10000.0,nM,9.0,,72167
10416,P43220,IC50,1,10000.0,nM,9.0,,128647
10416,P46092,IC50,1,10000.0,nM,9.0,,72167
10416,P49238,IC50,1,10000.0,nM,9.0,,128647
10416,P49682,IC50,1,10000.0,nM,9.0,,72167
10416,P51679,IC50,2,27.3,nM,9.0,7.615,61639|72167
10416,P51681,IC50,1,6309.57,nM,9.0,5.2,72167
10416,P51685,IC50,1,10000.0,nM,9.0,,72167
10416,P61073,IC50,1,10000.0,nM,9.0,,72167
10416,Q5NUL3,EC50,1,4114.12,nM,9.0,5.39,128647
10416,Q5T601,EC50,1,10000.0,nM,9.0,,128647
10416,Q9Y6L6,IC50,1,398.11,nM,9.0,6.4,72167
10417,P51679,IC50,1,40.0,nM,9.0,7.4,112057
10422,P29371,IC50,1,500.83,nM,9.0,6.3,130590
10431,P35372,EC50,3,10000.0,nM,9.0,,111816|117545|121597
10431,P41595,IC50,1,4700.0,nM,9.0,5.33,65948
10432,P29597,IC50,2,11.0,nM,9.0,7.970000000000001,128650
10436,O15439,IC50,1,10000.0,nM,8.0,5.0,64497
10436,O15440,IC50,1,30000.0,nM,8.0,4.52,64497
10442,Q96RI0,IC50,4,2.41,nM,9.0,8.62,113379|124212|97233
10443,P29274,IC50,1,313.0,nM,9.0,6.5,113389
10443,P29275,EC50,1,1000.0,nM,9.0,,113389
10443,P29275,Efficacy,1,7.0,%,9.0,,113389
10443,P30542,EC50,1,1.43,nM,9.0,8.85,113389
10443,P30542,Emax,1,35.0,%,9.0,,113389
10444,P30518,EC50,2,350.5,nM,9.0,6.785,108525
10444,P30518,Emax,2,99.0,%,9.0,,108525
10444,P30559,EC50,3,55.0,nM,9.0,7.26,108525
10444,P30559,Emax,3,77.0,%,9.0,,108525
10444,P37288,Emax,1,5.0,%,9.0,,108525
10444,P37288,IC50,3,2200.0,nM,9.0,5.66,108525
10444,P97926,EC50,1,18.0,nM,9.0,7.75,108525
10444,P97926,Emax,1,95.0,%,9.0,,108525
10452,P41145,EC50,1,410.0,nM,9.0,6.39,127551
10454,Q96RJ0,EC50,3,21.08,nM,9.0,7.68,121679|129158
10454,Q96RJ0,Emax,2,104.5,%,9.0,,121679|129158
10455,Q8K4Z4,EC50,1,6.2,nM,9.0,8.21,45997
10455,Q8K4Z4,Emax,1,105.0,%,9.0,,45997
1046,P25090,EC50,1,300.0,nM,9.0,6.52,129212
1049,O14842,EC50,5,3162.28,nM,9.0,5.5,109797|45339|62697|98841
1049,O14842,Efficacy,1,88.0,%,9.0,,62697
1049,O14842,Emax,1,100.0,%,9.0,,109797
1049,P04054,IC50,1,22300.0,nM,8.0,4.65,51887
1049,Q5NUL3,EC50,2,2917.9700000000003,nM,9.0,5.535,45339|62697
1049,Q5NUL3,Efficacy,1,99.0,%,9.0,,62697
1049,Q9Y4P1,IC50,1,15300.0,nM,9.0,4.82,51887
1050,O14842,EC50,21,64.57,nM,9.0,7.245,106986|108976|118497|120056|129308|30972|36073|36314|45864|49544|57484|58992|62697|83858
1050,O14842,Efficacy,2,94.5,%,9.0,,57484|62697
1050,P30679,EC50,1,48.0,nM,7.0,7.32,129308
1050,Q5NUL3,EC50,4,3331.1400000000003,nM,9.0,5.5,108976|118497|128647|62697
1050,Q5NUL3,Efficacy,1,102.0,%,9.0,,62697
1050,Q8K3T4,EC50,1,99.0,nM,9.0,7.0,83858
10504,Q64663,IC50,1,251.19,nM,9.0,6.6,53546
10504,Q99572,IC50,1,3.162,nM,9.0,8.5,53546
10506,P07550,Emax,1,30.0,%,9.0,,111222
10506,P08588,Emax,1,30.0,%,9.0,,111222
10506,P14416,Emax,1,30.0,%,9.0,,111222
10506,P21728,EC50,3,2.3,nM,9.0,8.64,111222|112256
10506,P21728,Emax,3,79.7,%,9.0,,111222|112256
10506,P21918,EC50,1,10000.0,nM,9.0,,111222
10506,P21918,Emax,1,50.0,%,9.0,,111222
10506,P50406,Emax,1,30.0,%,9.0,,111222
10506,Q61616,EC50,1,62.1,nM,9.0,7.21,111222
10506,Q61616,Emax,1,53.0,%,9.0,,111222
1051,O14842,EC50,2,23850.0,nM,9.0,4.6850000000000005,65515|99851
1051,O14842,Efficacy,1,67.0,%,9.0,,65515
1051,Q8TDS5,IC50,1,2000.0,nM,9.0,5.7,76798
10515,P08172,IC50,1,8900.0,nM,9.0,5.05,124576
10515,P08913,IC50,1,9600.0,nM,9.0,5.02,124576
10519,Q9BXA5,IC50,2,55.055,nM,9.0,7.335,119299|126785
1052,O14842,EC50,7,1800.0,nM,9.0,5.75,109719|113964|127202|45526
1052,O14842,Emax,1,100.0,%,9.0,,113964
1052,Q5NUL3,EC50,1,316.23,nM,9.0,6.5,90203
1053,O14842,EC50,1,1220.0,nM,9.0,5.91,129308
1055,O60603,IC50,1,5000.0,nM,9.0,5.3,30844
1055,Q9H255,EC50,1,9.8,nM,9.0,8.01,114716
10557,P35414,EC50,3,0.2,nM,9.0,9.7,110834
10557,Q9JHG3,EC50,2,21.56,nM,9.0,8.645,110834
1056,P23204,EC50,1,3000.0,nM,9.0,,47370
1056,P37231,EC50,60,89.13,nM,9.0,7.05,10|131267|14745|15797|16829|20402|20687|30038|30142|30317|30667|31433|31451|31706|3457|34927|34936|35939|36781|36809|37259|37354|37458|37518|37656|37706|38094|38476|42642|44023|44580|4592|46237|46546|46826|47054|47370|48031|48492|49305|50478|50692|50738|51854|5529|55636|5710|57662|57844|57950|60917|60970|6149|62802|67078
1056,P37231,Efficacy,3,100.0,%,9.0,,15988|36781|51854
1056,P37231,Emax,8,102.0,%,9.0,,50692|54606|57844|60917|60970
1056,P37238,EC50,2,68.0,nM,9.0,7.17,13771|15797
1056,Q03181,EC50,4,6500.0,nM,8.5,,46237|5529|5710|57662
1056,Q03181,Efficacy,1,20.0,%,9.0,,31706
1056,Q07869,EC50,22,10000.0,nM,9.0,5.39,16829|30038|34927|34936|36781|36809|37518|37656|38327|38476|42642|44580|46237|47054|47370|49305|50478|50738|5529|5710|57662
1056,Q07869,Efficacy,3,20.0,%,9.0,,15988|31706|36781
1058,O14843,EC50,1,12000.0,nM,9.0,4.92,105078
1058,O15552,EC50,1,250000.0,nM,9.0,,105078
1058,O15552,Efficacy,1,100.0,%,9.0,,49512
1058,O15552,IC50,1,120000.0,nM,9.0,,49512
10583,K9N7C7,IC50,1,10000.0,nM,8.0,,115086
10583,P03070,IC50,1,13910.0,nM,9.0,,51887
10583,P0DTD1,IC50,1,30.0,nM,9.0,7.52,115086
10583,P10520,EC50,1,1519.0,nM,8.0,5.82,51887
10583,P11413,IC50,1,13200.0,nM,8.0,4.88,51887
10583,P19367,EC50,1,41900.0,nM,9.0,4.38,51887
10583,P32897,IC50,1,880.0,nM,9.0,6.06,51887
10583,P49407,IC50,1,1524.0,nM,8.0,,51887
10583,P63073,IC50,1,1150.0,nM,8.0,,51887
10583,P87108,IC50,2,5290.0,nM,9.0,5.62,51887
10583,Q2TB90,EC50,1,38800.0,nM,9.0,4.41,51887
10583,Q9BHT9,IC50,3,13500.0,nM,8.0,4.87,51887
10585,P41597,EC50,6,25.560000000000002,nM,9.0,7.59,110842
10585,P41597,Emax,3,75.0,%,9.0,,110842
10585,P51681,EC50,6,7.244,nM,9.0,8.14,110842
10585,P51681,Emax,3,56.0,%,9.0,,110842
10587,Q92633,EC50,1,240.0,nM,9.0,6.62,115913
10587,Q92633,Emax,1,118.0,%,9.0,,115913
10589,P41180,IC50,1,76.0,nM,8.0,7.12,45424
1059,O14843,EC50,1,12000.0,nM,9.0,4.92,105078
10595,Q16581,IC50,2,10.0,nM,9.0,8.0,112513
10597,Q14164,IC50,1,74.0,nM,9.0,7.13,124766
10597,Q9UHD2,IC50,1,74.0,nM,9.0,7.13,124766
106,P28221,EC50,1,68.0,nM,8.0,7.17,1558
10600,Q6RI86,EC50,1,12000.0,nM,9.0,4.92,51267
10615,P37288,IC50,4,3.0,nM,9.0,8.52,117262|119211|121897|129435
1062,O14843,EC50,3,11748.98,nM,9.0,4.93,105078|113335
1062,O15552,EC50,2,253519.78999999998,nM,9.0,,105078|107498
1062,O15552,Efficacy,1,100.0,%,9.0,,49512
1062,O15552,IC50,1,130000.0,nM,9.0,,49512
1062,Q8VCK6,EC50,1,251188.64,nM,9.0,,107492
10644,Q96RI1,EC50,1,40.0,nM,9.0,7.4,131267
10655,Q8TDU6,EC50,1,80000.0,nM,9.0,,113312
10655,Q8TDU6,Efficacy,1,13.0,%,9.0,,113312
10661,O35678,IC50,1,0.67,nM,9.0,9.17,126234
10661,Q16739,IC50,1,5.0,nM,9.0,,126234
10661,Q8R431,IC50,1,0.97,nM,8.0,9.01,126234
10661,Q99685,IC50,2,1.505,nM,9.0,8.84,126234
10668,O14842,EC50,4,23.0,nM,9.0,7.645,122495|128248|129308
10668,O14842,Efficacy,1,97.0,%,9.0,,128248
107,P28223,EC50,1,0.503,nM,9.0,9.3,89292
107,P28223,Emax,1,119.0,%,9.0,,89292
107,Q7Z2W7,IC50,2,12000.0,nM,9.0,4.925000000000001,54012
10703,K9N7C7,IC50,1,10000.0,nM,8.0,,115086
10703,P0DTD1,IC50,1,30.0,nM,9.0,7.52,115086
10704,P07550,EC50,1,3200.0,nM,9.0,5.5,128647
10704,Q16602,EC50,1,0.14,nM,9.0,9.85,66709
10712,P11229,EC50,1,100.0,nM,9.0,,106319
10714,P43367,IC50,1,1774.2,nM,9.0,5.75,51887
10717,Q9NQS5,EC50,3,5.0,nM,9.0,8.3,111475|127082
10722,Q923Y9,EC50,1,35.0,nM,9.0,7.46,98744
10722,Q923Y9,Emax,1,69.0,%,9.0,,98744
10722,Q96RJ0,EC50,1,17.0,nM,9.0,7.77,98744
10722,Q96RJ0,Emax,1,82.0,%,9.0,,98744
10736,Q9Y5N1,IC50,1,0.55,nM,9.0,9.26,44709
10742,P21728,EC50,1,0.73,nM,9.0,9.14,112218
10742,P21728,Emax,1,88.0,%,9.0,,112218
10772,O76082,IC50,1,1700000.0,nM,8.0,,64742
10789,P05364,IC50,1,830.0,nM,8.0,6.08,13564
10789,P13661,IC50,1,4800.0,nM,8.0,5.32,13564
1079,O75899,EC50,1,5370.0,nM,7.0,5.27,92996
1079,Q9UBS5,EC50,1,5370.0,nM,7.0,5.27,92996
10793,P10520,EC50,1,64.0,nM,8.0,7.19,51887
1080,O75899,EC50,1,200.0,nM,6.0,6.7,1778
1080,Q9UBS5,EC50,1,200.0,nM,6.0,6.7,1778
10800,P07900,IC50,1,9234.0,nM,5.0,5.04,51887
10800,P08238,IC50,1,9234.0,nM,5.0,5.04,51887
10800,P0AE70,EC50,2,99000.0,nM,8.0,,51887
10816,P0AES4,IC50,1,500.0,nM,7.0,6.3,31810
10816,P0AES6,IC50,1,500.0,nM,7.0,6.3,31810
10816,P10520,EC50,1,668.0,nM,8.0,6.17,51887
10816,Q12809,IC50,2,129412.48000000001,nM,8.5,,16592|20904
10818,Q12809,IC50,2,90812.35500000001,nM,8.5,4.11,16592|20904
1082,P24046,IC50,1,5400.0,nM,9.0,5.27,38880
10827,O60840,IC50,1,105400.0,nM,4.0,,91875
10827,P02358,IC50,1,8.0,ug.mL-1,0.0,,107671
10827,P02359,IC50,1,8.0,ug.mL-1,0.0,,107671
10827,P02413,IC50,1,8.0,ug.mL-1,0.0,,107671
10827,P0A7J3,IC50,1,8.0,ug.mL-1,0.0,,107671
10827,P0A7J7,IC50,1,8.0,ug.mL-1,0.0,,107671
10827,P0A7K2,IC50,1,8.0,ug.mL-1,0.0,,107671
10827,P0A7K6,IC50,1,8.0,ug.mL-1,0.0,,107671
10827,P0A7L0,IC50,1,8.0,ug.mL-1,0.0,,107671
10827,P0A7L3,IC50,1,8.0,ug.mL-1,0.0,,107671
10827,P0A7L8,IC50,1,8.0,ug.mL-1,0.0,,107671
10827,P0A7M2,IC50,1,8.0,ug.mL-1,0.0,,107671
10827,P0A7M6,IC50,1,8.0,ug.mL-1,0.0,,107671
10827,P0A7M9,IC50,1,8.0,ug.mL-1,0.0,,107671
10827,P0A7N1,IC50,1,8.0,ug.mL-1,0.0,,107671
10827,P0A7N4,IC50,1,8.0,ug.mL-1,0.0,,107671
10827,P0A7N9,IC50,1,8.0,ug.mL-1,0.0,,107671
10827,P0A7P5,IC50,1,8.0,ug.mL-1,0.0,,107671
10827,P0A7Q1,IC50,1,8.0,ug.mL-1,0.0,,107671
10827,P0A7Q6,IC50,1,8.0,ug.mL-1,0.0,,107671
10827,P0A7R5,IC50,1,8.0,ug.mL-1,0.0,,107671
10827,P0A7R9,IC50,1,8.0,ug.mL-1,0.0,,107671
10827,P0A7S3,IC50,1,8.0,ug.mL-1,0.0,,107671
10827,P0A7S9,IC50,1,8.0,ug.mL-1,0.0,,107671
10827,P0A7T3,IC50,1,8.0,ug.mL-1,0.0,,107671
10827,P0A7T7,IC50,1,8.0,ug.mL-1,0.0,,107671
10827,P0A7U3,IC50,1,8.0,ug.mL-1,0.0,,107671
10827,P0A7U7,IC50,1,8.0,ug.mL-1,0.0,,107671
10827,P0A7V0,IC50,1,8.0,ug.mL-1,0.0,,107671
10827,P0A7V3,IC50,1,8.0,ug.mL-1,0.0,,107671
10827,P0A7V8,IC50,1,8.0,ug.mL-1,0.0,,107671
10827,P0A7W1,IC50,1,8.0,ug.mL-1,0.0,,107671
10827,P0A7W7,IC50,1,8.0,ug.mL-1,0.0,,107671
10827,P0A7X3,IC50,1,8.0,ug.mL-1,0.0,,107671
10827,P0AA10,IC50,1,8.0,ug.mL-1,0.0,,107671
10827,P0ADY3,IC50,1,8.0,ug.mL-1,0.0,,107671
10827,P0ADY7,IC50,1,8.0,ug.mL-1,0.0,,107671
10827,P0ADZ0,IC50,1,8.0,ug.mL-1,0.0,,107671
10827,P0ADZ4,IC50,1,8.0,ug.mL-1,0.0,,107671
10827,P0AG44,IC50,1,8.0,ug.mL-1,0.0,,107671
10827,P0AG48,IC50,1,8.0,ug.mL-1,0.0,,107671
10827,P0AG51,IC50,1,8.0,ug.mL-1,0.0,,107671
10827,P0AG55,IC50,1,8.0,ug.mL-1,0.0,,107671
10827,P0AG59,IC50,1,8.0,ug.mL-1,0.0,,107671
10827,P0AG63,IC50,1,8.0,ug.mL-1,0.0,,107671
10827,P0AG67,IC50,1,8.0,ug.mL-1,0.0,,107671
10827,P0C018,IC50,1,8.0,ug.mL-1,0.0,,107671
10827,P10520,EC50,2,3078.0,nM,8.0,6.01,51887
10827,P60422,IC50,1,8.0,ug.mL-1,0.0,,107671
10827,P60438,IC50,1,8.0,ug.mL-1,0.0,,107671
10827,P60624,IC50,1,8.0,ug.mL-1,0.0,,107671
10827,P60723,IC50,1,8.0,ug.mL-1,0.0,,107671
10827,P61175,IC50,1,8.0,ug.mL-1,0.0,,107671
10827,P62399,IC50,1,8.0,ug.mL-1,0.0,,107671
10827,P68679,IC50,1,8.0,ug.mL-1,0.0,,107671
10827,P68919,IC50,1,8.0,ug.mL-1,0.0,,107671
10827,Q01668,IC50,1,105400.0,nM,4.0,,91875
10827,Q13698,IC50,1,105400.0,nM,4.0,,91875
10827,Q13936,IC50,1,105400.0,nM,4.0,,91875
10827,Q2EEQ2,IC50,1,8.0,ug.mL-1,0.0,,107671
10829,P10520,EC50,1,127.0,nM,8.0,6.9,51887
1084,O75899,EC50,1,1700.0,nM,7.0,5.77,72179
1084,Q9UBS5,EC50,1,1700.0,nM,7.0,5.77,72179
1085,O75899,IC50,1,38000.0,nM,7.0,4.42,55647
1085,P14867,IC50,1,508000.0,nM,7.0,,55647
1085,P18507,IC50,1,508000.0,nM,7.0,,55647
1085,P24046,IC50,2,62000.0,nM,9.0,4.21,44425|55647
1085,P47870,IC50,1,508000.0,nM,7.0,,55647
1085,Q9UBS5,IC50,1,38000.0,nM,7.0,4.42,55647
10860,O60840,IC50,1,88800.0,nM,4.0,4.05,91875
10860,P0AES4,IC50,1,0.25,ug.mL-1,7.0,,17612
10860,P0AES6,IC50,1,0.25,ug.mL-1,7.0,,17612
10860,Q01668,IC50,1,88800.0,nM,4.0,4.05,91875
10860,Q12809,IC50,2,30351.34,nM,9.0,4.52,16592|20904
10860,Q13698,IC50,1,88800.0,nM,4.0,4.05,91875
10860,Q13936,IC50,1,88800.0,nM,4.0,4.05,91875
10891,P41587,EC50,1,0.19,nM,9.0,9.72,76451
10892,P04150,EC50,1,0.49,nM,9.0,9.31,59145
10892,P04150,Emax,1,102.0,%,9.0,,48046
10892,P04150,IC50,1,0.03981,nM,9.0,10.4,48046
10893,O35956,IC50,1,2000000.0,nM,8.0,,64697
10893,Q5RLM2,IC50,1,5000000.0,nM,8.0,,64083
10893,Q9R1U7,IC50,1,800000.0,nM,8.0,,64697
10893,Q9Y694,IC50,1,4680000.0,nM,8.0,,64083
10896,P46059,IC50,1,10000000.0,nM,8.0,,64667
10897,P10520,EC50,2,75232.5,nM,8.0,6.33,51887
10897,P46059,IC50,1,8200000.0,nM,8.0,,64514
10897,Q9GZU7,IC50,1,7184.0,nM,8.0,5.14,51887
10898,O14727,EC50,2,54540.0,nM,8.0,5.04,51887
10898,P46059,IC50,1,10000000.0,nM,8.0,,64740
10898,P63165,IC50,2,34040.0,nM,9.0,,51887
10898,Q63424,IC50,1,3200000.0,nM,8.0,,64740
10901,P10520,EC50,1,973.0,nM,8.0,6.01,51887
10902,P0A0K8,IC50,1,5.0,ug.mL-1,7.0,,21397
10902,P0AES4,IC50,2,102.65,nM|ug.mL-1,7.0,6.7,11870|31810
10902,P0AES6,IC50,2,102.65,nM|ug.mL-1,7.0,6.7,11870|31810
10902,P0C1U9,IC50,1,5.0,ug.mL-1,9.0,,21397
10902,P20831,IC50,1,5.0,ug.mL-1,7.0,,21397
10902,Q96LB1,EC50,2,31622.78,nM,9.0,,131050
10903,P08183,IC50,7,23800.0,nM,8.0,4.62,64447
10903,P10520,EC50,1,60.0,nM,8.0,,51887
10907,P23978,IC50,1,220000.0,nM,5.0,,7985
10907,P31646,IC50,1,220000.0,nM,5.0,,7985
10907,P31647,IC50,1,220000.0,nM,5.0,,7985
10907,P48056,IC50,1,220000.0,nM,5.0,,7985
10908,P31749,IC50,1,20.0,nM,9.0,7.7,124766
10908,P31751,IC50,1,20.0,nM,9.0,7.7,124766
10911,Q96LB1,EC50,2,31622.78,nM,9.0,,131050
10914,O60840,IC50,1,177900.0,nM,4.0,,91875
10914,Q01668,IC50,1,177900.0,nM,4.0,,91875
10914,Q13698,IC50,1,177900.0,nM,4.0,,91875
10914,Q13936,IC50,1,177900.0,nM,4.0,,91875
10915,O60840,IC50,1,173000.0,nM,4.0,,91875
10915,P15382,IC50,2,278298.245,nM,6.0,,91843
10915,P51787,IC50,2,278298.245,nM,6.0,,91843
10915,Q01668,IC50,1,173000.0,nM,4.0,,91875
10915,Q12809,IC50,4,123244.88,nM,8.0,4.1,16592|20904|91843
10915,Q13698,IC50,1,173000.0,nM,4.0,,91875
10915,Q13936,IC50,3,173000.0,nM,8.0,,91843|91874|91875
10915,Q14524,IC50,2,145499.68,nM,8.5,4.4,91843
10915,Q96LB1,EC50,2,31622.78,nM,9.0,,131050
10916,C4YTQ8,EC50,1,150000.0,nM,8.0,,51887
10916,P10520,EC50,2,241.5,nM,8.0,6.37,51887
10917,P10520,EC50,2,77912.5,nM,8.0,5.24,51887
10918,P10520,EC50,1,3694.0,nM,8.0,5.43,51887
10918,Q96LB1,EC50,2,31622.78,nM,9.0,,131050
10919,P63073,IC50,1,50000.0,nM,8.0,,51887
10921,O60840,IC50,1,1226000.0,nM,4.0,,91875
10921,Q01668,IC50,1,1226000.0,nM,4.0,,91875
10921,Q13698,IC50,1,1226000.0,nM,4.0,,91875
10921,Q13936,IC50,1,1226000.0,nM,4.0,,91875
10927,P07900,IC50,1,22447.4,nM,5.0,4.65,51887
10927,P08238,IC50,1,22447.4,nM,5.0,4.65,51887
10927,P0AEY8,IC50,1,13200.0,nM,8.0,4.88,12175
10927,P35236,IC50,1,8330.0,nM,9.0,5.08,51887
10931,P13922,IC50,1,136500.0,nM,8.0,,16871
10931,Q5QD14,EC50,1,10000.0,nM,9.0,,103623
10933,P04993,IC50,1,118559.0,nM,6.0,,51887
10933,P07648,IC50,1,118559.0,nM,6.0,,51887
10933,P08394,IC50,1,118559.0,nM,6.0,,51887
10936,P31941,IC50,1,29600.0,nM,9.0,4.53,51887
10936,Q9HC16,IC50,1,69300.0,nM,9.0,4.16,51887
10973,O61059,IC50,1,769.0,nM,9.0,6.11,91873
10973,O97467,IC50,1,873.0,nM,8.0,6.06,91873
10973,P11166,IC50,1,1004.0,nM,8.0,6.0,91873
11,P28222,EC50,1,10000.0,nM,8.0,,10639
11,P28564,EC50,1,56.0,nM,8.0,7.25,10639
11,P28565,EC50,1,10000.0,nM,8.0,,10639
11024,P21462,EC50,3,400.0,nM,9.0,6.4,119149|123804|129212
11024,P25090,EC50,3,5.0,nM,9.0,8.3,119149|123804|129212
11024,P25090,IC50,1,7.5,nM,9.0,8.12,123804
11024,P33766,EC50,1,500.0,nM,9.0,6.3,119149
11025,P34998,IC50,1,79.43,nM,9.0,7.1,30163
11052,P10275,IC50,1,9700.0,nM,9.0,5.01,48045
11052,Q9GZU7,IC50,1,9933.0,nM,8.0,5.0,51887
11052,Q9H0H5,IC50,1,44490.0,nM,9.0,,51887
11065,K9N7C7,IC50,1,10000.0,nM,8.0,,115086
11065,P0DTD1,IC50,1,840.0,nM,9.0,6.08,115086
11069,C4YTQ8,EC50,1,1725.0,nM,8.0,5.76,51887
11069,P10520,EC50,2,75101.0,nM,8.0,6.7,51887
11069,P25929,EC50,1,9796.0,nM,9.0,5.01,51887
11069,P43367,IC50,1,3733.58,nM,9.0,5.43,51887
11069,P49146,EC50,1,11810.0,nM,9.0,,51887
11069,P49327,IC50,2,6735.0,nM,9.0,,51887
11069,P61956,IC50,2,12145.0,nM,9.0,,51887
11069,P63073,IC50,1,17937.35,nM,8.0,,51887
11069,P63165,IC50,2,22250.0,nM,9.0,,51887
11069,P9WHJ3,EC50,1,7270.0,nM,8.0,5.14,51887
11069,Q07820,IC50,1,14833.2,nM,9.0,4.83,51887
11074,P07550,EC50,1,5200.0,nM,9.0,5.28,120430
11081,Q14330,EC50,1,562.0,nM,9.0,6.25,128847
11081,Q14330,Emax,2,147.5,%,9.0,,128847
11081,Q9Y2T6,IC50,1,10000.0,nM,9.0,,119359
11083,P21554,IC50,1,10000.0,nM,9.0,,116112
11083,P34972,IC50,1,10000.0,nM,9.0,,116112
11087,O61059,IC50,1,81.0,nM,9.0,7.09,91873
11087,O97467,IC50,1,90.0,nM,8.0,7.05,91873
11087,P08183,IC50,7,35100.0,nM,8.0,5.029999999999999,64447
11087,P11166,IC50,1,108.0,nM,8.0,6.97,91873
11087,Q9HC97,IC50,1,352.52,nM,9.0,6.45,128647
11090,P08183,IC50,4,2400.0,nM,8.0,5.66,17494|64441
11090,P15382,IC50,1,79432.82,nM,6.0,4.1,91843
11090,P21447,IC50,2,2300.0,nM,8.0,5.64,17494
11090,P51787,IC50,1,79432.82,nM,6.0,4.1,91843
11090,Q12809,IC50,3,501187.23,nM,8.0,4.9,91843
11090,Q14524,IC50,2,290310.025,nM,8.5,4.1,91843
11090,Q63089,IC50,1,21800.0,nM,8.0,4.66,64724
11090,Q9UK17,IC50,1,5011872.34,nM,8.0,,91843
11090,Q9UNQ0,IC50,1,12500.0,nM,8.0,4.9,64298
11093,Q6RI86,EC50,2,17180.0,nM,9.0,5.84,51267
11094,Q6RI86,EC50,2,2050.0,nM,9.0,5.8149999999999995,51267|58926
11094,Q6RI86,Emax,1,99.9,%,9.0,,58926
11094,Q6RI86,IC50,1,13000.0,nM,9.0,4.89,58926
11094,Q8NER1,EC50,1,1300.0,nM,9.0,5.89,58926
11094,Q8NER1,Emax,1,33.8,%,9.0,,58926
11094,Q8NER1,IC50,1,2600.0,nM,9.0,5.58,58926
11094,Q8R455,IC50,1,160.0,nM,9.0,6.8,58926
11094,Q9WUD2,EC50,1,1700.0,nM,9.0,5.77,58926
11094,Q9WUD2,Emax,1,73.6,%,9.0,,58926
11094,Q9WUD2,IC50,1,1500.0,nM,9.0,5.82,58926
11112,P41595,EC50,2,29650.0,nM,9.0,4.665,116420
11135,P37231,EC50,1,410.0,nM,9.0,6.39,131267
11135,Q03181,EC50,1,210.0,nM,9.0,6.68,131267
11135,Q07869,EC50,1,130.0,nM,9.0,6.89,131267
11137,Q03181,EC50,1,1.9,nM,9.0,8.72,36049
11149,P34972,EC50,2,25.675,nM,9.0,8.24,112337|38328
11153,P29274,EC50,1,725.1,nM,9.0,6.14,124210
11153,P29274,IC50,1,298.8,nM,9.0,6.53,124210
11154,P29274,IC50,1,7.5,nM,9.0,8.12,129386
11154,P29275,IC50,1,31.4,nM,9.0,7.5,129386
11154,P30542,IC50,1,87.3,nM,9.0,7.06,129386
11169,P30518,EC50,2,3900.0,nM,9.0,5.5649999999999995,108525
11169,P30518,Emax,2,55.5,%,9.0,,108525
11169,P30559,EC50,3,10.0,nM,9.0,7.695,108525|112868
11169,P30559,Emax,3,57.0,%,9.0,,108525|112868
11169,P47901,EC50,1,27000.0,nM,9.0,4.57,108525
11169,P47901,Emax,1,75.0,%,9.0,,108525
11169,P97926,EC50,1,62.0,nM,9.0,7.21,108525
11169,P97926,Emax,1,85.0,%,9.0,,108525
11171,P0DTD1,IC50,1,4360.0,nM,9.0,5.36,115086
11178,P35991,IC50,1,130.0,nM,9.0,6.89,118344
11178,Q06187,IC50,10,10000.0,nM,9.0,7.08,128650
11184,P09874,IC50,1,1.4,nM,9.0,8.85,131266
11184,Q9UGN5,IC50,1,1.0,nM,9.0,9.0,131266
11195,O14842,IC50,1,100000.0,nM,9.0,,101268
11195,Q5NUL3,EC50,1,234.42,nM,9.0,6.63,101268
11195,Q5NUL3,Emax,1,130.0,%,9.0,,101268
11195,Q7TMA4,EC50,1,147.91,nM,9.0,6.83,101268
11197,Q9BXC0,EC50,1,74.0,nM,9.0,7.13,115973
11208,Q8CIM5,EC50,1,4270.0,nM,9.0,5.37,118719
11208,Q9NQS5,EC50,12,2070.0,nM,9.0,5.720000000000001,104572|111475
11208,Q9NQS5,Emax,1,125.0,%,9.0,,104572
11209,P10520,EC50,1,1671.0,nM,8.0,5.78,51887
11209,Q9NQS5,EC50,7,421.0,nM,9.0,6.38,104572|111475|127082
11209,Q9NQS5,Emax,1,86.0,%,9.0,,104572
11210,Q9NQS5,EC50,3,12.0,nM,9.0,7.92,118719|127082
11211,Q8CIM5,EC50,3,26.3,nM,9.0,7.58,118719
11211,Q9NQS5,EC50,12,28.17,nM,9.0,7.55,111475|118719|129369|99851
11211,Q9NQS5,Emax,4,100.0,%,9.0,,129369
11212,Q9NQS5,EC50,5,0.2042,nM,9.0,9.69,129369|99851
11212,Q9NQS5,Emax,3,108.0,%,9.0,,129369
11213,Q9NQS5,EC50,7,33.0,nM,9.0,7.48,118719|127082|129369
11213,Q9NQS5,Efficacy,2,56.0,%,9.0,,127082
11213,Q9NQS5,Emax,2,134.0,%,9.0,,129369
11221,P30542,EC50,2,0.6000000000000001,nM,9.0,9.48,82261|93343
11221,P30542,Emax,1,97.0,%,9.0,,93343
11224,P29275,IC50,1,66000000000.0,nM,9.0,,123445
11231,P47824,IC50,1,9.4,nM,9.0,8.03,16282
11231,P49652,IC50,1,100000.0,nM,9.0,4.0,16282
11231,P49653,IC50,1,11900.0,nM,9.0,4.92,16282
11231,P49654,IC50,1,140.0,nM,9.0,6.85,16282
11235,Q9GZQ6,EC50,1,3520.0,nM,9.0,5.45,89495
11235,Q9GZQ6,Emax,1,68.0,%,9.0,,89495
11243,P15382,IC50,2,183173.245,nM,6.0,4.3,91843
11243,P51787,IC50,2,183173.245,nM,6.0,4.3,91843
11243,Q12809,IC50,3,100000.0,nM,8.0,4.1,91843
11243,Q13936,IC50,1,1584893.19,nM,9.0,,91843
11243,Q14524,IC50,2,69905.36,nM,8.5,4.2,91843
11243,Q9UK17,IC50,1,100000.0,nM,8.0,4.0,91843
11252,Q16581,EC50,1,1995.26,nM,9.0,5.7,36569
11262,O08790,EC50,1,2100.0,nM,9.0,5.68,92683
11262,O08790,Efficacy,1,80.0,%,9.0,,92683
11283,P43088,IC50,1,11.0,nM,9.0,7.96,117379
11287,Q72547,EC50,4,128.5,nM,9.0,6.970000000000001,31411
11287,Q72547,IC50,2,25.5,nM,8.5,7.865,15447|6414
11288,P08908,EC50,1,1050.0,nM,9.0,5.98,113636
11291,P28223,EC50,9,19.95,nM,9.0,8.19,115677|121276|121765|123766|124250|127116|30060
11291,P28223,Emax,3,89.0,%,9.0,,115677|121276|127116
11291,P28335,EC50,1,30.0,nM,9.0,7.52,30060
11291,P35363,EC50,2,9.836,nM,9.0,8.004999999999999,115677
11291,P35363,Emax,1,72.0,%,9.0,,115677
11291,P41595,EC50,1,58.0,nM,9.0,7.24,30060
11298,P28223,IC50,1,1300.0,nM,9.0,5.89,108605
11316,Q9HBW0,EC50,1,0.00506,nM,9.0,,90687
11316,Q9HBW0,Emax,1,124.0,%,9.0,,90687
11323,P00519,IC50,1,6594.0,nM,4.0,5.18,51887
11323,P06492,IC50,1,13136.0,nM,8.0,,51887
11323,P54149,EC50,1,3637.0,nM,8.0,5.44,51887
11323,P86926,IC50,1,3510.0,nM,8.0,5.46,51887
11323,Q13671,IC50,1,6594.0,nM,4.0,5.18,51887
11323,Q9Y5X4,IC50,1,12077.0,nM,9.0,,51887
1133,P43220,EC50,10,0.6699999999999999,nM,9.0,8.879999999999999,113161|124688|129417|76681|93472
1133,P43220,Emax,6,108.0,%,9.0,,124688
11337,Q9UNW8,EC50,1,3920.0,nM,9.0,5.41,128861
1134,O35659,EC50,1,0.0009,nM,9.0,,105877
1134,P43220,EC50,18,0.07050000000000001,nM,9.0,9.0,104678|105877|112218|123554|123561|124103|127043|127360|129417|45870|75951|76681
1134,P43220,Emax,5,100.0,%,9.0,,112218|127043
1134,P47871,EC50,2,50.0005,nM,9.0,,105877|127360
1134,Q61606,EC50,1,10000.0,nM,9.0,,105877
11355,P21556,IC50,1,200000.0,nM,8.0,,13299
11371,Q9GZV3,IC50,2,7963.495,nM,8.0,,51887
11384,P36544,EC50,1,1995.26,nM,9.0,5.7,46110
11384,P36544,Emax,1,71.0,%,9.0,,46110
11385,P36544,EC50,1,3000.0,nM,9.0,5.52,45299
11385,Q05941,EC50,1,1600.0,nM,9.0,5.8,59470
11385,Q05941,Emax,1,77.0,%,9.0,,59470
114,P28221,EC50,4,1.1,nM,8.0,8.96,14159|14499|14956|15332
114,P28221,Efficacy,3,88.0,%,8.0,,14159|14499|14956
114,P28222,EC50,1,430.0,nM,8.0,6.37,14956
114,P28222,Efficacy,1,71.0,%,8.0,,14956
1140,O95838,EC50,1,0.06,nM,9.0,10.22,109393
1140,P43220,EC50,1,200.0,nM,9.0,,109393
11423,Q96LA8,IC50,5,10000.0,nM,9.0,6.135,128650
11437,P31424,EC50,1,235.0,nM,9.0,6.63,112218
11447,O43613,EC50,2,35740.67,nM,9.0,4.44,121453|128222
11447,O43614,EC50,2,5.274,nM,9.0,8.28,121453|128222
11448,O43613,EC50,3,30000.0,nM,9.0,,121453|122065|123691
11448,O43614,EC50,4,5.5,nM,9.0,5.26,121453|122065|123678|123691
11452,Q15077,IC50,3,4300.0,nM,9.0,5.37,120390|128227
11454,P30518,EC50,2,2665.135,nM,9.0,5.575,58652
11454,P30518,Efficacy,1,70.0,%,9.0,,58652
11454,P30559,EC50,2,551.1995,nM,9.0,7.289999999999999,58652
11454,P30559,Efficacy,1,70.0,%,9.0,,58652
11454,P30560,EC50,2,0.54975,nM,9.0,9.26,58652
11454,P37288,EC50,2,2.3994999999999997,nM,9.0,8.62,58652
11454,P47901,EC50,2,339.41999999999996,nM,9.0,6.47,58652
11456,O61059,IC50,1,12000.0,nM,9.0,,91873
11456,O77239,IC50,1,1000.0,nM,9.0,,84179
11456,O96214,IC50,1,1000.0,nM,9.0,,84179
11456,O97467,IC50,1,12000.0,nM,8.0,,91873
11456,P11166,IC50,1,12000.0,nM,8.0,,91873
11456,P62344,IC50,1,1000.0,nM,9.0,,84179
11456,Q25917,IC50,1,1000.0,nM,9.0,,84179
11456,Q8I5R7,IC50,1,2500.0,nM,8.0,,84179
11456,Q8IBS5,IC50,1,1000.0,nM,8.0,,84179
11456,Q8IDJ8,IC50,1,2500.0,nM,8.0,,84179
11467,P29474,IC50,2,300.0,nM,8.0,6.52,4740|4741
11467,P29476,IC50,2,100.0,nM,8.0,7.0,4740|4741
11467,P35228,IC50,3,300.0,nM,8.0,6.52,4740|4741
1148,P47871,IC50,1,129.0,nM,9.0,6.89,20849
11498,P08173,EC50,1,54.0,nM,9.0,7.27,39375
11498,P08173,IC50,1,1000.0,nM,9.0,,39375
11498,P25089,IC50,1,5760.74,nM,9.0,5.24,128647
11498,Q5NUL3,EC50,1,1306.47,nM,9.0,5.88,128647
11498,Q9HC97,IC50,1,4111.59,nM,9.0,5.39,128647
11504,P08183,IC50,1,1700.0,nM,8.0,5.77,64423
11514,P46095,EC50,2,19031.55,nM,9.0,5.8100000000000005,119681|121783
11529,Q86U44,IC50,2,768.45,nM,9.0,6.795,131266|131267
11529,Q8C3P7,IC50,1,2810.0,nM,9.0,5.55,131267
11532,O14842,EC50,2,12.0,nM,9.0,7.92,119302|128248
11532,O14842,Emax,1,108.0,%,9.0,,119302
11541,Q03111,IC50,1,25.0,nM,9.0,7.6,131266
11571,O60840,IC50,1,246700.0,nM,4.0,,91875
11571,P15382,IC50,1,25118.86,nM,6.0,4.6,91843
11571,P51787,IC50,1,25118.86,nM,6.0,4.6,91843
11571,Q01668,IC50,1,246700.0,nM,4.0,,91875
11571,Q12809,IC50,3,1584893.19,nM,8.0,,91843
11571,Q13698,IC50,1,246700.0,nM,4.0,,91875
11571,Q13936,IC50,1,246700.0,nM,4.0,,91875
11571,Q14524,IC50,2,950560.48,nM,8.5,,91843
11571,Q9UK17,IC50,1,5011872.34,nM,8.0,,91843
11597,P41597,IC50,2,1.7000000000000002,nM,9.0,8.844999999999999,121261
11597,P51681,IC50,2,17.900000000000002,nM,9.0,8.21,121261
11598,P41597,IC50,1,0.7,nM,9.0,9.15,121261
11610,P19793,EC50,1,11800.0,nM,9.0,4.93,52276
11610,P21554,EC50,1,10000.0,nM,9.0,,72246
11610,P21554,Efficacy,1,168.0,%,9.0,,72246
11610,P34972,Efficacy,1,0.0,%,9.0,,72246
11610,P87108,IC50,1,48800.0,nM,9.0,4.31,51887
11610,Q9GZV3,IC50,1,12022.64,nM,8.0,,51887
11611,P22002,IC50,1,270.0,nM,9.0,6.57,94011
11614,Q14416,EC50,2,279.0,nM,9.0,6.595000000000001,21247
11614,Q14832,IC50,3,2940.0,nM,9.0,5.53,21247|73670
11619,P05622,IC50,2,85.0,nM,6.5,7.0,17433
11619,P26618,IC50,2,85.0,nM,6.5,7.0,17433
11656,P09960,IC50,1,50000.0,nM,8.0,,15814
11663,Q5S006,IC50,8,5.995,nM,9.0,8.225,131014
11685,Q6DWJ6,EC50,2,22.0,nM,9.0,7.66,119675|120090
11685,Q6DWJ6,Emax,1,100.0,%,9.0,,127962
11687,P50750,IC50,2,615.0,nM,9.0,6.275,128650
11688,Q3UHJ0,EC50,1,8300.0,nM,9.0,5.08,120827
11689,Q05769,IC50,2,1209.5,nM,9.0,6.54,120101
11691,P41145,EC50,3,0.3,nM,9.0,9.52,20432|39474|44416
11693,P07550,EC50,1,1438.21,nM,9.0,5.84,128647
11693,P08913,EC50,1,1060.0,nM,9.0,5.97,128647
11693,P21453,IC50,1,10000.0,nM,9.0,,128647
11693,P25090,IC50,1,10000.0,nM,9.0,,128647
11693,P30556,EC50,1,1259.37,nM,9.0,5.9,128647
11693,P32249,IC50,1,10000.0,nM,9.0,,128647
11693,P35414,EC50,1,10000.0,nM,9.0,,128647
11693,P43220,EC50,1,2265.15,nM,9.0,5.64,128647
11693,P49238,EC50,1,17564.2,nM,9.0,4.75,128647
11693,Q5NUL3,EC50,1,1210.33,nM,9.0,5.92,128647
11693,Q5T601,EC50,1,2041.85,nM,9.0,5.69,128647
11693,Q8TDV5,EC50,1,553.25,nM,9.0,6.26,128647
11693,Q9HC97,EC50,1,10000.0,nM,9.0,,128647
11694,P35372,EC50,1,2.15,nM,9.0,8.67,66619
11694,P35372,Emax,1,125.0,%,9.0,,66619
11694,P41143,EC50,1,0.27,nM,8.0,9.57,66619
11694,P41143,Emax,1,85.0,%,8.0,,66619
11706,P0DMS8,EC50,1,11.3,nM,9.0,7.95,121538
11706,P0DMS8,Emax,1,83.9,%,9.0,,121538
11739,P08183,IC50,2,4625.0,nM,8.0,5.335,64688|64769
11741,P06795,IC50,1,5000.0,nM,8.0,5.3,5321
11741,P33527,IC50,1,5180.0,nM,8.0,5.29,5321
11743,P00533,IC50,1,50000.0,nM,8.0,,15262
11743,P09619,IC50,1,28400.0,nM,8.0,4.55,15262
11743,P11362,IC50,2,11400.0,nM,8.5,5.125,15262|15694
11743,P35968,IC50,1,50.0,nM,8.0,7.3,15262
11745,P08183,EC50,2,260.0,nM,8.0,6.675,64475
11745,P08183,IC50,4,200.5,nM,8.0,6.75,64441|64566|64823
1175,Q96LB1,EC50,2,31622.78,nM,9.0,,131050
11756,P10635,IC50,1,20000.0,nM,9.0,,121547
1179,P21462,IC50,1,6029.7,nM,9.0,5.22,128647
1179,P25089,IC50,1,10000.0,nM,9.0,,128647
1179,P30968,IC50,1,1000.0,nM,9.0,6.0,109644
1179,P32249,IC50,1,3754.81,nM,9.0,5.42,128647
1179,Q8TDV5,IC50,1,4423.95,nM,9.0,5.35,128647
11836,P35414,EC50,1,0.06,nM,9.0,10.22,122532
11837,P35414,EC50,1,0.027,nM,9.0,10.57,121194
11837,Q9JHG3,EC50,1,0.035,nM,9.0,10.46,121194
11838,P35414,EC50,3,0.023,nM,9.0,10.64,120120|120483
11838,Q9JHG3,EC50,2,0.024,nM,9.0,10.62,120120|120483
1184,P30968,IC50,2,2.8059999999999996,nM,9.0,8.760000000000002,109644|31350
1185,P30968,IC50,5,1.9,nM,9.0,8.72,16943|58231
11852,P35414,EC50,3,31.0,nM,9.0,8.305,121850
11852,P35414,Emax,3,70.0,%,9.0,,121850
11853,P35414,EC50,3,5.0,nM,9.0,8.3,121850
11853,P35414,Emax,3,55.0,%,9.0,,121850
1188,P30968,IC50,1,3.5,nM,8.0,8.46,16291
1190,P30968,IC50,1,4.2,nM,8.0,8.38,16291
1190,Q96LB1,EC50,2,714.715,nM,9.0,6.15,131050
11900,Q13304,IC50,1,30000.0,nM,9.0,,108455
11902,O43193,EC50,1,5.3,nM,9.0,8.28,124058
11906,Q8TDU9,EC50,1,2.7,nM,9.0,8.57,121623
11906,Q8TDU9,Emax,1,97.0,%,9.0,,121623
11906,Q9NSD7,EC50,2,7.7,nM,9.0,8.21,121623
11906,Q9NSD7,Emax,2,67.0,%,9.0,,121623
11927,P43220,EC50,6,9.5,nM,9.0,8.035,122491
11927,P43220,Emax,6,89.5,%,9.0,,122491
1193,P31389,EC50,1,147910838816820.72,nM,9.0,,13310
11936,Q99788,EC50,1,440.0,nM,9.0,6.36,124455
11938,P21728,EC50,1,16.4,nM,9.0,7.79,111260
11938,P21728,Emax,1,5.0,%,9.0,,122712
11938,P41595,EC50,1,1000.0,nM,9.0,6.0,122712
11938,Q8BLD9,EC50,1,1800.0,nM,9.0,5.75,122712
11938,Q8BLD9,Emax,1,73.0,%,9.0,,122712
1194,P31389,EC50,1,398107170553496.94,nM,9.0,,13310
1194,P31389,Emax,4,80.5,%,9.0,,2777
1194,P35367,EC50,1,199.53,nM,9.0,6.7,54229
1194,Q9H3N8,EC50,1,10000.0,nM,9.0,5.0,54229
11942,P14867,EC50,1,260.0,nM,7.0,6.58,13922
11942,P14867,Efficacy,1,0.8,,7.0,,13922
11942,P18507,EC50,1,260.0,nM,7.0,6.58,13922
11942,P18507,Efficacy,1,0.8,,7.0,,13922
11942,P47870,EC50,1,260.0,nM,7.0,6.58,13922
11942,P47870,Efficacy,1,0.8,,7.0,,13922
11943,P25095,EC50,1,11.0,nM,9.0,7.96,114464
11943,P25095,Emax,1,10.3,%,9.0,,114464
11943,P30556,EC50,1,10000.0,nM,9.0,,114464
11944,P25095,EC50,1,10000.0,nM,9.0,,114464
11944,P30556,EC50,1,10000.0,nM,9.0,,114464
11951,Q13258,IC50,1,520.0,nM,9.0,6.28,102313
1196,P31389,EC50,1,389045144994280.5,nM,9.0,,13310
11976,P35367,IC50,2,435.98,nM,9.0,7.529999999999999,65840
1198,P47747,EC50,1,97.72,nM,9.0,7.01,45869
1198,P47747,Emax,1,100.0,%,9.0,,45869
1199,P47747,EC50,1,33.88,nM,9.0,7.47,45869
1199,P47747,Emax,1,100.0,%,9.0,,45869
11994,P9WHJ3,EC50,1,2950.0,nM,8.0,5.53,51887
1200,P47747,EC50,1,30.9,nM,9.0,7.51,45869
1200,P47747,Emax,1,101.0,%,9.0,,45869
1201,P47747,EC50,1,645.65,nM,9.0,6.19,45869
1201,P47747,Emax,1,64.0,%,9.0,,45869
12017,P32240,IC50,1,24.3,nM,9.0,7.61,124686
12017,P34995,IC50,1,10000.0,nM,9.0,,124686
12017,P35408,IC50,3,4.3,nM,9.0,8.37,124686
12017,P43115,IC50,1,10000.0,nM,9.0,,124686
12017,P43116,IC50,1,10000.0,nM,9.0,,124686
1202,P47747,EC50,1,204.17,nM,9.0,6.69,45869
1202,P47747,Emax,1,76.0,%,9.0,,45869
12021,P0AES4,IC50,1,0.25,ug.mL-1,7.0,,17612
12021,P0AES6,IC50,1,0.25,ug.mL-1,7.0,,17612
12021,Q9UNQ0,IC50,1,25000.0,nM,8.0,4.6,64367
12023,P24666,IC50,2,20550.0,nM,9.0,,51887
12023,P63165,IC50,2,36425.0,nM,9.0,,51887
12023,Q63424,IC50,1,10000000.0,nM,8.0,,64740
12023,Q9GZU7,IC50,1,4480.0,nM,8.0,5.35,51887
12025,O35956,IC50,1,298000.0,nM,8.0,,64182
12025,Q5RLM2,IC50,1,1620000.0,nM,8.0,,64083
12025,Q9Y694,IC50,1,1330000.0,nM,8.0,,64083
12026,P10828,EC50,1,200.0,nM,9.0,6.7,131267
1203,P31389,EC50,3,120.23,nM,9.0,6.92,15847
1203,P31389,Emax,3,85.0,,9.0,,15847
1203,P31390,EC50,1,169.82,nM,8.0,6.77,15847
1203,P31390,Emax,2,53.0,,8.0,,15847
12034,O76082,IC50,1,64000000.0,nM,8.0,,64742
12038,Q96RI0,EC50,1,0.45,nM,9.0,9.35,97147
12038,Q96RI0,IC50,3,2.1,nM,9.0,8.68,121328|124212|97147
1205,P31389,EC50,3,77.62,nM,9.0,7.11,15847
1205,P31389,Emax,4,89.0,%,9.0,,15847|17326
1205,P31390,EC50,1,158.49,nM,8.0,6.8,15847
1205,P31390,Emax,2,58.0,,8.0,,15847
12058,Q6B856,IC50,5,5300.0,nM,5.0,5.28,14023|14163|15490|21117
12058,Q862F3,IC50,4,7550.0,nM,5.0,5.215,14023|14163|15490
12058,Q862L2,IC50,3,12000.0,nM,5.0,4.92,14023|14163
12064,O35659,EC50,1,20000.0,nM,9.0,,124688
12064,P32301,EC50,1,20000.0,nM,9.0,,124688
12064,P43220,EC50,15,132.0,nM,9.0,6.88,124688|127043|127729|129831|130105
12064,P43220,Emax,13,77.0,%,9.0,,124688|127043|129831
12065,P07550,EC50,1,0.1,nM,9.0,10.0,48567
12065,P08588,EC50,1,0.6,nM,9.0,9.22,48567
12100,P25025,IC50,1,4.0,nM,9.0,8.4,128289
12110,P48067,IC50,1,5.0,nM,9.0,8.3,131267
12120,Q9NSD7,IC50,3,4520.0,nM,9.0,5.34,124671
12150,P29274,EC50,2,54.95,nM,9.0,8.005,123552
12151,Q7TQN8,EC50,1,33.0,nM,9.0,7.48,57553
12151,Q8TDV5,EC50,3,23.0,nM,9.0,7.64,128647|57553
12151,Q8TDV5,Emax,1,89.0,%,9.0,,57553
12152,Q96LB1,IC50,1,2.512,nM,9.0,8.6,123409
12165,Q8K4Z4,IC50,2,0.07943,nM,9.0,10.1,123543|128841
12165,Q8VH26,IC50,1,0.1995,nM,9.0,9.7,123543
12170,P21728,EC50,1,60.0,nM,9.0,7.22,123151
12170,P21728,Emax,1,55.0,%,9.0,,123151
12175,O35659,EC50,1,300.0,nM,9.0,6.52,111805
12175,O35659,Emax,1,100.0,%,9.0,,111805
12175,P43220,EC50,2,300.6,nM,9.0,7.57,111805|130361
12175,P43220,Emax,1,91.0,%,9.0,,111805
1218,Q9QYN8,EC50,2,17.39,nM,9.0,7.76,37121
1218,Q9Y5N1,EC50,2,1.2890000000000001,nM,9.0,8.89,37121
1218,Q9Y5N1,IC50,1,0.63,nM,9.0,9.2,44709
12183,P15382,IC50,1,316227.77,nM,6.0,,91843
12183,P51787,IC50,1,316227.77,nM,6.0,,91843
12183,Q12809,IC50,2,6477577.345,nM,8.0,,91843
12183,Q13936,IC50,1,1995.26,nM,8.0,5.7,91843
12183,Q14524,IC50,1,1584893.19,nM,8.0,,91843
12189,O76082,IC50,1,230000.0,nM,8.0,,64742
12189,Q4U2R8,IC50,1,1250000.0,nM,8.0,,64121
12189,Q5RLM2,IC50,1,5000000.0,nM,8.0,,64083
12189,Q9Y694,IC50,1,4480000.0,nM,8.0,,64083
12207,O88410,IC50,1,1.79,nM,9.0,8.75,123547
12207,P49682,IC50,5,3.4,nM,9.0,8.47,123547
1221,P47747,EC50,1,9.772,nM,9.0,8.01,45869
1221,P47747,Emax,1,100.0,%,9.0,,45869
12210,O35956,IC50,1,450000.0,nM,8.0,,64697
12210,Q5RLM2,IC50,1,3180000.0,nM,8.0,,64083
12210,Q9R1U7,IC50,1,90000.0,nM,8.0,4.05,64697
12210,Q9Y694,IC50,1,1570000.0,nM,8.0,,64083
1223,P58406,EC50,1,1.7,nM,9.0,8.77,47713
1223,P58406,IC50,1,1.0,nM,9.0,9.0,53396
1223,Q91ZY2,EC50,1,851.14,nM,9.0,6.07,111213
1223,Q9H3N8,EC50,1,22.39,nM,9.0,7.65,111213
1223,Q9Y5N1,IC50,4,1.075,nM,9.0,8.969999999999999,119524|120247|53396|75414
1224,O35505,IC50,2,228000.0,nM,9.0,,91842|91874
1224,Q12809,IC50,1,5200.0,nM,8.0,5.28,91842
1224,Q14524,IC50,1,41000.0,nM,9.0,4.39,91842
1224,Q63089,IC50,1,24000.0,nM,8.0,4.62,64257
1224,Q9R0W2,IC50,1,32000.0,nM,8.0,4.5,64257
12254,O35956,IC50,1,718000.0,nM,8.0,,64182
1226,P47747,EC50,1,19.95,nM,9.0,7.7,45869
1226,P47747,Emax,1,100.0,%,9.0,,45869
1226,Q9H3N8,EC50,1,25.12,nM,9.0,7.6,54229
12283,P30968,IC50,1,15.0,nM,8.0,7.82,94888
123,P35363,EC50,1,18.01,nM,9.0,,51887
123,P35372,EC50,1,92470.0,nM,9.0,,51887
123,Q96RJ0,EC50,1,7627.0,nM,8.0,5.12,51887
123,Q96RJ0,IC50,1,4577.0,nM,8.0,5.34,51887
12301,P08173,EC50,3,630.96,nM,9.0,6.2,101983|107643
12301,P08173,Emax,1,56.4,%,9.0,,101983
12301,P08485,EC50,3,17.8,nM,9.0,7.75,101983|107615
12301,P08485,Emax,1,68.1,%,9.0,,101983
12305,P08482,EC50,1,250.0,nM,9.0,6.6,106319
12305,P11229,EC50,1,250.0,nM,9.0,6.6,106319
12307,P03468,IC50,1,0.0018,ug.mL-1,8.0,,4917
1231,O08966,IC50,1,590.0,nM,8.0,6.23,64765
1231,O35956,IC50,1,2000000.0,nM,8.0,,64084
1231,O70577,IC50,1,8000.0,nM,8.0,5.1,64765
1231,P06795,IC50,2,50000.0,nM,8.0,,17494
1231,P08183,IC50,3,50000.0,nM,8.0,,17494
1231,P20648,IC50,2,50410.0,nM,6.0,6.09,9846
1231,P21447,IC50,2,50000.0,nM,8.0,,17494
1231,P47747,IC50,1,3.7,ug.mL-1,9.0,,1737
1231,P51164,IC50,2,50410.0,nM,6.0,6.09,9846
1231,Q4U2R8,IC50,1,492000.0,nM,8.0,,64084
1231,Q63089,IC50,1,329000.0,nM,8.0,,64786
1231,Q8TCC7,IC50,1,92400.0,nM,8.0,4.03,64084
1231,Q9NSA0,IC50,1,2000000.0,nM,8.0,,64084
1231,Q9R0W2,IC50,1,373000.0,nM,8.0,,64786
1231,Q9R141,IC50,1,1500000.0,nM,8.0,,64217
1231,Q9R1U7,IC50,1,166000.0,nM,8.0,,64084
12335,P31639,IC50,1,2.0,nM,9.0,8.7,131267
12358,P9WHJ3,EC50,1,380000.0,nM,8.0,,51887
1238,Q9H3N8,EC50,1,12589.25,nM,9.0,4.9,54229
1238,Q9Y5N1,EC50,1,10.0,nM,9.0,8.0,54229
124,P08913,EC50,1,3.311,nM,8.0,8.48,16433
124,P15823,EC50,1,338.84,nM,8.0,6.47,13638
124,P15823,Emax,1,35.0,%,9.0,,13638
124,P23944,EC50,1,8317.64,nM,8.0,5.08,13638
124,P23944,Emax,1,83.0,%,9.0,,13638
124,P25100,EC50,3,5011.87,nM,8.0,,16433|4547|5322
124,P28221,EC50,1,137.0,nM,8.0,6.86,14454
124,P35348,EC50,4,20.185000000000002,nM,8.0,7.695,13638|16433|4547|5322
124,P35348,Emax,1,71.0,%,8.0,,13638
124,P35368,EC50,3,5011.87,nM,8.0,,16433|4547|5322
124,P43140,EC50,1,288.4,nM,8.0,6.54,13638
124,P43140,Emax,1,80.0,%,9.0,,13638
12400,P10520,EC50,2,2379.0,nM,8.0,5.765000000000001,51887
12408,Q02880,IC50,1,1.0,ug.mL-1,8.0,,9816
12410,P10520,EC50,1,6203.0,nM,8.0,5.21,51887
12419,P35372,EC50,1,34.0,nM,9.0,7.47,45630
12419,P35372,Emax,1,30.0,%,9.0,,45630
12419,P41143,EC50,1,4696.0,nM,9.0,5.33,45630
12419,P41143,Emax,1,79.0,%,9.0,,45630
12419,P41145,EC50,1,80.0,nM,9.0,7.1,45630
12419,P41145,Emax,1,43.0,%,9.0,,45630
12419,P41146,EC50,1,0.39,nM,9.0,9.41,45630
12419,P41146,Emax,1,140.0,%,9.0,,45630
12425,C4YTQ8,EC50,1,10463.0,nM,8.0,4.98,51887
12425,O43603,IC50,2,42000.0,nM,9.0,,51887
12425,P04993,IC50,1,30473.0,nM,6.0,4.52,51887
12425,P07648,IC50,1,30473.0,nM,6.0,4.52,51887
12425,P08394,IC50,1,30473.0,nM,6.0,4.52,51887
12425,P32246,EC50,2,6104.785,nM,9.0,5.215,66879
12425,P32897,IC50,1,9590.0,nM,9.0,5.02,51887
12425,P51681,EC50,2,4955.9349999999995,nM,9.0,5.305,66879
12425,P51685,EC50,2,3940.535,nM,9.0,5.405,66879
12425,P87108,IC50,1,12300.0,nM,9.0,4.91,51887
12425,Q194T2,IC50,1,902.0,nM,8.0,,51887
12429,Q9NYW2,IC50,1,20.0,nM,9.0,7.7,111568
12430,Q9NYW2,IC50,1,60.0,nM,9.0,7.22,111568
12437,P63165,IC50,2,40650.0,nM,9.0,,51887
12437,Q9H0H5,IC50,1,32340.0,nM,9.0,,51887
12439,O43613,EC50,1,460.0,nM,9.0,6.34,121453
12439,O43613,Emax,1,98.0,%,9.0,,121453
12439,O43614,EC50,1,134.0,nM,9.0,6.87,121453
12439,O43614,Emax,1,75.0,%,9.0,,121453
12442,P05186,EC50,1,81800.0,nM,9.0,4.09,51887
12442,P09923,EC50,1,50400.0,nM,9.0,4.3,51887
12442,P10696,EC50,1,60300.0,nM,9.0,4.22,51887
12442,P24822,EC50,1,54100.0,nM,9.0,,51887
12444,P03070,IC50,1,100000.0,nM,9.0,,51887
12446,P08183,IC50,1,11500.0,nM,8.0,4.94,64461
12447,P12746,IC50,1,770.0,nM,9.0,6.11,58750
12447,P25084,IC50,1,1750.0,nM,8.0,5.76,58750
12447,P33905,IC50,1,770.0,nM,9.0,6.11,58750
1245,Q9Y5N1,EC50,1,31.62,nM,9.0,7.5,30908
12454,Q9NYV7,EC50,2,1400000.0,nM,9.0,,113855
12455,Q9NYV7,EC50,5,210000.0,nM,9.0,6.64,113746|113852|113855
1246,Q9H3N8,EC50,1,12.59,nM,9.0,7.9,54229
1246,Q9Y5N1,EC50,1,0.5012,nM,9.0,9.3,54229
12477,P03070,IC50,1,14670.0,nM,9.0,,51887
12478,Q7Z5P4,IC50,1,11.0,nM,9.0,7.96,126226
12478,Q8NBQ5,IC50,1,10000.0,nM,9.0,,126226
1248,Q9H3N8,EC50,1,1584.89,nM,9.0,5.8,54229
12488,P04774,IC50,2,290.0,nM,5.0,6.54,15591|3407
12488,P04775,IC50,3,290.0,nM,5.0,6.54,12519|15591|3407
12488,P08104,IC50,2,290.0,nM,5.0,6.54,15591|3407
1249,Q9H3N8,EC50,1,31.62,nM,9.0,7.5,54229
1249,Q9Y5N1,EC50,2,2.8215,nM,9.0,8.75,30908|54229
12496,P59533,EC50,1,2000.0,nM,9.0,5.7,113855
12497,P05186,IC50,1,407.0,nM,9.0,6.39,51887
12497,P09923,EC50,1,100000.0,nM,9.0,,51887
12497,P10696,EC50,1,51300.0,nM,9.0,4.29,51887
12497,P24822,IC50,1,1360.0,nM,9.0,5.87,51887
12497,P9WHJ3,EC50,1,380000.0,nM,8.0,,51887
12497,Q9H0H5,IC50,1,205620.0,nM,9.0,,51887
12498,Q9BEG3,IC50,1,30000.0,nM,9.0,,14193
125,P04608,IC50,1,11753.0,nM,8.0,,51887
125,P28223,EC50,1,7.36,nM,9.0,8.13,89292
125,P28223,Emax,1,104.0,%,9.0,,89292
125,Q923Y9,EC50,1,310.0,nM,9.0,6.51,104356
125,Q96RJ0,EC50,1,2210.0,nM,9.0,5.66,121679
125,Q96RJ0,Emax,1,102.0,%,9.0,,121679
1250,Q9H3N8,EC50,2,12.59,nM,9.0,7.9,54229|65503
1250,Q9JI35,IC50,1,4.6,nM,9.0,8.34,139
1250,Q9QYN8,EC50,2,1.9,mg kg-1,8.0,,16605
1250,Q9Y5N1,EC50,3,2.4,nM,9.0,8.62,117852|51165|54229
1251,Q9H3N8,EC50,2,15.85,nM,9.0,7.8,54229|65503
1251,Q9Y5N1,EC50,4,0.39795,nM,9.0,9.535,21595|51767|52771|54229
1252,Q9Y5N1,EC50,2,4.496499999999999,nM,9.0,8.350000000000001,30908|54229
12521,P35408,EC50,3,0.24,nM,9.0,9.62,102720|112667
12521,P43116,EC50,2,8679.0,nM,9.0,5.13,112667
12522,Q9HBW0,Emax,1,90.0,%,9.0,,123419
12522,Q9HBW0,IC50,1,1900.0,nM,9.0,5.72,123419
12523,Q9H1C0,IC50,2,204.5,nM,9.0,6.8149999999999995,127303
12524,Q9H1C0,IC50,2,191.0,nM,9.0,6.98,127303
1253,Q9H3N8,EC50,1,12.59,nM,9.0,7.9,54229
1253,Q9Y5N1,EC50,1,0.05012,nM,9.0,10.3,54229
1254,Q9H3N8,EC50,1,5011.87,nM,9.0,5.3,54229
1254,Q9Y5N1,EC50,3,0.3162,nM,9.0,9.5,21595|42062|54229
1255,Q9H3N8,EC50,1,63.1,nM,9.0,7.2,54229
1255,Q9Y5N1,EC50,1,3.162,nM,9.0,8.5,54229
12550,P0DTD1,IC50,1,4540.0,nM,9.0,5.34,115086
12556,P10520,EC50,2,75601.0,nM,8.0,5.92,51887
12556,Q8NER1,EC50,1,26.0,nM,8.0,7.58,60547
12565,P08183,IC50,3,17300.0,nM,8.0,4.76,64688|64769
12566,P51575,IC50,1,6520.0,nM,9.0,5.19,66651
12566,P51577,IC50,1,2100.0,nM,9.0,5.68,66651
12566,P56373,IC50,1,10000.0,nM,9.0,5.0,66651
12566,Q99571,IC50,1,189.0,nM,9.0,6.72,66651
12566,Q99572,IC50,1,10000.0,nM,9.0,,66651
12566,Q9JJX6,IC50,1,1770.0,nM,9.0,5.75,66651
12566,Q9UBL9,IC50,1,10000.0,nM,9.0,,66651
12567,Q99571,IC50,1,274.0,nM,9.0,6.56,124766
12573,Q9H228,EC50,1,0.1,nM,9.0,10.0,119116
12575,P23975,IC50,1,20000.0,nM,8.0,,13605
12578,P07550,EC50,2,5035.215,nM,9.0,6.075,128647|72887
12578,P08588,EC50,1,7.413,nM,9.0,8.13,72887
12578,P13945,EC50,1,10000.0,nM,9.0,5.0,72887
12582,Q8K4Z4,EC50,1,13.0,nM,9.0,7.89,45997
12582,Q8K4Z4,Emax,1,100.0,%,9.0,,45997
126,P08908,Emax,2,0.5,%,9.0,,108294
126,P08908,IC50,1,16.9,nM,9.0,7.77,108294
12601,Q8IL11,IC50,1,7370.0,nM,9.0,5.13,51887
12604,O43613,IC50,2,14.0,nM,8.5,7.859999999999999,102668|130769
12604,O43614,IC50,1,10000.0,nM,8.0,,102668
12606,O43613,EC50,1,747.0,nM,9.0,6.13,128222
12606,O43613,Emax,1,101.0,%,9.0,,128222
12606,O43614,EC50,1,168.0,nM,9.0,6.78,128222
12606,O43614,Emax,1,105.0,%,9.0,,128222
12606,P58307,EC50,1,154.0,nM,9.0,6.81,128222
12606,P58308,EC50,1,457.0,nM,9.0,6.34,128222
12607,P25929,EC50,1,0.03981,nM,9.0,10.4,104680
12607,P49146,EC50,1,0.0631,nM,9.0,10.2,104680
12607,P50391,EC50,8,0.45,nM,9.0,9.350000000000001,104680
12607,P50391,Emax,4,91.5,%,9.0,,104680
12607,Q15761,EC50,1,3.162,nM,9.0,8.5,104680
12608,P50391,IC50,2,3990.535,nM,9.0,5.4,119604
1263,Q9Y5N1,IC50,1,12.59,nM,9.0,7.9,30908
12634,P24387,EC50,1,53000.0,nM,6.0,,51887
12634,P24387,IC50,1,47100.0,nM,6.0,,51887
12634,Q13324,EC50,1,53000.0,nM,6.0,,51887
12634,Q13324,IC50,1,47100.0,nM,6.0,,51887
12655,O15552,IC50,4,4.0,nM,9.0,8.4,128234
12666,P46095,EC50,1,79.43,nM,9.0,7.1,113825
1267,P58406,EC50,1,11.0,nM,9.0,7.96,47713
1267,Q91ZY2,EC50,1,302.0,nM,9.0,6.52,115718
1267,Q9H3N8,EC50,7,89.13,nM,9.0,7.05,115718|49293|50176|56095|97784
1267,Q9H3N8,IC50,4,673.5,nM,9.0,6.175,112472|31675|60413|60675
1267,Q9Y5N1,EC50,3,97.72,nM,9.0,7.01,50176|56095|81708
1267,Q9Y5N1,IC50,6,69.975,nM,9.0,7.3100000000000005,112181|115718|127227|31675|60413|74733
12673,O60840,IC50,1,54200.0,nM,4.0,4.27,91875
12673,P38532,EC50,1,287.0,nM,9.0,6.54,51887
12673,Q01668,IC50,1,54200.0,nM,4.0,4.27,91875
12673,Q13698,IC50,1,54200.0,nM,4.0,4.27,91875
12673,Q13936,IC50,1,54200.0,nM,4.0,4.27,91875
12675,P15382,IC50,1,1258925.41,nM,6.0,,91843
12675,P51787,IC50,1,1258925.41,nM,6.0,,91843
12675,Q12809,IC50,3,158489.32,nM,8.0,4.6,91843
12675,Q14524,IC50,2,2241129.4699999997,nM,8.5,,91843
12675,Q9UK17,IC50,1,3162277.66,nM,8.0,,91843
12676,Q72547,EC50,4,5700.0,nM,9.0,6.345000000000001,31411
12676,Q72547,IC50,1,250.0,nM,9.0,6.6,6414
12681,Q72874,IC50,3,440.0,nM,9.0,6.59,20584
12685,Q72874,IC50,1,30.0,nM,9.0,7.52,14575
1269,P25021,EC50,2,3023.155,nM,9.0,5.52,50176|54229
1269,P35367,EC50,1,15848.93,nM,9.0,4.8,50176
1269,Q91ZY1,EC50,1,2511.89,nM,9.0,5.6,54229
1269,Q91ZY2,EC50,1,1584.89,nM,9.0,5.8,54229
1269,Q9H3N8,EC50,3,39.81,nM,9.0,7.4,50176|54229
1269,Q9Y5N1,EC50,1,12400.0,nM,9.0,4.91,99283
12719,O43613,IC50,1,1.7,nM,9.0,8.77,129621
12719,O43614,IC50,1,227.0,nM,9.0,6.64,129621
12730,P35372,Emax,1,14.0,%,9.0,,36597
12732,P35372,EC50,1,0.95,nM,9.0,9.02,117709
12732,P35372,Emax,1,63.3,%,9.0,,117709
12732,P41143,EC50,1,10000.0,nM,9.0,,117709
12732,P41145,EC50,1,10000.0,nM,9.0,,117709
12733,P35372,EC50,1,2.31,nM,9.0,8.64,117709
12733,P35372,Emax,1,33.5,%,9.0,,117709
12733,P41143,EC50,1,10000.0,nM,9.0,,117709
12733,P41145,EC50,1,10000.0,nM,9.0,,117709
12737,P37231,EC50,1,210.0,nM,9.0,6.68,131267
12737,Q03181,EC50,1,900.0,nM,9.0,6.05,131267
1274,Q91ZY1,EC50,1,33884.42,nM,9.0,4.47,111213
1274,Q91ZY2,EC50,1,8709.64,nM,9.0,5.06,111213
1274,Q9H3N8,EC50,2,44.07,nM,9.0,7.359999999999999,111213|54229
1274,Q9Y5N1,EC50,1,316.23,nM,9.0,6.5,54229
12751,P21554,EC50,2,100000.0,nM,9.0,,82353|89945
12751,P34972,EC50,4,34.46,nM,9.0,7.505,122831|82353|89945
12751,P34972,Efficacy,1,86.9,%,9.0,,89945
12751,P34972,Emax,1,52.64,%,9.0,,122831
12753,P21554,EC50,5,10000.0,nM,9.0,,106223|39045|48965|91406|92785
12753,P34972,EC50,9,342.8,nM,9.0,6.46,105307|106223|35787|38328|39045|46158|48965|91406|92785
12753,P34972,Efficacy,2,92.5,%,9.0,,46158|48965
12753,P34972,Emax,3,97.0,%,9.0,,105307|106223|92785
12753,Q9QZN9,EC50,1,91.0,nM,9.0,7.04,35787
12753,Q9QZN9,Efficacy,1,100.0,%,9.0,,35787
1277,Q9H3N8,IC50,2,334.0,nM,8.5,6.57,30328
12777,P35372,EC50,2,52.0,nM,9.0,7.28,117545|128074
12777,P35372,Emax,1,90.0,%,9.0,,117545
12783,P35408,IC50,1,15.3,nM,9.0,7.82,114638
12784,P30968,IC50,1,21.0,nM,9.0,7.68,115274
12788,P25961,EC50,1,2400.0,nM,8.0,5.62,103296
12788,Q03431,EC50,1,4100.0,nM,9.0,5.39,111510
128,P14416,EC50,2,25.8,nM,9.0,7.68,47595|49130
128,P14416,Emax,2,78.9,%,9.0,,47595|49130
128,P35462,EC50,2,0.685,nM,9.0,9.379999999999999,47595|49130
128,P35462,Emax,2,91.7,%,9.0,,47595|49130
12800,P32245,IC50,1,64585.0,nM,8.0,,51887
12800,P49327,IC50,2,10400.0,nM,9.0,,51887
12800,P9WHJ3,EC50,1,240.0,nM,8.0,6.62,51887
1283,Q924U1,EC50,2,4.2,nM,9.0,8.38,101273|90256
1283,Q969F8,EC50,7,0.24,nM,9.0,9.62,101273|111053|35021|45343|65426|65439|90256
12859,O14843,EC50,3,537.03,nM,9.0,6.27,113335
12859,O14843,Emax,2,102.5,%,9.0,,113335
12861,O15552,Efficacy,1,111.0,%,9.0,,49512
12861,O15552,IC50,1,700.0,nM,9.0,6.16,49512
12878,P0AES4,IC50,1,3.0,ug.mL-1,7.0,,11870
12878,P0AES6,IC50,1,3.0,ug.mL-1,7.0,,11870
12906,Q80SS6,EC50,2,2.7560000000000002,nM,9.0,8.559999999999999,127752
12906,Q80SS6,Efficacy,1,96.0,%,9.0,,127752
12906,Q8TDU6,EC50,2,1.7925,nM,9.0,8.75,127752
12906,Q8TDU6,Efficacy,1,129.0,%,9.0,,127752
12919,P0A0K8,IC50,1,10.0,ug.mL-1,7.0,,21397
12919,P0C1U9,IC50,1,10.0,ug.mL-1,9.0,,21397
12919,P20831,IC50,1,10.0,ug.mL-1,7.0,,21397
12928,P10520,EC50,1,60.0,nM,8.0,,51887
12928,P98170,IC50,1,100000.0,nM,9.0,,51887
12930,P08908,EC50,1,288.0,nM,9.0,6.54,31185
12956,P35372,EC50,2,93.4,nM,9.0,7.53,108524
12956,P35372,Emax,2,91.5,%,9.0,,108524
12967,P10635,IC50,1,20000.0,nM,9.0,,121547
12979,Q99788,IC50,1,36.31,nM,9.0,7.44,127996
130,P08172,IC50,1,3422.5,nM,9.0,5.47,128647
130,P21462,IC50,1,4245.51,nM,9.0,5.37,128647
130,P25089,IC50,1,3838.14,nM,9.0,5.42,128647
130,P32249,IC50,1,6498.97,nM,9.0,5.19,128647
130,P35414,IC50,1,3632.38,nM,9.0,5.44,128647
130,Q8IYL9,IC50,1,4057.96,nM,9.0,5.39,128647
130,Q9HC97,IC50,1,4581.88,nM,9.0,5.34,128647
1303,Q12809,IC50,1,1600.0,nM,9.0,5.8,31829
1303,Q969V1,IC50,1,29.0,nM,5.0,7.54,34692
1303,Q99705,IC50,3,29.0,nM,9.0,7.54,31829|34692|37497
13035,P04608,IC50,1,1669.0,nM,8.0,,51887
13035,P63073,IC50,1,47671.37,nM,8.0,,51887
13035,P84022,IC50,1,142.0,nM,9.0,6.85,51887
13035,Q07820,IC50,1,54000.0,nM,9.0,,51887
13035,Q4U2R8,IC50,1,270.0,nM,8.0,6.57,64277
13035,Q8IL11,IC50,1,138080.0,nM,9.0,,51887
13035,Q9FD70,IC50,1,1265390.0,nM,9.0,,51887
13035,Q9HC97,EC50,2,1535.0,nM,9.0,6.245,62079
13035,Q9HC97,Efficacy,1,319.0,picometer,9.0,,62079
1305,Q99705,IC50,1,7.2,nM,9.0,8.14,48980
13050,P32249,IC50,1,31.3,nM,9.0,7.5,128082
13052,P32249,IC50,13,8.511,nM,9.0,8.07,128082|128647|129375|51887|83065
13052,Q3U6B2,IC50,2,14.4,nM,9.0,7.84,83065
1306,Q99705,IC50,1,0.39,nM,9.0,9.41,31855
13074,K9N7C7,IC50,1,10000.0,nM,8.0,,115086
13074,P05186,IC50,1,33200.0,nM,9.0,4.48,51887
13074,P09923,EC50,1,100000.0,nM,9.0,,51887
13074,P0DTD1,IC50,2,310.0,nM,9.0,6.53,115086
13074,P10696,EC50,1,32300.0,nM,9.0,4.49,51887
13074,P24822,IC50,1,12500.0,nM,9.0,4.9,51887
13074,P31941,IC50,1,17500.0,nM,9.0,4.76,51887
13074,Q9HC16,IC50,1,2390.0,nM,9.0,5.62,51887
13074,Q9HC97,EC50,2,8860.0,nM,9.0,5.175,62079
13074,Q9HC97,Efficacy,1,224.0,picometer,9.0,,62079
13091,P48039,EC50,1,25800.0,nM,9.0,4.59,124789
13091,P49286,EC50,1,47300.0,nM,9.0,4.33,124789
13092,Q9H0H5,IC50,1,35000.0,nM,9.0,,51887
13093,P22002,IC50,1,38300.0,nM,9.0,4.42,94011
13103,Q9NQS5,EC50,3,0.019,nM,9.0,10.725000000000001,127082
13103,Q9NQS5,Efficacy,2,55.5,%,9.0,,127082
1313,Q99705,IC50,1,15.0,nM,9.0,7.82,20161
13139,P08909,EC50,1,24000.0,nM,8.0,4.62,14093
13139,P14842,EC50,2,7650.0,nM,8.5,5.175000000000001,14093|31390
1314,Q99705,IC50,4,31.0,nM,9.0,7.545,20161|46458|48980|58727
13141,O00487,IC50,1,17900.0,nM,8.0,4.75,51887
13141,P00735,IC50,1,13700.0,nM,8.0,4.86,51887
13141,P08253,IC50,1,100000.0,nM,8.0,,51887
13149,P32300,IC50,1,4000.0,nM,9.0,,114196
13149,P33534,IC50,1,4000.0,nM,9.0,,114196
13149,P35372,EC50,5,307.5,nM,9.0,6.51,112489|121542|123461
13149,P35372,Emax,3,34.0,%,9.0,,121542|123461
13149,P41144,EC50,1,230.0,nM,9.0,6.64,113432
13149,P41144,Emax,1,65.0,%,9.0,,113432
13149,P41145,EC50,1,8500.0,nM,9.0,5.07,123461
13149,P42866,EC50,1,203.0,nM,9.0,6.69,114196
13149,P42866,Emax,1,65.0,%,9.0,,114196
13149,P97266,EC50,1,230.0,nM,9.0,6.64,113432
13149,P97266,Emax,1,65.0,%,9.0,,113432
1315,P97639,IC50,1,6.1,nM,9.0,8.21,65308
13151,P35368,IC50,1,560.0,nM,9.0,6.25,93276
13165,O43613,IC50,2,11.0,nM,8.5,7.975,102668|130769
13165,O43614,IC50,1,10000.0,nM,8.0,,102668
13180,P70604,IC50,1,4400.0,nM,4.0,5.36,13581
13180,P70605,IC50,1,4400.0,nM,4.0,5.36,13581
13180,P70606,IC50,1,4400.0,nM,4.0,5.36,13581
13195,P07550,EC50,1,3200.0,nM,9.0,5.5,120430
13196,P07550,EC50,2,16745.0,nM,9.0,4.8149999999999995,108908|127344
13196,P08588,EC50,2,634.595,nM,9.0,6.234999999999999,108908|127344
13196,P13945,EC50,2,8.1885,nM,9.0,8.135,108908|127344
13229,P30518,IC50,2,2075.0,nM,9.0,5.7,108525
13229,P30559,IC50,3,63.0,nM,9.0,7.2,108525|112038
1323,P32245,EC50,23,2.3,nM,9.0,8.55,105093|105788|107768|109978|119944|121651|122804|124502|126369|13959|30805|31839|34739|38137|46807|57586|6217|91647|97722
1323,P32245,Efficacy,1,112.0,%,9.0,,119944
1323,P32245,Emax,2,106.0,%,9.0,,105093
1323,P33032,EC50,15,3.3,nM,9.0,8.48,105093|107768|109978|124502|126369|13959|30805|31839|34739|38137|46807|57586|6217|91647|97722
1323,P33032,Emax,1,140.0,%,9.0,,105093
1323,P33032,IC50,1,26.92,nM,9.0,7.57,122804
1323,P33033,EC50,3,0.17,nM,9.0,9.77,16515|35320|89653
1323,P41149,EC50,3,0.18,nM,9.0,9.74,16515|35320|89653
1323,P41968,EC50,20,1.9,nM,9.0,8.72,105093|105788|107768|109978|119944|121651|122804|124502|126369|13959|30805|31839|34739|38137|46807|57586|6217|91647|97722
1323,P41968,Efficacy,1,105.0,%,9.0,,119944
1323,P41968,Emax,1,83.0,%,9.0,,105093
1323,P56450,EC50,3,0.06,nM,9.0,10.22,16515|35320|89653
1323,Q01726,EC50,23,0.3,nM,9.0,9.260000000000002,105788|107768|109978|121651|122804|124502|126369|13178|13959|14065|30805|31839|34739|38137|46807|57586|6217|91647|93071|97722
1323,Q01726,IC50,1,6.7,nM,9.0,8.17,93071
1323,Q01727,EC50,3,0.021,nM,9.0,10.68,16515|35320|89653
13235,P14416,IC50,2,5730.0,nM,9.0,5.24,127879|129291
13235,P21728,IC50,2,7200.0,nM,9.0,5.14,127879|129291
13235,P28335,EC50,2,480.5,nM,9.0,6.345,127468|127879
13235,P28335,Emax,2,86.1,%,9.0,,127468|127879
1324,P32244,EC50,1,0.1,nM,9.0,10.0,17741
1324,P32245,EC50,23,1.0,nM,9.0,9.0,105093|105778|13036|13959|14006|15770|17153|21572|30587|5003|5476|5680|62939
1324,P32245,Emax,2,105.0,%,9.0,,105093
1324,P33032,EC50,7,0.58,nM,9.0,9.24,105093|105778|13959|14006|15770|17153|21572
1324,P33032,Emax,1,117.0,%,9.0,,105093
1324,P33033,EC50,26,0.099,nM,9.0,10.004999999999999,103755|105435|105778|105878|111522|111829|114646|117683|119348|120878|121019|127383|16007|16515|17809|21708|35320|38888|45245|48826|5584|56070|72184|83755|89653|99099
1324,P41149,EC50,27,0.17,nM,9.0,9.795,103755|105435|105778|105878|107274|111522|111829|114646|117683|119348|120878|121019|127383|16007|16515|17741|17809|21708|35320|38888|45245|48826|5584|56070|72184|83755|99099
1324,P41968,EC50,9,0.8,nM,9.0,9.1,105093|105778|13036|13959|14006|15770|17153|21572|5680
1324,P41968,Emax,1,124.0,%,9.0,,105093
1324,P56450,EC50,25,0.279,nM,9.0,9.53,103755|105435|105778|111522|111829|114646|117683|119348|121019|127383|16007|16515|17741|17809|21708|35320|38888|45245|48826|5584|56070|72184|83755|89653|99099
1324,Q01726,EC50,8,0.13,nM,8.0,9.72,105778|13036|13959|14006|14065|5003|5476|5680
1324,Q01727,EC50,28,0.0265,nM,9.0,10.504999999999999,103755|105435|105778|105878|107274|111522|111829|114646|117683|119348|120878|121019|127383|16007|16515|17741|17809|21708|35320|38888|45245|48826|5584|56070|72184|83755|89653|99099
1325,P32245,IC50,4,20.6555,nM,9.0,7.95,119944|129355
1325,P41149,EC50,1,2.31,nM,9.0,8.64,92371
1325,P41968,IC50,4,45.76,nM,9.0,7.575,119944|129355
1325,Q01726,IC50,2,0.19975,nM,9.0,9.7,129355
1325,Q01727,EC50,1,0.64,nM,9.0,9.19,92371
13273,Q6R6I6,EC50,1,4897.79,nM,9.0,5.31,129182
13273,Q6R6I6,Emax,1,108.0,%,9.0,,129182
13273,Q6R6I7,EC50,1,501.19,nM,9.0,6.3,129182
13273,Q6R6I7,Emax,1,103.0,%,9.0,,129182
13273,Q9HBX9,EC50,11,15.85,nM,9.0,7.8,129182
13273,Q9HBX9,Emax,9,109.0,%,9.0,,129182
13282,P34972,EC50,1,1900.0,nM,9.0,5.72,113507
13317,O14744,IC50,2,500.0,nM,9.0,6.335,131266
13317,Q8WTS6,IC50,2,5740.0,nM,9.0,5.33,131266
13337,Q92633,IC50,1,3.1,nM,9.0,8.51,129361
13339,P28222,IC50,1,750.0,nM,9.0,6.12,127132
13345,P48730,IC50,1,542.0,nM,9.0,6.27,122390
13356,P08913,EC50,1,275.42,nM,8.0,6.56,938
13356,P18089,EC50,1,724.44,nM,8.0,6.14,938
13356,P18825,EC50,1,190.55,nM,8.0,6.72,938
1337,P32245,EC50,4,11000.0,nM,9.0,4.96,20572
1337,P33032,EC50,3,850000.0,nM,9.0,6.07,20572
1337,P56450,EC50,1,6000.0,nM,9.0,5.22,20572
1337,P70596,EC50,1,5000.0,nM,9.0,5.3,20572
1337,Q01726,EC50,2,160000.0,nM,9.0,,20572
1338,P32244,EC50,1,1325.0,nM,8.0,5.88,16687
1338,P32245,EC50,20,2.1,nM,9.0,8.68,16687|20088|30587|30743|35330|38518|5906|5997
1338,P33032,EC50,4,737.0,nM,8.0,6.13,16687|30743|5906
1338,P35345,EC50,1,3000.0,nM,8.0,,16687
1338,P41968,EC50,5,2487.0,nM,8.0,5.6,16687|30743|38518|5906
1338,P56450,EC50,1,7.6,nM,8.0,8.12,5906
1338,P70596,EC50,1,2.9,nM,8.0,8.54,16687
1338,Q01726,EC50,4,2125.0,nM,8.5,5.695,16687|30743|38518|5906
1338,Q01726,IC50,1,2067.0,nM,8.0,5.68,16687
1338,Q64326,EC50,1,10000.0,nM,8.0,,5906
13395,P35372,EC50,3,1.68,nM,9.0,9.094999999999999,128993
13395,P35372,Emax,5,63.31,%,9.0,,128993
13395,P35372,IC50,1,10000.0,nM,9.0,,128993
13395,P41143,EC50,2,3.335,nM,9.0,8.504999999999999,128993
13395,P41143,Emax,2,76.94999999999999,%,9.0,,128993
13395,P41145,EC50,1,10000.0,nM,9.0,,128993
13395,P41145,Emax,1,0.0,%,9.0,,128993
13395,P41145,IC50,2,1223.25,nM,9.0,6.0649999999999995,128993
13395,P41146,EC50,1,10000.0,nM,9.0,,128993
13415,Q8K4F5,IC50,1,10.0,nM,8.0,,51887
13422,P41231,IC50,1,100000.0,nM,9.0,,129099
13422,P47900,IC50,1,100000.0,nM,9.0,,129099
13422,P51582,IC50,1,100000.0,nM,9.0,,129099
13422,Q15077,IC50,1,89700.0,nM,9.0,4.05,129099
13422,Q15391,IC50,1,0.6,nM,9.0,9.22,129099
13422,Q9H244,IC50,1,100000.0,nM,9.0,,129099
13424,Q14330,EC50,1,54.0,nM,9.0,7.27,128847
13424,Q14330,Emax,2,81.5,%,9.0,,128847
13425,P21554,Emax,1,30.0,%,9.0,,128847
13425,P34972,Emax,1,30.0,%,9.0,,128847
13425,Q14330,EC50,2,28.5,nM,9.0,7.57,128847
13425,Q14330,Emax,2,120.5,%,9.0,,128847
13425,Q9Y2T6,EC50,1,10000.0,nM,9.0,,128847
13425,Q9Y2T6,IC50,1,10000.0,nM,9.0,,128847
1343,P48039,IC50,1,0.005,nM,4.0,,11996
1343,P49286,IC50,1,0.005,nM,4.0,,11996
13432,P14600,IC50,1,0.8,nM,9.0,9.1,2360
13459,O95136,EC50,2,22361.5,nM,9.0,6.14,51887
1346,P48039,IC50,1,0.04,nM,4.0,10.4,11996
1346,P49286,IC50,1,0.04,nM,4.0,10.4,11996
13462,O60240,IC50,1,2937.0,nM,9.0,,51887
13462,P01375,IC50,1,3750.0,nM,9.0,5.43,51887
13462,P29990,IC50,1,68230.0,nM,8.0,,51887
13462,P41235,IC50,1,4566.0,nM,9.0,,51887
13462,Q9Y239,IC50,1,1740.0,nM,9.0,5.76,51887
13466,Q16665,IC50,1,50000.0,nM,9.0,,47471
13466,Q9H0H5,IC50,1,23000.0,nM,9.0,,51887
1347,Q9H0H5,IC50,1,52260.0,nM,9.0,,51887
13478,P31941,IC50,1,38900.0,nM,9.0,4.41,51887
13478,Q9HC16,IC50,1,2240.0,nM,9.0,5.65,51887
13498,P35367,IC50,1,44668.36,nM,9.0,4.35,65840
135,P47747,IC50,1,880.0,nM,9.0,6.06,15067
135,P50406,Emax,2,2.5,%,9.0,,112045|120424
1353,P48039,EC50,1,37.0,nM,9.0,7.43,16487
1353,P48039,Emax,1,25.0,%,9.0,,16487
1353,P49286,EC50,1,0.72,nM,9.0,9.14,16487
1353,P49286,Emax,1,30.0,%,9.0,,16487
1354,P49286,EC50,1,1.3,nM,9.0,8.89,44591
1354,P49286,Emax,1,41.0,%,9.0,,44591
13549,P14842,EC50,1,27.0,nM,9.0,7.57,31732
13549,P28223,EC50,1,1.6,nM,9.0,8.8,128945
13549,P28335,EC50,1,4100.0,nM,9.0,5.39,128945
13549,Q96RJ0,EC50,1,7190.0,nM,9.0,5.14,43967
13549,Q96RJ0,Emax,1,22.0,%,9.0,,43967
1355,P48039,EC50,1,73.0,nM,9.0,7.14,51006
1355,P48039,Emax,1,25.0,%,9.0,,51006
1355,P49286,EC50,1,405.0,nM,9.0,6.39,51006
1355,P49286,Emax,1,39.0,%,9.0,,51006
13557,Q8TDS4,EC50,1,1300.0,nM,9.0,5.89,37683
13557,Q8TDS4,IC50,1,1300.0,nM,8.0,5.89,39461
13558,Q8TDS4,EC50,1,12589.25,nM,9.0,,97225
13558,Q8TDS4,Efficacy,1,30.0,%,9.0,,97225
13578,P08183,EC50,1,2000.0,nM,9.0,5.7,31824
13596,P54300,IC50,1,2000.0,nM,9.0,5.7,38335
13596,Q9BEG3,IC50,1,4000.0,nM,9.0,5.4,14193
13598,P02550,IC50,2,1000.0,nM,5.0,6.12,17119|7081
13598,P02554,IC50,2,1000.0,nM,5.0,6.12,17119|7081
13598,P04350,IC50,1,460000.0,nM,4.0,,4787
13598,P07437,IC50,1,460000.0,nM,4.0,,4787
13598,P0DPH7,IC50,1,460000.0,nM,4.0,,4787
13598,P51843,IC50,1,2145.0,nM,8.0,5.67,51887
13598,P68363,IC50,1,460000.0,nM,4.0,,4787
13598,P68366,IC50,1,460000.0,nM,4.0,,4787
13598,P68371,IC50,1,460000.0,nM,4.0,,4787
13598,Q13509,IC50,1,460000.0,nM,4.0,,4787
13598,Q13885,IC50,1,460000.0,nM,4.0,,4787
13598,Q3ZCM7,IC50,1,460000.0,nM,4.0,,4787
13598,Q6B856,IC50,10,525.0,nM,5.0,6.285,11141|12263|12550|12777|14017|14098|14163|15167|15718|17490
13598,Q6PEY2,IC50,1,460000.0,nM,4.0,,4787
13598,Q71U36,IC50,1,460000.0,nM,4.0,,4787
13598,Q862F3,IC50,7,590.0,nM,5.0,6.23,11141|12550|14098|14163|15167|15718|17490
13598,Q862L2,IC50,6,525.0,nM,5.0,6.285,11141|12550|14098|14163|15167|15718
13598,Q9BQE3,IC50,1,460000.0,nM,4.0,,4787
13598,Q9BUF5,IC50,1,460000.0,nM,4.0,,4787
13598,Q9BVA1,IC50,1,460000.0,nM,4.0,,4787
13598,Q9H4B7,IC50,1,460000.0,nM,4.0,,4787
13599,K9N7C7,IC50,1,10000.0,nM,8.0,,115086
13599,P0DTD1,IC50,1,220.0,nM,9.0,6.66,115086
136,P18825,IC50,1,16.0,nM,9.0,7.8,83796
136,P31652,IC50,1,10000.0,nM,9.0,,14338
1360,P49285,EC50,1,1000.0,nM,4.0,,15362
1360,P49288,EC50,1,1000.0,nM,4.0,,15362
1360,P51050,EC50,1,1000.0,nM,4.0,,15362
13618,P0AEY8,IC50,1,2500.0,nM,8.0,5.6,12175
13626,P08172,EC50,3,5700.0,nM,9.0,5.265000000000001,128850
13626,P08172,Emax,2,98.3,%,9.0,,128850
13626,P08173,EC50,3,89.5,nM,9.0,7.48,128850
13626,P08173,Emax,2,106.5,%,9.0,,128850
13626,P08485,EC50,1,80.0,nM,9.0,7.1,128850
13626,P08485,Emax,1,110.0,%,9.0,,128850
13626,P08912,EC50,2,10400.0,nM,9.0,,128850
13626,P11229,EC50,2,10400.0,nM,9.0,,128850
13626,P20309,EC50,2,10400.0,nM,9.0,,128850
1363,P49219,IC50,1,2454.71,nM,9.0,5.61,36442
13647,Q9BEG3,IC50,1,17000.0,nM,9.0,4.77,14193
1365,P23385,EC50,2,28500.0,nM,8.0,4.6,17089|2449
1365,P31421,EC50,3,2100.0,nM,8.0,5.68,17089|2449|3170
1365,P31423,EC50,2,450000.0,nM,8.5,,17089|21632
1365,P31424,EC50,2,19000.0,nM,8.0,4.73,17089|2449
1365,P35349,EC50,1,60000.0,nM,8.0,4.22,2449
1365,Q13255,EC50,1,9300.0,nM,8.0,5.03,14106
1365,Q14416,EC50,2,15000.0,nM,8.5,4.835,128892|14106
1365,Q14832,EC50,2,445000.0,nM,8.5,4.52,128892|3170
1365,Q14833,EC50,1,1000000.0,nM,8.0,,14106
1365,Q9NQ66,EC50,1,50000.0,nM,8.0,4.3,15018
13668,P10520,EC50,1,1291.0,nM,8.0,5.89,51887
13670,P10520,EC50,1,3289.0,nM,8.0,5.48,51887
1368,P23385,EC50,1,23000.0,nM,9.0,4.64,17644
1368,P31421,EC50,1,300.0,nM,9.0,6.52,17644
1368,P31422,EC50,1,600.0,nM,9.0,6.22,17644
1368,P31423,EC50,1,4000.0,nM,8.0,5.4,17644
1368,P31424,EC50,1,17000.0,nM,9.0,4.77,17644
1368,P35349,EC50,1,600.0,nM,8.0,6.22,17644
1368,P35400,EC50,1,47000.0,nM,8.0,4.33,17644
1368,P70579,EC50,1,400.0,nM,9.0,6.4,17644
1368,Q14416,EC50,2,300.0,nM,9.0,6.52,128892|129573
1368,Q14832,EC50,2,600.0,nM,9.0,6.22,128892|129573
1369,O15303,EC50,2,145000.0,nM,8.0,4.7,13507|48502
1369,O15399,IC50,1,70.0,nM,5.0,7.16,66808
1369,O60391,IC50,1,70.0,nM,5.0,7.16,66808
1369,P19490,EC50,3,51000.0,nM,9.0,4.29,47617|50876
1369,P19490,IC50,1,214.0,nM,5.0,6.67,30912
1369,P19491,EC50,2,190000.0,nM,9.0,,47617|50876
1369,P19491,IC50,1,214.0,nM,5.0,6.67,30912
1369,P19492,EC50,3,52000.0,nM,9.0,4.28,47617|50876
1369,P19492,IC50,1,214.0,nM,5.0,6.67,30912
1369,P19493,EC50,2,20000.0,nM,9.0,4.7,47617|50876
1369,P19493,IC50,1,214.0,nM,5.0,6.67,30912
1369,P22756,EC50,2,87600.0,nM,8.5,4.45,3821|47617
1369,P23385,EC50,7,7300.0,nM,9.0,5.14,30522|36453|4259|91834|98803
1369,P31421,EC50,4,14540.0,nM,8.5,4.84,3170|4259|91834|98803
1369,P31423,EC50,7,6100.0,nM,9.0,5.21,30522|36453|62614|91834|98803
1369,P31424,EC50,6,4688.675,nM,9.0,5.33,30522|36453|91834|98803
1369,P35349,EC50,4,36345.0,nM,9.0,4.655,30522|36453|91834|98803
1369,P35400,EC50,1,100000.0,nM,9.0,,91834
1369,P35439,EC50,2,1789.1399999999999,nM,7.0,5.75,51222
1369,P39086,EC50,3,75000.0,nM,9.0,4.12,15441|30912|3821
1369,P41594,EC50,1,631000.0,nM,8.0,,48502
1369,P42260,EC50,1,73000.0,nM,9.0,4.14,47617
1369,P42261,EC50,18,63095.73,nM,9.0,4.21,36637|50876
1369,P42262,EC50,7,11000.0,nM,8.0,5.21,36637|50876
1369,P42263,EC50,5,35000.0,nM,8.0,4.71,36637|50876
1369,P43003,EC50,2,207000.0,nM,9.0,4.8,124754|124756
1369,P48058,EC50,2,19905358541674.85,nM,8.0,4.55,36637
1369,P70579,EC50,3,14010.0,nM,9.0,4.85,4259|91834|98803
1369,Q00959,EC50,2,1789.1399999999999,nM,7.0,5.75,51222
1369,Q05586,IC50,1,70.0,nM,5.0,7.16,66808
1369,Q12879,IC50,1,70.0,nM,5.0,7.16,66808
1369,Q13002,EC50,2,25000.0,nM,8.5,4.6,15441|3821
1369,Q13224,IC50,1,70.0,nM,5.0,7.16,66808
1369,Q13255,EC50,2,10025.0,nM,8.0,5.35,13507|3911
1369,Q14416,EC50,10,4000.0,nM,9.0,5.4,128892|129573|13507|30522|36453|55384|93477
1369,Q14416,Emax,4,92.0,%,9.0,,93477
1369,Q14831,EC50,3,1000000.0,nM,9.0,5.93,30522|36453|98803
1369,Q14832,EC50,7,4182.0,nM,9.0,5.38,128892|129573|3170|93477
1369,Q14832,Emax,4,104.5,%,9.0,,93477
1369,Q14833,EC50,1,15000.0,nM,8.0,4.82,13507
1369,Q14957,IC50,1,70.0,nM,5.0,7.16,66808
1369,Q8TCU5,IC50,1,70.0,nM,5.0,7.16,66808
1371,P23385,EC50,1,43000.0,nM,9.0,4.37,2625
1371,Q14416,EC50,1,110000.0,nM,8.0,,2625
1371,Q14833,EC50,1,1000000.0,nM,8.0,,2625
13719,P06239,IC50,1,8000.0,nM,9.0,5.1,12009
1373,Q13255,IC50,1,4300.0,nM,8.0,5.37,38188
1373,Q14416,IC50,1,4300.0,nM,8.0,5.37,38188
13730,P87108,IC50,1,23000.0,nM,9.0,4.64,51887
13739,P21730,IC50,1,10000.0,nM,9.0,,128647
13739,Q16581,IC50,1,10000.0,nM,9.0,,128647
13739,Q9P296,IC50,1,1000.0,nM,9.0,,128647
1374,P31423,EC50,1,100000.0,nM,9.0,,21632
1374,Q13255,IC50,1,40000.0,nM,8.0,4.4,38188
1374,Q14416,EC50,1,48000.0,nM,8.0,4.32,38188
1376,Q13255,IC50,2,110500.0,nM,8.0,5.16,13062|2333
1377,P23385,EC50,1,100000.0,nM,9.0,,17644
1377,P31421,EC50,3,300.0,nM,9.0,6.52,129573|17644|50682
1377,P31422,EC50,2,145.0,nM,9.0,6.875,129573|17644
1377,P31423,EC50,1,23000.0,nM,8.0,4.64,17644
1377,P31424,EC50,1,389000.0,nM,9.0,,17644
1377,P35349,EC50,1,40000.0,nM,8.0,4.4,17644
1377,P35400,EC50,1,40000.0,nM,8.0,4.4,17644
1377,P70579,EC50,1,32000.0,nM,8.0,4.5,17644
13771,O14727,IC50,2,52410.0,nM,8.0,5.32,51887
13771,P29990,IC50,1,100000.0,nM,8.0,,51887
1378,O00222,IC50,1,170.0,nM,8.0,6.77,2830
1378,P23385,EC50,1,100000.0,nM,9.0,,21067
1378,P31421,EC50,1,100000.0,nM,9.0,,21067
1378,P31421,IC50,1,200.0,nM,8.0,6.7,2830
1378,P31422,EC50,1,100000.0,nM,9.0,,21067
1378,P31422,IC50,1,16.0,nM,8.0,7.8,2830
1378,P31424,EC50,1,100000.0,nM,9.0,,21067
1378,P35349,EC50,1,100000.0,nM,9.0,,21067
1378,P41594,IC50,1,8200.0,nM,8.0,5.09,2830
1378,Q13255,IC50,1,7800.0,nM,8.0,5.11,2830
1378,Q14416,IC50,4,22.0,nM,9.0,7.66,118993|14793|66526
1378,Q14831,IC50,1,990.0,nM,8.0,6.0,2830
1378,Q14832,IC50,4,8.85,nM,9.0,8.055,118993|14793|66526
1378,Q14833,IC50,1,22000.0,nM,8.0,4.66,2830
1378,Q5T601,EC50,1,10000.0,nM,9.0,,128647
13781,Q6B856,IC50,5,1600.0,nM,5.0,5.8,11141|11699|12550|12777
13781,Q862F3,IC50,4,2450.0,nM,5.0,5.640000000000001,11141|11699|12550
13781,Q862L2,IC50,4,2450.0,nM,5.0,5.640000000000001,11141|11699|12550
1379,P41594,IC50,4,200000.0,nM,8.0,,15283|2333
1379,Q13255,IC50,4,13900.0,nM,8.0,5.06,15283|2333
1381,Q13255,IC50,1,160.0,nM,8.0,6.8,38188
1382,Q13255,IC50,2,5000.0,nM,8.5,5.324999999999999,15713|38188
1383,P23385,IC50,1,16.0,nM,8.0,7.8,36344
1384,P23385,IC50,1,5.0,nM,9.0,8.3,38151
1392,P23385,EC50,1,100000.0,nM,8.0,4.0,2449
1392,P31421,EC50,3,300.0,nM,8.0,6.52,2449|3170|4324
1392,P31422,EC50,1,1700.0,nM,8.0,5.77,4324
1392,P31423,EC50,1,100000.0,nM,9.0,,21632
1392,P31424,EC50,1,200000.0,nM,8.0,,2449
1392,P35349,EC50,1,110000.0,nM,8.0,,2449
1392,Q14832,EC50,1,3000.0,nM,8.0,5.52,3170
1394,O00222,EC50,2,1690.0,nM,8.5,5.77,15356|34829
1394,O15303,EC50,2,50200.5,nM,8.0,6.4,15356
1394,P31421,EC50,4,0.7858,nM,9.0,9.115,128892|129573
1394,P31422,EC50,4,9.6665,nM,9.0,8.015,128892|129573
1394,Q13255,EC50,1,100000.0,nM,8.0,,15356
1394,Q14416,EC50,3,2.69,nM,9.0,8.57,15356|34829|66526
1394,Q14831,EC50,1,100000.0,nM,8.0,,15356
1394,Q14832,EC50,3,4.58,nM,9.0,8.34,15356|34829|66526
1394,Q14833,EC50,1,21100.0,nM,8.0,4.68,15356
13945,Q9GZQ6,EC50,1,2600.0,nM,9.0,5.58,89495
13945,Q9GZQ6,Emax,1,56.2,%,9.0,,89495
13945,Q9Y5X5,EC50,1,645.0,nM,9.0,6.19,89495
13945,Q9Y5X5,Emax,1,22.0,%,9.0,,89495
1395,P31421,EC50,4,47.980000000000004,nM,8.0,8.9,15758
1395,P31422,EC50,2,50001.035,nM,8.0,8.68,15758
1395,Q14416,EC50,1,0.57,nM,8.0,9.24,66526
1395,Q14832,EC50,1,2.07,nM,8.0,8.68,66526
13964,C4YTQ8,EC50,1,681.0,nM,8.0,6.17,51887
13964,P06492,IC50,1,6357.0,nM,8.0,,51887
13964,P9WHJ3,EC50,1,14400.0,nM,8.0,4.84,51887
13964,Q194T2,IC50,1,4723.0,nM,8.0,,51887
13964,Q9Y5X4,IC50,1,8962.0,nM,9.0,,51887
1397,P23385,EC50,1,100000.0,nM,9.0,,21067
1397,P31421,EC50,1,100000.0,nM,9.0,,21067
1397,P31422,EC50,1,100000.0,nM,9.0,,21067
1397,P31424,EC50,1,100000.0,nM,9.0,,21067
1397,P35349,EC50,1,100000.0,nM,9.0,,21067
1397,Q14416,IC50,1,20.0,nM,8.0,7.7,66526
1397,Q14832,IC50,1,24.0,nM,8.0,7.62,66526
13974,P50579,IC50,1,12.0,nM,9.0,7.92,128710
13992,Q9NS67,EC50,3,912.0,nM,9.0,6.04,120862|128089
13992,Q9NS67,Emax,2,59.5,%,9.0,,120862|128089
13993,Q9NS67,EC50,1,1258.93,nM,9.0,5.9,128089
13995,P0C5J4,IC50,1,630.0,nM,9.0,6.2,119532
13995,Q9Y2T5,IC50,1,880.0,nM,9.0,6.06,118712
14000,P14416,EC50,2,2951.105,nM,9.0,5.53,111505
14000,P14416,Emax,2,40.15,%,9.0,,111505
14007,P10520,EC50,2,11866.0,nM,8.0,4.97,51887
14007,P37231,IC50,1,4811.0,nM,5.0,5.32,51887
14007,P43367,IC50,2,6426.049999999999,nM,9.0,5.205,51887
14007,P53987,IC50,1,22000.0,nM,8.0,4.66,64062
14007,P9WHJ3,EC50,1,11500.0,nM,8.0,4.94,51887
14007,Q4U2R8,IC50,1,4600.0,nM,8.0,5.34,64659
14007,Q63344,IC50,1,9000.0,nM,8.0,5.05,64062
14007,Q8IL11,IC50,1,81890.0,nM,9.0,4.09,51887
14007,Q9Y5X4,IC50,1,39841.0,nM,9.0,,51887
14007,Q9Y618,IC50,1,4811.0,nM,5.0,5.32,51887
1402,Q14416,EC50,1,1700.0,nM,9.0,5.77,20322
14021,P21554,EC50,1,18300.0,nM,9.0,4.74,72246
14021,P21554,Efficacy,1,62.0,%,9.0,,72246
14021,P34972,EC50,1,3280.0,nM,9.0,5.48,72246
14021,P34972,Efficacy,1,31.0,%,9.0,,72246
14021,P87108,IC50,1,68300.0,nM,9.0,4.17,51887
14021,Q9GZV3,IC50,2,2295.235,nM,8.0,,51887
1403,Q14416,EC50,2,348.0,nM,9.0,6.46,20322|20661
1405,Q63424,IC50,1,3000000.0,nM,8.0,,64551
14052,B9W6M3,EC50,1,180000.0,nM,8.0,,51887
14052,C4YTQ8,EC50,3,150000.0,nM,8.0,5.67,51887
14052,O60240,IC50,1,2312.0,nM,9.0,,51887
14052,P32245,IC50,1,1997.0,nM,8.0,5.7,51887
14052,P41235,IC50,1,23461.0,nM,9.0,,51887
14052,P61088,IC50,2,2604.5,nM,9.0,5.59,51887
14052,Q07440,IC50,1,20000.0,nM,9.0,,51887
14052,Q2TB90,IC50,2,44495.0,nM,9.0,5.05,51887
14059,O54798,EC50,3,54.7,nM,9.0,7.26,127036
14059,O54798,IC50,2,17.408,nM,9.0,8.155000000000001,127036
14059,P32247,EC50,3,10.86,nM,9.0,7.96,127036
14059,P32247,IC50,2,44.2365,nM,9.0,7.815,127036
14059,Q8K418,EC50,1,6.109,nM,9.0,8.21,127036
1406,P23385,EC50,1,500000.0,nM,9.0,,17644
1406,P31421,EC50,1,300000.0,nM,9.0,,17644
1406,P31422,EC50,1,200000.0,nM,9.0,,17644
1406,P31423,EC50,1,5200.0,nM,8.0,5.28,17644
1406,P31424,EC50,1,500000.0,nM,9.0,,17644
1406,P35349,EC50,1,4700.0,nM,8.0,5.33,17644
1406,P35400,EC50,1,185000.0,nM,8.0,,17644
1406,P70579,EC50,1,210.0,nM,9.0,6.68,17644
1406,Q14831,EC50,2,116500.0,nM,8.0,4.32,3711
1406,Q14833,EC50,2,4200.0,nM,8.0,5.390000000000001,3711
14061,P25929,EC50,1,0.0476,nM,9.0,10.32,126788
14061,P49146,EC50,1,0.0163,nM,9.0,10.79,126788
14061,P50391,EC50,3,125.0,nM,9.0,6.9,126788
14061,Q15761,EC50,1,1.88,nM,9.0,8.73,126788
14061,Q15761,Emax,1,106.0,%,9.0,,126788
14061,Q61041,EC50,1,0.07,nM,9.0,10.15,126788
14061,Q63447,EC50,1,0.31,nM,9.0,9.51,126788
1407,O00222,EC50,2,33.5,nM,9.0,7.5,105330
1407,O15303,EC50,1,3200.0,nM,9.0,5.5,105330
1407,P23385,EC50,1,32000.0,nM,9.0,4.5,17644
1407,P31421,EC50,1,100000.0,nM,9.0,,17644
1407,P31422,EC50,1,100000.0,nM,9.0,,17644
1407,P31423,EC50,3,8800.0,nM,9.0,5.06,17644|21632
1407,P31424,EC50,1,100000.0,nM,9.0,,17644
1407,P35349,EC50,1,3600.0,nM,8.0,5.44,17644
1407,P35400,EC50,1,100000.0,nM,8.0,,17644
1407,P70579,EC50,1,31.0,nM,9.0,7.51,17644
1407,Q14831,EC50,1,30000.0,nM,9.0,,105330
1407,Q14833,EC50,2,2580.0,nM,9.0,5.605,105330
14078,Q96RI1,IC50,1,468.0,nM,9.0,6.33,131267
1408,O00222,EC50,1,5100.0,nM,9.0,5.29,105330
1408,O15303,EC50,1,11000.0,nM,9.0,4.96,105330
1408,P31421,EC50,1,1000000.0,nM,9.0,,31744
1408,P31423,EC50,3,7200.0,nM,9.0,5.449999999999999,21632|31744|50682
1408,P31424,EC50,1,1000000.0,nM,9.0,,31744
1408,P35349,EC50,2,14500.0,nM,9.0,4.855,31744|50682
1408,P35400,EC50,2,740000.0,nM,9.0,,31744|50682
1408,P70579,EC50,2,7600.0,nM,9.0,5.145,31744|50682
1408,Q14831,EC50,1,280000.0,nM,9.0,,105330
1408,Q14833,EC50,2,4450.0,nM,8.5,5.455,105330|14106
14086,P29274,IC50,1,2000.0,nM,9.0,5.7,127376
1409,P23385,EC50,1,5000000.0,nM,9.0,,31744
1409,P31421,EC50,1,5000000.0,nM,9.0,,31744
1409,P31423,EC50,1,48300.0,nM,9.0,4.32,31744
1409,P31423,Emax,1,75.0,%,9.0,,31744
1409,P31424,EC50,1,5000000.0,nM,9.0,,31744
1409,P35349,EC50,1,378000.0,nM,9.0,,31744
1409,P70579,EC50,1,56200.0,nM,9.0,4.25,31744
1409,P70579,Emax,1,36.0,%,9.0,,31744
141,P28223,EC50,2,22.2,nM,9.0,7.65,121276|121765
141,P28223,Emax,1,93.4,%,9.0,,121276
14102,P11229,EC50,1,4466.0,nM,8.0,5.35,14794
14102,Q9ERZ3,EC50,1,10000.0,nM,9.0,5.0,14354
14104,O95977,IC50,1,2154.0,nM,9.0,5.67,51887
14104,P21453,IC50,1,7276.0,nM,9.0,5.14,51887
14104,Q932Y6,IC50,1,49756.0,nM,9.0,,51887
1411,P31423,EC50,1,100000.0,nM,9.0,,21632
14111,O43525,EC50,2,7495.0,nM,6.0,5.5,62391
14111,O43526,EC50,1,690.0,nM,6.0,6.16,62391
14111,P15382,IC50,1,100000.0,nM,6.0,,62391
14111,P51787,IC50,1,100000.0,nM,6.0,,62391
14111,Q9NR82,EC50,1,14300.0,nM,6.0,4.84,62391
14112,O43525,IC50,1,120.0,nM,6.0,6.92,65839
14112,O43526,IC50,2,95.0,nM,7.0,7.04,65839
14112,P15382,IC50,1,8120.0,nM,6.0,5.09,65839
14112,P51787,IC50,2,5520.0,nM,7.0,5.3149999999999995,65839
14112,P56696,IC50,1,200.0,nM,8.0,6.7,65839
14138,P43119,EC50,2,24.35,nM,9.0,7.955,102322|104192
14138,P43253,EC50,1,560.0,nM,9.0,6.25,104192
14138,Q13258,EC50,1,980.0,nM,9.0,6.01,104192
14139,P32240,IC50,2,141.15,nM,9.0,6.87,112500|124686
14139,P34995,IC50,2,10000.0,nM,9.0,,112500|124686
14139,P35408,IC50,7,10.1,nM,9.0,8.0,112500|124686|126398|128174
14139,P43115,IC50,2,10000.0,nM,9.0,,112500|124686
14139,P43116,IC50,2,10000.0,nM,9.0,,112500|124686
14143,Q96P68,IC50,1,30000.0,nM,9.0,,65557
14143,Q9BXA5,IC50,1,7.0,nM,9.0,8.15,65557
14146,P21462,EC50,4,2000.0,nM,9.0,5.8,129212|47771
14146,P25090,EC50,3,600.0,nM,9.0,6.22,129212|47771
14148,P21462,IC50,1,3.981,nM,9.0,8.4,60604
14159,P25929,IC50,1,35000.0,nM,9.0,,51887
14159,P49146,IC50,3,190.0,nM,9.0,6.72,51887|62038|76540
14169,Q15391,EC50,1,63.0,nM,9.0,7.2,49079
1417,P41594,EC50,1,750000.0,nM,8.0,,15283
14176,P46089,EC50,1,260.0,nM,9.0,6.58,127723
14176,P46089,Emax,1,90.0,%,9.0,,127723
14179,P25106,IC50,1,3.0,nM,9.0,8.52,122097
1418,P41594,IC50,1,155000.0,nM,8.0,,2333
1418,Q13255,IC50,2,34000.0,nM,8.0,4.62,2333|38188
142,P28223,EC50,6,121.0,nM,9.0,6.95,35188|38139|48939|49854|6857|73887
142,P28223,Emax,1,58.0,%,9.0,,48939
142,P28335,EC50,9,15.0,nM,9.0,7.82,101891|104481|35188|38139|48846|48939|49854|6857|73887
142,P28335,Emax,3,71.0,%,9.0,,101891|48846|48939
142,P41595,EC50,6,206.0,nM,9.0,6.9,35188|38139|48846|48939|49854|6857
142,P41595,Emax,2,35.0,%,9.0,,48846|48939
1420,P31424,EC50,2,112.5,nM,9.0,7.015,31236|75061
1420,P41594,EC50,3,199.0,nM,9.0,6.7,74848|75061
14202,P14416,IC50,2,1040.5,nM,9.0,6.6,110137|111316
14202,P21728,IC50,6,6.939,nM,9.0,8.16,111316|111539|126809|62594
1422,P31424,EC50,2,87.5,nM,9.0,7.0600000000000005,31236|75061
1422,P41594,EC50,3,176.0,nM,9.0,6.75,74848|75061
14220,P0DMS8,EC50,2,2.692,nM,9.0,8.57,121889|34999
14220,P29274,EC50,1,173.78,nM,9.0,6.76,34999
14220,P29275,EC50,1,2041.74,nM,9.0,5.69,34999
14220,P30542,EC50,2,3.388,nM,9.0,8.47,34999
14221,P29275,IC50,1,262.0,nM,9.0,6.58,108024
14222,Q61618,EC50,1,0.6,nM,9.0,9.22,91301
14224,P0DMS8,EC50,1,0.22,nM,9.0,9.66,129268
14224,P0DMS8,Emax,1,117.0,%,9.0,,129268
14244,O95461,EC50,1,5130.0,nM,9.0,,51887
1426,P31424,IC50,7,3.54,nM,9.0,8.45,130858|36835|46751|57401|57821|64900|92910
1426,P41594,IC50,16,22.0,nM,9.0,7.66,104326|113562|15283|17204|30615|31043|31368|31718|36099|37394|38717|5292|6035|72510|92938|93044
1426,Q13224,IC50,1,18000.0,nM,8.0,4.75,17204
1426,Q13255,IC50,1,100000.0,nM,8.0,,17204
1426,Q64133,IC50,1,8000.0,nM,8.0,5.1,17204
14260,P30989,EC50,1,1.18,nM,9.0,8.93,112395
14266,P41594,IC50,1,0.631,nM,9.0,9.2,93155
1428,P41594,IC50,1,0.94,nM,9.0,9.03,30615
1431,P41594,IC50,1,370.0,nM,8.0,6.43,15283
1431,Q13255,IC50,1,100000.0,nM,8.0,,15283
1432,P41594,IC50,2,1645.0,nM,8.0,6.029999999999999,15283|5292
1432,Q13255,IC50,1,100000.0,nM,8.0,,15283
1436,O00222,IC50,1,300000.0,nM,8.0,,2695
1436,P23385,EC50,1,1000000.0,nM,8.0,,2449
1436,P31421,IC50,1,200000.0,nM,8.0,,2449
1436,P31424,IC50,1,600000.0,nM,8.0,,2449
1436,P35349,EC50,1,20000.0,nM,8.0,4.7,2449
1436,P41594,IC50,2,300000.0,nM,8.0,,2695
1436,Q13255,IC50,2,300000.0,nM,8.0,,2695
1436,Q14416,IC50,2,210500.0,nM,8.0,,2695
1436,Q14832,IC50,1,300000.0,nM,8.0,,2695
1436,Q14833,IC50,2,300000.0,nM,8.0,,2695
144,P31645,IC50,1,1200.0,nM,9.0,5.92,20886
1441,P10520,EC50,2,6546.0,nM,8.0,5.45,51887
1441,Q14831,EC50,1,158.49,nM,9.0,6.8,112159
1441,Q14831,Emax,1,62.0,%,9.0,,112159
1443,P31423,EC50,1,130.0,nM,8.0,6.89,102810
1443,P35349,EC50,1,1030.0,nM,8.0,5.99,102810
1443,P35400,EC50,1,100000.0,nM,8.0,,102810
1443,P70579,EC50,1,290.0,nM,8.0,6.54,102810
1448,Q9HC97,EC50,1,10000.0,nM,9.0,,128647
145,P08908,EC50,1,197.0,nM,9.0,6.71,51887
145,P08909,EC50,1,77.8,nM,9.0,7.11,30538
145,P08909,Emax,1,89.0,%,9.0,,30538
145,P14842,EC50,1,462.0,nM,9.0,6.33,30538
145,P14842,Emax,1,70.0,%,9.0,,30538
145,P28223,EC50,4,1.8050000000000002,nM,9.0,8.74,121276|121765|127538
145,P28223,Emax,2,94.0,%,9.0,,121276|127538
145,P28335,EC50,2,33.505,nM,9.0,7.475,127538
145,P28335,Emax,1,84.0,%,9.0,,127538
145,P30994,EC50,1,240.0,nM,9.0,6.62,30538
145,P41595,EC50,2,6.9990000000000006,nM,9.0,8.16,127538
145,P41595,Emax,1,72.0,%,9.0,,127538
145,P48039,EC50,1,257.0,nM,9.0,6.59,92542
145,P48039,Emax,1,62.0,%,9.0,,92542
145,P49286,EC50,1,112.0,nM,9.0,6.95,92542
145,P49286,Emax,1,28.0,%,9.0,,92542
145,Q9QUQ5,EC50,1,670.0,nM,9.0,,51887
1456,A5A4K8,EC50,3,1200.0,nM,9.0,5.92,48505|53089|57738
1456,O43193,EC50,6,515.48,nM,8.5,6.300000000000001,17762|44953|45438|53461|57738
1456,P06795,IC50,2,35000.0,nM,8.0,,17494
1456,P08183,IC50,3,50000.0,nM,8.0,4.37,17494
1456,P10520,EC50,1,60.0,nM,8.0,,51887
1456,P21447,IC50,2,46500.0,nM,8.0,4.37,17494
1456,P24666,IC50,2,63550.0,nM,9.0,,51887
1458,O43193,EC50,2,0.5049049999999999,nM,9.0,9.705,124058|45438
146,P28223,EC50,1,2.64,nM,9.0,8.58,89292
146,P28223,Emax,1,110.0,%,9.0,,89292
146,Q7Z2W7,IC50,2,12700.0,nM,9.0,4.895,54012
147,P08908,Emax,1,103.0,%,9.0,,129713
147,P28335,Emax,1,96.0,%,9.0,,129713
147,P41595,EC50,4,11.971499999999999,nM,9.0,7.949999999999999,129713
147,P41595,IC50,1,3.5,nM,9.0,8.46,45320
1474,Q9GZQ4,EC50,3,0.92,nM,9.0,9.04,90423|91780|97870
1474,Q9HB89,EC50,3,0.43,nM,9.0,9.37,90423|91780|97870
1479,P41143,EC50,1,121.2,nM,9.0,6.92,127428
1479,P41143,Emax,1,97.9,%,9.0,,127428
1479,Q9GZQ6,EC50,3,274.0,nM,9.0,6.56,111075|121660
1479,Q9GZQ6,Emax,2,77.65,%,9.0,,111075|121660
1479,Q9Y5X5,EC50,12,42.53,nM,9.0,7.37,111075|119862|121660|127428|65796
1479,Q9Y5X5,Emax,10,90.0,%,9.0,,111075|121660|127428|65796
1486,Q9GZQ6,EC50,3,462.0,nM,9.0,6.33,119862|65796
1486,Q9GZQ6,Emax,2,91.0,%,9.0,,65796
1486,Q9GZQ6,IC50,1,410.0,nM,9.0,6.39,111075
1486,Q9Y5X5,EC50,2,425.5,nM,9.0,6.375,65796
1486,Q9Y5X5,Emax,2,75.0,%,9.0,,65796
1486,Q9Y5X5,IC50,1,410.0,nM,9.0,6.39,111075
149,P28223,EC50,2,7.621499999999999,nM,9.0,8.120000000000001,127116
149,P28223,Emax,1,106.0,%,9.0,,127116
150,P41595,EC50,1,21.38,nM,9.0,7.67,53923
152,P08909,EC50,1,1.8,nM,9.0,8.74,30538
152,P08909,Emax,1,100.0,%,9.0,,30538
152,P14842,EC50,2,121.0,nM,9.0,6.99,17200|30538
152,P14842,Efficacy,1,51.5,nM,9.0,,17200
152,P14842,Emax,1,96.0,%,9.0,,30538
152,P28223,EC50,1,2.0,nM,9.0,8.7,108294
152,P28223,Emax,1,1.0,%,9.0,,108294
152,P30994,EC50,1,4.2,nM,9.0,8.38,30538
1531,P50391,EC50,2,7.0,nM,9.0,8.165,114522
1565,Q15761,IC50,1,61.0,nM,9.0,7.21,44048
157,P08909,EC50,2,30.2,nM,9.0,7.52,30538|36532
157,P08909,Emax,3,84.0,%,9.0,,30538|36532
157,P14842,EC50,3,19.8,nM,9.0,7.7,17200|30538|36532
157,P14842,Efficacy,1,17.8,nM,9.0,,17200
157,P14842,Emax,3,33.0,%,9.0,,30538|36532
157,P30994,EC50,2,11.9,nM,9.0,7.92,30538|36532
1579,O88319,EC50,1,2.0,nM,9.0,8.7,46220
1579,O95665,EC50,1,110.0,nM,9.0,6.96,57358
1579,P20789,EC50,1,0.04,nM,9.0,10.4,83888
1579,P20789,Emax,1,100.0,%,9.0,,83888
1579,P30989,EC50,5,1.98,nM,9.0,8.7,45717|46101|46220|57358
1579,P30989,Emax,2,100.0,%,8.5,,45717|46101
1579,P30989,IC50,1,6.03,nM,9.0,8.22,45717
1579,Q63384,EC50,1,100.0,nM,9.0,,90030
1579,Q63384,IC50,3,42.0,nM,9.0,7.38,83888|89224|90030
1580,P30989,IC50,1,4.0,nM,9.0,8.4,90417
1580,Q63384,EC50,3,20.0,nM,9.0,7.7,83888|89224|90030
1580,Q63384,Emax,1,100.0,%,9.0,,83888
1581,Q63384,EC50,1,217.0,nM,9.0,6.66,83888
1581,Q63384,Emax,1,86.0,%,9.0,,83888
1582,P25089,IC50,1,4991.46,nM,9.0,5.3,128647
1582,P30989,IC50,1,82.0,nM,9.0,7.09,90417
1582,P32249,IC50,1,6269.08,nM,9.0,5.2,128647
1582,Q63384,EC50,1,120.0,nM,9.0,6.92,83888
1582,Q63384,Emax,1,100.0,%,9.0,,83888
1586,Q63384,EC50,1,28.0,nM,9.0,7.55,83888
1586,Q63384,Emax,1,16.0,%,9.0,,83888
1589,P49019,EC50,3,1470.0,nM,9.0,5.83,35234|44768
1589,Q8TDS4,EC50,3,110.0,nM,9.0,6.96,35234|44768
1591,P49019,EC50,1,11748.98,nM,9.0,4.93,37001
1591,Q8TDS4,EC50,3,1000.0,nM,9.0,6.46,37001|37683
1591,Q8TDS4,Efficacy,1,95.0,%,9.0,,37001
1592,Q8TDS4,EC50,1,16000.0,nM,9.0,4.8,37683
1595,P49019,EC50,4,4200.0,nM,8.5,5.38,35234|44768|47935
1595,P49019,IC50,1,3000.0,nM,8.0,5.52,44768
1595,Q8TDS4,EC50,4,1300.0,nM,8.5,5.89,35234|44768|47935
1595,Q8TDS4,IC50,1,500.0,nM,8.0,6.3,44768
1596,Q8TDS4,EC50,1,5300.0,nM,9.0,5.28,35234
1597,P49019,EC50,1,398.11,nM,9.0,6.4,30664
1597,Q8TDS4,EC50,1,400.0,nM,8.0,6.4,44768
1598,P49019,EC50,1,4800.0,nM,9.0,5.32,35234
1598,Q8TDS4,EC50,1,24000.0,nM,9.0,4.62,35234
1599,P49019,EC50,3,180.0,nM,9.0,6.75,35234
1599,Q8TDS4,EC50,3,370.0,nM,9.0,6.525,35234
16,P28221,EC50,2,1.1,nM,8.5,8.96,14158|14499
16,P28221,Efficacy,2,103.0,%,9.0,,14499|15250
160,P14842,EC50,1,80.1,nM,9.0,7.1,17200
160,P14842,Efficacy,1,28.6,nM,9.0,,17200
1603,Q96LB1,Emax,2,9.06,%,9.0,,131050
1606,Q96LB1,Emax,2,10.855,%,9.0,,131050
1607,P32300,IC50,3,0.36,nM,9.0,9.44,13393|35835|8734
1607,P33533,EC50,1,8.7e-08,,5.0,,6939
1607,P33534,IC50,1,0.36,nM,4.0,9.44,8734
1607,P33535,EC50,1,8.7e-08,,5.0,,6939
1607,P34975,EC50,1,8.7e-08,,5.0,,6939
1607,P41143,EC50,4,4.7607,nM,9.0,8.715,117709|127292|131050
1607,P41143,Emax,4,96.05,%|uM,9.0,,117709|127292|128993
1607,P41143,IC50,1,0.04,nM,9.0,10.4,128993
1607,P41144,EC50,1,4.6e-07,,5.0,,6939
1607,P42866,IC50,1,0.36,nM,4.0,9.44,8734
1607,P97266,EC50,1,4.6e-07,,5.0,,6939
1607,P97266,IC50,2,26.4,nM,9.0,7.58,13393|35835
1608,P06795,IC50,2,50000.0,nM,8.0,,17494
1608,P08183,IC50,3,50000.0,nM,8.0,,17494
1608,P21447,IC50,2,50000.0,nM,8.0,,17494
1608,P32300,EC50,3,4.1,nM,9.0,8.39,114196|17216|75230
1608,P32300,IC50,11,4.1,nM,9.0,8.39,11552|12285|12329|12391|13393|14300|16580|17733|47632|52184|66834
1608,P33533,EC50,2,184.715,nM,9.0,7.64,105361|117826
1608,P33533,Emax,1,231.3,%,9.0,,117826
1608,P33533,IC50,1,4.0,nM,9.0,8.4,2703
1608,P33534,IC50,1,2.8,nM,5.0,8.55,11552
1608,P35372,EC50,1,10000.0,nM,9.0,,17480
1608,P35372,Emax,1,89.0,%,9.0,,114220
1608,P35372,IC50,2,2.05,nM,6.5,8.7,114220|9617
1608,P41143,EC50,34,2.045,nM,9.0,8.7,121660|121906|124043|127428|129421|130643|17480|30746|31109|35835|37504|38754|44050|45287|46805|47632|49225|54776|65578|72694|73547|89424|92534|92963|97344|97946|98430
1608,P41143,Emax,17,76.0,%,9.0,,114220|121660|127428|129421|30746|31109|35835|38754|45287|46805|47632|49225|54776|65578|72694|73547|92963
1608,P41143,IC50,5,0.9,nM,9.0,9.05,103616|114220|52824|90662|9617
1608,P41146,Emax,1,0.0,%,8.0,,49225
1608,P42866,IC50,1,2.8,nM,5.0,8.55,11552
1608,P97266,EC50,1,7300.0,nM,9.0,5.14,17216
1608,P97266,Emax,2,51.4,nM,9.0,,3414|3460
1608,P97266,IC50,10,7300.0,nM,9.0,5.14,12285|12329|12391|13393|14300|16580|17733|47632|52184|9617
1609,P35372,IC50,1,0.4,nM,4.0,9.4,9617
1609,P41143,IC50,1,0.4,nM,4.0,9.4,9617
1609,P97266,IC50,1,406.0,nM,9.0,6.39,9617
1611,P32300,IC50,8,4.035,nM,8.0,8.415,13393|14124|14300|15289|30698
1611,P33533,EC50,1,166.0,nM,9.0,6.78,48465
1611,P41143,EC50,14,6.199999999999999,nM,9.0,8.219999999999999,113305|114377|116125|15665|17733|31659|37896|45228|46432|47540|48996|60560|67046|83018
1611,P41143,Emax,7,120.0,%,9.0,,15665|31659|36597|37896|46432|48996|67046
1611,P41144,Emax,2,143.0,nM,9.0,,3414|3460
1611,P41144,IC50,1,1258.93,nM,8.0,5.9,30698
1611,P97266,Emax,5,131.0,%|nM,9.0,,17733|3414|3460
1611,P97266,IC50,4,5457.0,nM,9.0,5.26,13393|14300|15289|30698
1614,P33535,EC50,2,306.515,nM,9.0,6.515,74264
1614,P33535,Emax,1,205.3,%,9.0,,74264
1614,P35372,EC50,3,110.0,nM,9.0,6.96,127292|130657|37504
1614,P35372,Emax,2,100.0,%,9.0,,127292|130657
1614,P35372,IC50,1,13.0,nM,9.0,7.89,97319
1614,P41143,EC50,3,1.03,nM,9.0,8.99,37504|47540|60560
1614,P41143,IC50,1,6.4,nM,9.0,8.19,97319
1614,Q96LB1,Emax,2,11.45,%,9.0,,131050
1617,Q96LB1,Emax,2,6.335,%,9.0,,131050
1618,P41143,IC50,1,284.0,nM,8.0,6.55,8742
1618,P41145,IC50,1,13.09,nM,8.0,7.88,8742
1618,P97266,IC50,1,2.88,nM,9.0,8.54,8742
1619,P33534,EC50,2,82.85,nM,9.0,7.484999999999999,120922
1619,P33534,Emax,1,100.0,%,9.0,,120922
1619,P34975,EC50,3,8.0,nM,8.0,8.1,15865
1619,P35372,EC50,2,213.8,nM,9.0,6.67,97946|98430
1619,P41143,EC50,2,18.62,nM,9.0,7.73,97946|98430
1619,P41145,EC50,4,2.9905,nM,9.0,8.35,131050|93951|97946|98430
1619,Q96LB1,EC50,3,1100.0,nM,9.0,5.96,131050
1619,Q96LB1,Emax,2,79.46,%,9.0,,131050
1620,P32300,IC50,1,22.5,nM,4.0,7.65,10601
1620,P33534,IC50,1,22.5,nM,4.0,7.65,10601
1620,P35372,EC50,1,213.8,nM,9.0,6.67,92534
1620,P35372,IC50,1,2.5,nM,4.0,8.6,10601
1620,P41143,EC50,1,18.62,nM,9.0,7.73,92534
1620,P41143,IC50,1,2.5,nM,4.0,8.6,10601
1620,P41145,EC50,4,1.439,nM,9.0,8.855,39474|46805|89750|92534
1620,P41145,Emax,2,121.5,%,9.0,,46805|89750
1620,P41145,IC50,1,2.5,nM,4.0,8.6,10601
1620,P42866,IC50,1,22.5,nM,4.0,7.65,10601
1621,Q96LB1,EC50,1,58000.0,nM,9.0,4.24,131050
1621,Q96LB1,Emax,2,19.505000000000003,%,9.0,,131050
1622,P41145,EC50,1,0.13,nM,9.0,9.89,131050
1622,Q96LB1,EC50,3,8340.0,nM,9.0,5.08,131050
1622,Q96LB1,Emax,2,62.68,%,9.0,,131050
1623,P32300,IC50,4,156.7,nM,9.0,7.52,35025|36256|47725|65805
1623,P33535,EC50,2,135.0,nM,9.0,6.880000000000001,43813|56053
1623,P33535,Emax,3,149.0,%,9.0,,43813|56053
1623,P35372,EC50,6,14.4,nM,9.0,7.84,116760|121488|123461|35025|65805|93750
1623,P35372,Emax,4,81.015,%,9.0,,116760|121488|65805|93750
1623,P35372,IC50,3,14.0,nM,9.0,7.85,42132|65628|65677
1623,P41143,EC50,1,932.0,nM,9.0,6.03,35025
1623,P97266,IC50,4,15.649999999999999,nM,9.0,7.805,35025|36256|47725|65805
1623,Q96LB1,Emax,2,20.975,%,9.0,,131050
1626,P08183,IC50,1,6500.0,nM,8.0,5.19,64389
1626,P32300,IC50,1,9.45,nM,9.0,8.03,50686
1626,P33535,EC50,1,32.4,nM,8.0,7.49,2791
1626,P35348,IC50,1,3660.0,nM,9.0,5.44,129432
1626,P35367,IC50,1,147910.84,nM,9.0,,65840
1626,P35368,IC50,1,3690.0,nM,9.0,5.43,129432
1626,P35372,EC50,9,4.79,nM,9.0,8.32,112218|113494|118554|128074|128843|128993
1626,P35372,Emax,8,97.5,%,9.0,,112218|118554|121542|128993
1626,P35372,IC50,2,8.1075,nM,9.0,8.115,110423
1626,P41143,Emax,1,87.5,%,9.0,,128993
1626,P41143,IC50,1,150.03,nM,9.0,6.82,128993
1626,P41145,EC50,1,987.35,nM,9.0,6.01,128993
1626,P41145,Emax,1,93.0,%,9.0,,128993
1626,P41146,EC50,1,10000.0,nM,9.0,,128993
1626,P42866,EC50,1,133.0,nM,9.0,6.88,129432
1626,P97266,IC50,1,3.45,nM,9.0,8.46,50686
1626,Q96LB1,Emax,2,5.579999999999999,%,9.0,,131050
1627,P06795,IC50,2,50000.0,nM,8.0,,17494
1627,P08183,IC50,3,50000.0,nM,8.0,,17494
1627,P21447,IC50,2,50000.0,nM,8.0,,17494
1627,P32300,IC50,3,1600.0,nM,9.0,5.995,16580|21713|39391
1627,P33534,EC50,1,400.0,nM,9.0,6.4,74620
1627,P33534,IC50,1,145.1,nM,9.0,6.84,44681
1627,P33535,EC50,6,123.5,nM,9.0,6.91,110841|112656|121222|2791|49432|72174
1627,P33535,Efficacy,1,57.0,%,9.0,,112656
1627,P33535,Emax,4,171.5,%,9.0,,110841|121222|38119|72174
1627,P35372,EC50,26,27.5,nM,9.0,7.574999999999999,102624|108524|112529|117709|118988|121660|121980|128074|128993|131050|31576|36720|39273|46008|55608|62400|74620|75319|90662
1627,P35372,Efficacy,1,98.5,%,9.0,,112529
1627,P35372,Emax,19,83.0,%,9.0,,108524|114220|117709|118988|121542|121660|121980|128993|36597|38119|49140|66611
1627,P35372,IC50,6,26.5,nM,4.0,7.58,114220|66611|7793|8734|8964|9617
1627,P41143,EC50,7,316.0,nM,9.0,6.5,112529|118988|131050|31576|46008|55608|74620
1627,P41143,Efficacy,1,30.0,%,9.0,,112529
1627,P41143,Emax,3,90.0,%,9.0,,118988|128993|49140
1627,P41143,IC50,5,65.0,nM,4.0,7.19,128993|7793|8734|8964|9617
1627,P41145,EC50,8,442.0,nM,9.0,6.36,118988|128993|131050|31576|36720|46008|55608|74620
1627,P41145,Emax,3,85.5,%,9.0,,118988|128993|49140
1627,P41145,IC50,3,29.0,nM,4.0,7.54,7793|8734|8964
1627,P41146,EC50,1,10000.0,nM,9.0,,128993
1627,P42866,EC50,10,163.5,nM,9.0,6.8,127638|38762|51243|74620|91175
1627,P42866,Emax,6,71.45,%,9.0,,121542|127638|51243|91175
1627,P42866,IC50,2,1317.5,nM,8.5,5.885,123461|8092
1627,P97266,IC50,6,110.0,nM,9.0,6.99,123461|16580|21713|39391|7554|9617
1627,Q96LB1,EC50,4,6503.465,nM,9.0,5.1850000000000005,131050
1627,Q96LB1,Emax,2,70.82,%,9.0,,131050
1628,P41145,IC50,2,639.5,nM,9.0,6.11,51887
1628,Q8VNN2,EC50,1,31500.0,nM,9.0,,51887
1629,P35372,IC50,1,28.0,nM,4.0,7.55,7793
1629,P41143,IC50,1,28.0,nM,4.0,7.55,7793
1629,P41145,IC50,1,28.0,nM,4.0,7.55,7793
1629,Q96LB1,Emax,2,6.025,%,9.0,,131050
1631,P32300,IC50,1,82.0,nM,4.0,7.09,8736
1631,P33534,IC50,1,82.0,nM,4.0,7.09,8736
1631,P42866,IC50,1,82.0,nM,4.0,7.09,8736
1639,P32300,EC50,1,4.4,nM,9.0,8.36,91175
1639,P32300,Emax,1,5.6,%,9.0,,91175
1639,P33534,EC50,1,0.81,nM,9.0,9.09,91175
1639,P33534,Emax,1,20.8,%,9.0,,91175
1639,P35372,EC50,2,8.295,nM,9.0,8.515,17097|46432
1639,P35372,Emax,5,7.2,%,9.0,,119393|35613|46432|58829|76007
1639,P35372,IC50,11,8.9,nM,9.0,8.05,118966|119393|128993|31889|34746|34748|35613|46432|82010|91175|95010
1639,P41143,EC50,5,5.44,Ke nM-1|nM,9.0,8.26,17097|17480|46432|76007|90374
1639,P41143,Emax,2,9.8,%,9.0,,46432|76007
1639,P41143,IC50,2,67.72,nM,9.0,7.574999999999999,31889|46432
1639,P41145,EC50,3,1.86,nM,9.0,8.73,17097|46432|76007
1639,P41145,Emax,3,20.8,%,9.0,,35613|46432|76007
1639,P41145,IC50,3,130.0,nM,9.0,6.89,31889|35613|46432
1639,P42866,EC50,2,0.16,nM,9.0,9.8,74715|91175
1639,P42866,Emax,3,5.4,%,9.0,,121894|74715|91175
1639,P42866,IC50,1,6.62,nM,9.0,8.18,121894
1639,Q96LB1,Emax,2,6.11,%,9.0,,131050
1642,P33534,IC50,1,2.9,nM,9.0,8.54,114196
1642,P35372,EC50,1,120.0,nM,9.0,6.92,51283
1642,P35372,IC50,2,212.0,nM,9.0,6.67,52501|53049
1642,P41143,EC50,2,192.21,Ke nM-1|nM,8.5,6.42,17480|51283
1642,P41143,IC50,2,24.0,nM,9.0,7.62,52501|53049
1642,P41145,EC50,1,6.0,nM,9.0,8.22,51283
1642,P41145,IC50,6,2.1,nM,9.0,8.68,107040|129981|16998|52501|53049|92686
1644,P41145,EC50,1,55.6,nM,9.0,7.25,131050
1644,Q96LB1,Emax,2,43.739999999999995,%,9.0,,131050
1647,P32239,EC50,1,2.66,nM,8.0,8.57,45091
1647,P32300,EC50,2,2.691,nM,5.0,8.57,118528
1647,P32300,IC50,1,950.0,nM,9.0,6.02,106373
1647,P33533,EC50,1,49.0,nM,9.0,7.31,106373
1647,P33534,EC50,1,4000.0,nM,9.0,5.4,74620
1647,P33535,EC50,25,37.0,nM,9.0,7.43,105361|106373|117826|30746|31109|35835|38754|43813|45287|47632|49287|52184|54776|56053|57263|66594|89355
1647,P33535,Emax,17,150.0,%,9.0,,117826|30746|31109|35835|38119|38754|43813|45287|47632|49287|52184|54776|56053|57263|66594|89355
1647,P35372,EC50,55,32.6,nM,9.0,7.49,108524|113305|114377|116125|116819|117709|118528|118988|120265|121542|121906|122929|127292|127428|128993|129421|130643|131050|17480|30571|31659|35613|35977|36542|37896|39273|39419|42044|44050|45005|45431|46383|46432|46647|49225|57260|59112|62426|65578|65805|67046|72694|72782|74620|83061|89424|91175
1647,P35372,Emax,38,103.95,%,9.0,,107223|114220|117709|118988|121542|121906|122929|127292|127428|128993|129421|30571|31659|35613|35977|36542|36597|37896|38119|42044|45005|45431|46432|46647|49140|49225|57260|62426|65578|65805|67046|72694|72782|73763
1647,P35372,IC50,9,3.18,nM,9.0,8.5,103616|107223|110423|114220|45320|52824|90662|9617
1647,P41143,EC50,4,204.5,nM,8.5,8.05,118528|17480|59112|74620
1647,P41143,Emax,2,124.0,nM,8.0,,3414|3460
1647,P41143,IC50,1,76.1,nM,4.0,7.12,9617
1647,P41144,Emax,2,135.0,nM,9.0,,3414|3460
1647,P41145,EC50,2,7000.0,nM,9.0,5.4,118988|74620
1647,P41145,Emax,2,34.5,%,9.0,,118988|49140
1647,P41146,Emax,1,0.0,%,8.0,,49225
1647,P42866,EC50,14,19.0,nM,9.0,7.72,106770|110847|114196|118528|127638|129432|74620|75230
1647,P42866,Emax,4,98.6,%,9.0,,110847|127638
1647,P42866,IC50,3,6.6,nM,9.0,8.18,120265|38119
1647,P97266,EC50,1,414.0,,9.0,,17733
1647,P97266,Emax,3,123.0,%|nM,9.0,,17733|3414|3460
1647,P97266,IC50,2,19.9,nM,9.0,7.745,106373|9617
1649,P33534,IC50,1,0.041,nM,9.0,10.39,127551
1649,P33535,IC50,1,10000.0,nM,8.0,,11885
1649,P41143,IC50,1,10000.0,nM,8.0,,11885
1649,P41145,IC50,3,0.041,nM,8.0,10.39,11885
165,P28223,EC50,4,813.29,nM,9.0,6.145,72405
165,P28223,Emax,2,99.0,%,9.0,,72405
165,P28335,EC50,4,94.09,nM,9.0,7.175,72405
165,P28335,Emax,2,93.0,%,9.0,,72405
1650,P41145,IC50,1,7.4,nM,8.0,8.13,159
1651,P33534,IC50,1,0.036,nM,9.0,10.44,127551
1651,P35372,EC50,1,0.72,nM,9.0,9.14,89538
1651,P35372,Emax,1,70.4,%,9.0,,89538
1651,P41143,EC50,1,74.1,nM,9.0,7.13,89538
1651,P41143,Emax,1,55.2,%,9.0,,89538
1651,P41144,IC50,1,0.005,nM,9.0,,127551
1651,P41145,EC50,3,0.034,nM,9.0,10.47,38874|89538|93888
1651,P41145,Emax,1,98.1,%,9.0,,89538
1651,P49238,IC50,1,10000.0,nM,9.0,,128647
1651,Q96LB1,Emax,2,10.41,%,9.0,,131050
1652,P41145,EC50,1,2.0,nM,9.0,8.7,130643
166,P08909,EC50,1,199.53,nM,9.0,6.7,14068
166,P08909,Efficacy,1,1.0,,9.0,,14068
166,P28223,EC50,3,131.0,nM,9.0,6.88,38139|39082|6857
166,P28223,Emax,1,91.0,%,9.0,,39082
166,P28335,EC50,3,18.0,nM,9.0,7.75,38139|39082|6857
166,P28335,Emax,1,88.0,%,9.0,,39082
166,P41595,EC50,3,2.4,nM,9.0,8.62,38139|39082|6857
166,P41595,Emax,1,130.0,%,9.0,,39082
1663,P35372,EC50,2,30.0,nM,9.0,7.595,35613|46432
1663,P35372,Emax,2,36.5,%,9.0,,35613|46432
1663,P35372,IC50,2,103.0,nM,9.0,6.99,35613|46432
1663,P41145,EC50,4,60.5,nM,9.0,7.220000000000001,35613|46432|60860
1663,P41145,Emax,4,67.5,%,9.0,,35613|46432|60860
1666,P33534,EC50,2,55.45,nM,9.0,7.57,123461
1666,P35372,EC50,3,10000.0,nM,9.0,5.54,118988|57498|89750
1666,P35372,Emax,3,0.0,%,9.0,,105856|118988|57498
1666,P41143,EC50,1,10000.0,nM,9.0,,118988
1666,P41143,Emax,2,0.0,%,9.0,,105856|118988
1666,P41145,EC50,37,4.5,nM,9.0,8.35,105856|108176|112218|112270|117709|118988|127551|129981|131050|20450|21352|31702|34894|35985|36123|37097|38874|39419|42671|45669|53086|54643|60860|61728|73618|89294|89750|90119|93635
1666,P41145,Efficacy,4,99.0,%,9.0,,20450|31702|34894
1666,P41145,Emax,26,104.0,%,9.0,,105856|108176|112218|117709|118988|129981|21352|35985|36123|37097|38874|39419|42671|45669|53086|54643|57498|60860|61728|89750|90119|93635
1666,Q96LB1,Emax,2,6.25,%,9.0,,131050
1668,Q96LB1,Emax,2,5.23,%,9.0,,131050
1671,P32300,IC50,1,243.0,nM,8.0,6.61,17733
1671,P97266,IC50,1,59.4,nM,9.0,7.23,17733
1673,Q96LB1,EC50,2,8380.415,nM,9.0,5.085,131050
1673,Q96LB1,Emax,2,78.805,%,9.0,,131050
1674,P32300,IC50,1,13500.0,nM,9.0,4.87,45255
1674,P97266,IC50,1,2.8,nM,9.0,8.55,45255
1674,Q01726,EC50,1,100.0,nM,8.0,7.0,17741
1679,P41146,EC50,1,12.9,nM,9.0,7.89,38487
1679,P41146,Emax,1,58.0,%,9.0,,38487
168,P28223,EC50,1,719.0,nM,9.0,6.14,6857
168,P28335,EC50,1,44.0,nM,9.0,7.36,6857
168,P41595,EC50,1,11.0,nM,9.0,7.96,6857
1681,P35370,EC50,9,13.0,nM,8.0,7.89,36586|4161|44658|49368
1681,P35370,Emax,1,79.0,%,9.0,,36586
1681,P35377,EC50,4,11.24,nM,9.0,7.95,21535|36586|54339
1681,P35377,Emax,3,90.0,%,9.0,,21535|36586|54339
1681,P41145,EC50,1,78.5,nM,9.0,7.11,59112
1681,P41146,EC50,21,0.912,nM,9.0,9.204999999999998,121578|127292|128993|130657|16759|20185|21535|36586|38487|45630|46805|49368|5175|55203|59112|6282|83061|92616|99348
1681,P41146,Efficacy,1,100.0,%,9.0,,83061
1681,P41146,Emax,14,100.0,%,9.0,,121578|127292|128993|130657|16753|20185|21535|36586|38487|45630|46805|55203
1681,P47748,EC50,2,7.080500000000001,nM,9.0,8.165,21535|36586
1681,P47748,Emax,2,51.5,%,9.0,,21535|36586
1682,P35370,EC50,2,486.77500000000003,nM,9.0,6.32,31572
1682,P35370,Emax,2,-47.5,%,9.0,,31572
1682,P35377,EC50,2,11.24,nM,9.0,7.95,54339
1682,P35377,Emax,1,90.0,%,9.0,,54339
1682,P41146,EC50,5,0.78,nM,9.0,9.11,121578|16198|16205|44015
1682,P41146,Emax,2,237.0,%,9.0,,121578|16205
1684,P41146,EC50,1,21.0,nM,9.0,7.68,64934
1684,P41146,Efficacy,1,122.0,%,9.0,,64934
1691,P41146,EC50,1,10000.0,nM,9.0,,30611
1691,P41146,Emax,1,-10.0,%,9.0,,112218
1691,P41146,IC50,2,3.55,nM,8.5,8.535,15257|30611
1699,O43613,EC50,3,0.83,nM,9.0,9.08,123691|30286
1699,O43614,EC50,3,0.081,nM,9.0,10.09,123691|30286
17,P14842,EC50,1,9.8,nM,9.0,8.01,31390
17,P28223,EC50,4,14.524999999999999,nM,9.0,7.84,123172|127116
17,P28223,Emax,3,100.0,%,9.0,,123172|127116
1703,O43613,IC50,1,40.0,nM,8.0,7.4,62054
1711,P49651,EC50,1,1.0,nM,9.0,9.0,21057
1711,P49652,EC50,1,8.0,nM,9.0,8.1,16611
1711,P49653,EC50,1,1500.0,nM,8.0,5.82,16611
1711,P51575,EC50,1,54.0,nM,8.0,7.27,16611
1711,P51577,EC50,2,8700.0,nM,8.5,5.0649999999999995,16611|66651
1711,P51578,EC50,1,1000.0,nM,8.0,6.0,16611
1711,P51579,EC50,1,600.0,nM,8.0,6.22,16611
1711,P56373,EC50,1,350.0,nM,8.0,6.46,16611
1711,Q15077,EC50,1,100000.0,nM,8.0,4.0,16611
1711,Q96G91,EC50,1,50000.0,nM,8.0,4.3,16611
1711,Q99571,EC50,2,5500.0,nM,8.5,5.5,16611|66651
1711,Q9EPX4,EC50,1,1.1,nM,8.0,8.96,16611
1711,Q9JJX6,EC50,1,10000.0,nM,9.0,5.0,66651
1712,P41231,EC50,1,100000.0,nM,8.0,,16611
1712,P47900,EC50,3,24.0,nM,9.0,7.62,49726|73847|93910
1712,P49652,EC50,2,4050.0,nM,9.0,6.05,16611|46909
1712,P51575,EC50,1,10000.0,nM,8.0,5.0,16611
1712,P51577,EC50,1,28000.0,nM,8.0,4.55,16611
1712,P51578,EC50,1,18000.0,nM,8.0,4.75,16611
1712,P51579,EC50,1,11000.0,nM,8.0,4.96,16611
1712,P56373,EC50,1,100000.0,nM,8.0,,16611
1712,Q15077,EC50,1,65000.0,nM,9.0,4.19,31763
1712,Q96G91,EC50,2,1700.0,nM,9.0,5.77,73847|93910
1712,Q9EPX4,EC50,1,69.0,nM,8.0,7.16,16611
1712,Q9UBL9,EC50,1,100000.0,nM,8.0,,16611
1713,O35811,EC50,1,1800.0,nM,8.0,5.75,16611
1713,P41231,EC50,20,191.5,nM,9.0,6.74,107892|16418|16611|35171|46732|47120
1713,P41231,Efficacy,12,100.5,%,9.0,,47120
1713,P47900,EC50,5,850.0,nM,9.0,6.07,49726|58138|73847|83873|93910
1713,P49651,EC50,2,395.0,nM,9.0,6.465,21057|66558
1713,P49652,EC50,2,4576.5,nM,9.0,5.375,15112|16611
1713,P49653,EC50,1,1400.0,nM,8.0,5.85,16611
1713,P51575,EC50,1,56.0,nM,8.0,7.25,16611
1713,P51577,EC50,2,1000.0,nM,8.5,6.0,16611|66651
1713,P51578,EC50,1,1000.0,nM,8.0,6.0,16611
1713,P51579,EC50,1,1000.0,nM,8.0,6.0,16611
1713,P51582,EC50,1,43000.0,nM,8.0,4.37,16611
1713,P56373,EC50,1,340.0,nM,8.0,6.47,16611
1713,Q15077,EC50,1,100000.0,nM,8.0,,16611
1713,Q96G91,EC50,5,6700.0,nM,9.0,5.17,16418|16611|58138|73847|93910
1713,Q99571,EC50,2,750.0,nM,8.5,6.15,16611|66651
1713,Q99572,EC50,1,780000.0,nM,8.0,,16611
1713,Q9EPX4,EC50,1,3190.0,nM,8.0,5.5,16611
1713,Q9JJX6,EC50,1,1000.0,nM,9.0,6.0,66651
1716,P41231,EC50,1,2300.0,nM,8.0,5.64,16418
1717,P49652,EC50,1,1370.0,nM,9.0,5.86,14610
1717,P49652,IC50,1,8460.0,nM,9.0,5.07,14610
1718,P49652,EC50,2,1810.0,nM,9.0,5.76,14610|15417
1718,P49652,IC50,2,9545.0,nM,9.0,5.105,14610|15417
1722,P47900,IC50,1,840.0,nM,9.0,6.08,123455
1723,P47900,IC50,2,618.3,nM,9.0,6.21,36087
1724,P47900,IC50,1,8.4,nM,9.0,8.08,17284
1725,P41231,EC50,1,10000.0,nM,8.0,,16611
1725,P47824,EC50,1,99.0,nM,8.0,7.0,16611
1725,P47824,IC50,1,99.0,nM,9.0,7.0,16282
1725,P47900,EC50,2,9600.0,nM,8.0,5.37,16611
1725,P49652,IC50,1,16600.0,nM,9.0,4.78,16282
1725,P49653,EC50,1,12000.0,nM,8.0,4.92,16611
1725,P49653,IC50,1,1600.0,nM,9.0,5.8,16282
1725,P49654,IC50,1,240.0,nM,9.0,6.62,16282
1725,P51577,EC50,1,10000.0,nM,8.0,,16611
1725,P51577,IC50,2,251300.0,nM,9.0,5.58,16282
1725,P51578,EC50,1,2600.0,nM,8.0,5.58,16611
1725,P51579,EC50,1,100000.0,nM,8.0,,16611
1725,P51579,IC50,2,251000.0,nM,9.0,5.7,16282
1725,P51582,EC50,1,10000.0,nM,8.0,,16611
1725,P56373,EC50,2,970.0,nM,8.0,6.195,16611
1725,Q64663,EC50,1,62000.0,nM,8.0,4.21,16611
1725,Q99571,EC50,1,10000.0,nM,8.0,5.0,16611
1725,Q99571,IC50,1,27500.0,nM,9.0,4.56,16282
1725,Q9EPX4,EC50,1,100000.0,nM,8.0,,16611
1725,Q9JJX6,IC50,1,21000.0,nM,9.0,4.68,16282
1728,P41231,EC50,1,48000.0,nM,8.0,4.32,16611
1728,P41231,IC50,1,50000.0,nM,9.0,4.3,44035
1728,P47824,EC50,1,1000.0,nM,8.0,6.0,16611
1728,P49652,EC50,1,10000.0,nM,9.0,,16611
1728,P49653,EC50,1,10400.0,nM,8.0,4.98,16611
1728,P49653,IC50,2,21905.36,nM,9.0,4.9,55637
1728,P51577,EC50,1,100000.0,nM,8.0,,16611
1728,P51578,EC50,1,4000.0,nM,8.0,5.4,16611
1728,P51579,EC50,1,100000.0,nM,8.0,,16611
1728,P51582,EC50,1,100000.0,nM,8.0,,16611
1728,P56373,EC50,2,8950.0,nM,8.0,5.175,16611
1728,Q15077,IC50,1,27000.0,nM,9.0,4.57,44035
1728,Q96G91,EC50,1,16000.0,nM,8.0,4.8,16611
1728,Q99572,EC50,1,92000.0,nM,8.0,4.04,16611
1728,Q9EPX4,EC50,1,4000.0,nM,8.0,5.4,16611
173,A5X5Y0,EC50,1,1.0,nM,4.0,9.0,15194
173,O95264,EC50,1,1.0,nM,4.0,9.0,15194
173,P46098,EC50,1,1.0,nM,4.0,9.0,15194
173,Q70Z44,EC50,1,1.0,nM,4.0,9.0,15194
173,Q8WXA8,EC50,1,1.0,nM,4.0,9.0,15194
1730,P41231,EC50,2,368.0,nM,9.0,6.865,107892|57322
1730,P51582,EC50,2,23.0,nM,8.5,7.64,57322
1731,P41231,EC50,4,548.5,nM,9.0,6.29,107892|31866|35171|49584
1731,P51582,EC50,2,6730.0,nM,9.0,5.23,31866|49584
1731,Q15077,EC50,2,545.5,nM,9.0,6.32,31866|49584
1733,P41231,EC50,4,8.0,nM,9.0,8.1,35171|42212|49584|57808
1733,P51582,EC50,2,2400.0,nM,9.0,5.62,35171|42212
1733,Q15077,EC50,1,10000.0,nM,9.0,,35171
1734,O35811,EC50,1,2600.0,nM,8.0,5.58,16611
1734,P35383,EC50,1,1260.0,nM,9.0,5.9,48403
1734,P35383,IC50,1,1510.0,nM,9.0,5.82,48403
1734,P41231,EC50,40,108.825,nM,9.0,6.97,104718|107892|16611|30808|31866|35171|37156|37292|37324|42212|4473|46909|47120|49584|51313|57322|57808|61077|61357|64981
1734,P41231,Efficacy,12,108.0,%,9.0,,47120
1734,P41232,EC50,1,130.0,nM,9.0,6.89,30808
1734,P47900,EC50,3,2000.0,nM,9.0,,16611|37292|37324
1734,P51582,EC50,15,90.0,nM,9.0,7.05,16611|31866|35171|37292|37324|42212|4473|46909|49584|51313|57322|57808|61077|64981
1734,Q15077,EC50,8,10000.0,nM,9.0,5.22,16611|35171|37292|42212|4473|51313|57322|57808
1734,Q15077,Emax,1,10.0,%,9.0,,46732
1734,Q96G91,EC50,1,100000.0,nM,8.0,,16611
1735,P41231,EC50,1,240.0,nM,9.0,6.62,35171
1736,P41231,EC50,16,213.0,nM,9.0,6.68,35171|42212|47120|49584|61077
1736,P41231,Efficacy,10,91.5,%,9.0,,47120
1736,P47900,EC50,1,20000.0,nM,9.0,,37292
1736,P51582,EC50,2,130.0,nM,9.0,6.89,35171|42212
1736,Q15077,EC50,2,10580.0,nM,9.0,5.32,35171|42212
1737,P41231,EC50,3,220.0,nM,9.0,6.66,35171|42212|49584
1737,P51582,EC50,1,140.0,nM,9.0,6.85,42212
1737,Q15077,EC50,1,950.0,nM,9.0,6.02,42212
1741,P41231,EC50,1,37780.0,nM,9.0,4.42,107892
1745,P41231,EC50,1,1000.0,nM,9.0,,31866
1745,P51582,EC50,1,100000.0,nM,9.0,,31866
1745,Q15077,EC50,2,70.0,nM,9.0,7.16,31866|51313
1746,Q15077,EC50,1,154.0,nM,8.0,6.81,38407
1746,Q9H244,IC50,1,34730.0,nM,9.0,4.46,38407
1748,Q15077,EC50,3,660.0,nM,9.0,6.18,42212|49079|51313
1748,Q15391,EC50,2,11.0,nM,9.0,7.96,49079|51313
1749,P41231,EC50,3,16500.0,nM,8.0,4.78,16611|4473|57322
1749,P47900,EC50,1,100000.0,nM,8.0,,16611
1749,P51582,EC50,1,14000.0,nM,9.0,4.85,57322
1749,Q15077,EC50,13,100.0,nM,9.0,7.0,16398|16611|31763|31866|42212|4473|49079|49584|51313|57322|64981
1749,Q15391,EC50,2,160.0,nM,9.0,6.8,49079|51313
1749,Q63371,EC50,2,200.0,nM,9.0,6.7,46909|61077
175,P07550,IC50,1,3044.66,nM,9.0,5.52,128647
175,P08172,EC50,1,10000.0,nM,9.0,,128647
175,P28223,IC50,1,0.3162,nM,8.0,9.5,3962
175,P32249,IC50,1,4809.98,nM,9.0,5.32,128647
1750,Q15077,EC50,1,28.0,nM,9.0,7.55,64981
1753,Q15077,IC50,6,37.0,nM,9.0,7.43,107892|120390|124351|128227|129265
1753,Q63371,IC50,1,98.0,nM,9.0,7.01,120390
1755,P47900,EC50,1,1270.0,nM,9.0,5.9,93910
1755,P49652,EC50,1,96.0,nM,9.0,7.02,16611
1755,P49653,EC50,1,100000.0,nM,8.0,4.0,16611
1755,P51575,EC50,1,2500.0,nM,8.0,5.6,16611
1755,P56373,EC50,1,8800.0,nM,8.0,5.06,16611
1755,Q96G91,EC50,2,31350.0,nM,8.5,4.505,16611|93910
1755,Q99571,EC50,1,25000.0,nM,8.0,4.6,16611
1755,Q9EPX4,EC50,1,82.0,nM,8.0,7.09,16611
1756,Q96G91,EC50,1,1500.0,nM,8.0,5.82,16611
1756,Q9H244,EC50,1,1.3,nM,8.0,8.89,16611
1760,P49652,EC50,1,19000.0,nM,9.0,4.72,16611
1760,Q96G91,EC50,1,9000.0,nM,8.0,5.05,16611
1765,P25089,IC50,1,3750.52,nM,9.0,5.43,128647
1765,P32249,IC50,1,4878.5,nM,9.0,5.31,128647
1765,Q9BPV8,IC50,1,1398.0,nM,9.0,5.85,124351
1765,Q9H244,IC50,3,1278.0,nM,9.0,5.89,123829|128227|129265
177,P14416,EC50,1,4.46,nM,9.0,8.35,37334
177,P14416,IC50,1,4.46,nM,8.0,8.35,45210
177,P35462,EC50,1,90.4,nM,9.0,7.04,37334
177,P35462,IC50,1,90.4,nM,8.0,7.04,45210
1770,Q9H244,IC50,1,16.0,nM,9.0,7.8,38407
1776,Q9H244,IC50,2,0.4,nM,8.5,9.4,130061|16611
1782,Q15391,EC50,2,670.0,nM,9.0,6.17,35612|49171
1783,P41231,EC50,1,10000.0,nM,9.0,5.0,49171
1783,Q15077,EC50,1,1600.0,nM,9.0,5.8,49079
1783,Q15391,EC50,4,352.0,nM,9.0,6.455,35612|37327|49079|49171
1784,Q15391,EC50,2,370.0,nM,9.0,6.43,35612|49171
185,P28223,IC50,2,4.792999999999999,nM,9.0,8.32,108723
1853,P25105,IC50,1,610.0,nM,8.0,6.21,10780
188,P25089,IC50,1,10000.0,nM,9.0,,128647
188,P41595,IC50,2,9.85,nM,8.0,8.435,47182
188,Q8IYL9,IC50,1,4037.73,nM,9.0,5.39,128647
1882,P32240,EC50,3,2.5,nM,9.0,8.6,4347|4348
1882,P43119,EC50,1,1.8,nM,8.0,8.74,4346
1882,Q62053,EC50,1,2.6,nM,8.0,8.59,4346
1882,Q9JHI3,IC50,1,35.8,nM,8.0,7.45,64151
1884,P21731,EC50,1,1400.0,nM,8.0,5.85,3768
1884,P34995,EC50,1,600.0,nM,8.0,6.22,3768
1884,P43088,EC50,2,51.75,nM,8.0,7.355,20107|3768
1884,P43115,EC50,1,2300.0,nM,8.0,5.64,3768
1884,P43117,EC50,2,18.545,nM,9.0,7.755000000000001,45392|72117
1884,Q9JHI3,IC50,1,287.0,nM,8.0,6.54,64151
189,P28335,IC50,1,9.4,nM,9.0,8.03,83796
189,P36544,EC50,1,1500.0,nM,9.0,5.82,65574
189,P41595,EC50,1,13.0,nM,9.0,7.89,113363
1893,Q03181,EC50,1,2410.0,nM,9.0,5.62,16829
1893,Q07869,EC50,1,340.0,nM,8.0,6.47,16829
190,P41595,IC50,2,38.5,nM,8.0,7.54,47182
1909,O62664,IC50,2,14.0,nM,5.0,7.865,15922
1909,O62698,IC50,2,14.0,nM,5.0,7.865,15922
1909,P09917,IC50,1,7000.0,nM,9.0,5.16,14312
1909,P12527,IC50,1,12000.0,nM,9.0,4.92,14312
1909,P22437,IC50,1,20.0,nM,4.0,7.7,13358
1909,P23219,IC50,3,5.0,nM,8.0,8.3,16889|31779
1909,P24557,IC50,1,100.0,nM,8.0,7.0,10194
1909,P35354,IC50,3,36.0,nM,8.0,7.44,16889|31779
1909,P35355,IC50,2,101.45,nM,4.5,7.619999999999999,15449|7269
1909,Q05769,IC50,1,20.0,nM,4.0,7.7,13358
1909,Q13304,IC50,2,28800.0,nM,9.0,4.54,108455|119015
1909,Q4U2R8,IC50,1,3000.0,nM,8.0,5.52,64324
1909,Q63921,IC50,2,101.45,nM,4.5,7.619999999999999,15449|7269
1909,Q9Y5Y4,EC50,1,389.0,nM,9.0,6.41,66525
192,P28335,IC50,1,10.0,nM,9.0,8.0,65896
1929,Q62928,EC50,1,0.3,nM,9.0,9.52,47314
1930,P32240,EC50,1,1.6,nM,9.0,8.8,51289
1955,P21731,EC50,1,8000.0,nM,8.0,5.1,3768
1955,P34995,EC50,1,19000.0,nM,8.0,4.72,3768
1955,P43088,EC50,1,9.0,nM,8.0,8.05,3768
1955,P43115,EC50,1,20000.0,nM,8.0,,3768
1959,P43088,EC50,1,12.0,nM,9.0,7.92,101846
1959,P43115,EC50,1,8600.0,nM,9.0,5.07,101846
1960,P43117,EC50,2,19.005,nM,9.0,7.85,45392|72117
1969,P08913,IC50,1,2680.46,nM,9.0,5.57,128647
1969,P25089,IC50,1,10000.0,nM,9.0,,128647
1969,Q8IYL9,IC50,1,4754.08,nM,9.0,5.32,128647
1976,P21731,IC50,1,12.0,nM,8.0,7.92,901
198,P48039,EC50,9,1.56,nM,9.0,8.83,103668|104046|109136|117834|122999|17436|51006|97963
198,P48039,Emax,6,99.0,%,9.0,,103668|104046|109136|117834|51006|97963
198,P49285,EC50,1,10.1,nM,4.0,8.0,15362
198,P49286,EC50,10,0.18,nM,9.0,9.74,103668|104046|109136|117834|122999|17436|44591|51006|97963
198,P49286,Emax,8,91.0,%,9.0,,103668|104046|109136|117834|44591|51006|97963
198,P49288,EC50,1,10.1,nM,4.0,8.0,15362
198,P51050,EC50,1,10.1,nM,4.0,8.0,15362
1986,P21731,IC50,1,460.0,nM,8.0,6.34,3495
1986,P34978,IC50,1,37.1,nM,8.0,7.43,3495
2,P14416,EC50,40,23.59,nM,9.0,7.55,104398|104588|109104|111505|112993|114393|119534|120292|121263|124296|12640|128137|31179|48430|60220|66694|83838|89590|92334|93373|99178
2,P14416,Efficacy,1,101.0,%,8.0,,60220
2,P14416,Emax,10,100.0,%,9.0,,114393|121263|124296|128137|65786|66694|99178
2,P14416,IC50,1,462.0,nM,8.0,6.33,103160
2,P19020,EC50,1,1.7,nM,8.0,8.77,15538
2,P21917,EC50,15,11.0,nM,9.0,7.96,110808|114393|127242|21260|31179|31339|31844|4437|4921|5333
2,P21917,Emax,1,101.0,%,9.0,,114393
2,P35462,EC50,27,2.59,nM,9.0,8.59,101933|109507|113353|120292|121263|121980|124296|127638|128137|16688|21260|30313|31179|31276|37032|44689|57399|66694|83838|92684
2,P35462,Efficacy,1,100.0,%,9.0,,44689
2,P35462,Emax,9,100.0,%,9.0,,113353|121263|121980|124296|127638|128137|65786|66694
2,P41594,EC50,1,1.9,nM,7.0,8.72,109104
2,P61169,EC50,2,5.6,nM,8.5,8.355,15538|31844
200,O60840,IC50,1,11600.0,nM,4.0,4.94,91842
200,P22002,IC50,2,13475.0,nM,9.0,5.029999999999999,91874
200,P35498,IC50,1,20000.0,nM,4.0,4.7,91842
200,P35499,IC50,1,20000.0,nM,4.0,4.7,91842
200,P47747,IC50,1,660.0,nM,9.0,6.18,15067
200,Q01118,IC50,1,20000.0,nM,4.0,4.7,91842
200,Q01668,IC50,1,11600.0,nM,4.0,4.94,91842
200,Q12809,IC50,3,10000.0,nM,9.0,5.0,16592|20904|91842
200,Q13698,IC50,1,11600.0,nM,4.0,4.94,91842
200,Q13936,IC50,1,11600.0,nM,4.0,4.94,91842
200,Q14524,IC50,1,20000.0,nM,4.0,4.7,91842
200,Q15858,IC50,1,20000.0,nM,4.0,4.7,91842
200,Q99250,IC50,1,20000.0,nM,4.0,4.7,91842
200,Q9NY46,IC50,1,20000.0,nM,4.0,4.7,91842
200,Q9UI33,IC50,1,20000.0,nM,4.0,4.7,91842
200,Q9UQD0,IC50,1,20000.0,nM,4.0,4.7,91842
200,Q9Y5Y9,IC50,1,20000.0,nM,4.0,4.7,91842
202,O60840,IC50,1,2800.0,nM,4.0,5.55,91875
202,P15382,IC50,1,10000.0,nM,6.0,5.0,91843
202,P51787,IC50,1,10000.0,nM,6.0,5.0,91843
202,Q01668,IC50,1,2800.0,nM,4.0,5.55,91875
202,Q12809,IC50,3,6309.57,nM,8.0,5.2,91843
202,Q13698,IC50,1,2800.0,nM,4.0,5.55,91875
202,Q13936,IC50,3,25118.86,nM,8.0,4.6,91843|91875
202,Q14524,IC50,2,11896.105,nM,8.5,4.949999999999999,91843
202,Q9UK17,IC50,1,100000.0,nM,8.0,4.0,91843
203,P08183,IC50,1,115500.0,nM,8.0,,64641
203,P22002,IC50,1,2820.0,nM,9.0,5.55,91874
203,P31652,IC50,1,130.0,nM,8.0,6.89,14162
203,Q13936,IC50,1,5400.0,nM,8.0,5.27,94011
204,P08183,IC50,3,6500.0,nM,8.0,5.19,64447
204,Q9Y5S8,IC50,1,17000.0,nM,9.0,,51887
205,Q9H3N8,EC50,1,218.78,nM,9.0,6.66,31325
206,P34969,IC50,2,205.0,nM,9.0,6.73,46274|90627
2070,P32745,IC50,1,2.7,nM,8.0,8.57,16089
208,Q13936,IC50,1,1130.0,nM,8.0,5.95,94011
2086,P29371,EC50,3,5.7,nM,9.0,8.24,34908|34911|72837
2089,P16177,EC50,1,563.0,nM,8.0,6.25,11536
2089,P16610,EC50,3,1.7,nM,9.0,8.77,11536|48967
2089,P21452,IC50,1,7.7,nM,8.0,8.11,2466
2089,P29371,EC50,1,53.0,nM,8.0,7.28,2588
2089,P30547,EC50,1,13.7,nM,9.0,7.86,11536
209,P07550,IC50,1,2777.1,nM,9.0,5.56,128647
209,P08913,IC50,1,2774.51,nM,9.0,5.56,128647
209,P21462,IC50,1,4803.41,nM,9.0,5.32,128647
209,P25089,IC50,1,6242.57,nM,9.0,5.21,128647
209,P32249,IC50,1,4172.16,nM,9.0,5.38,128647
209,P35414,IC50,1,3217.72,nM,9.0,5.49,128647
209,P43220,IC50,1,3931.05,nM,9.0,5.41,128647
209,P49238,IC50,1,2949.1,nM,9.0,5.53,128647
209,P61088,IC50,2,14790.0,nM,9.0,4.83,51887
209,Q07440,IC50,1,20000.0,nM,9.0,,51887
209,Q8IYL9,IC50,1,3943.65,nM,9.0,5.4,128647
209,Q8TDV5,IC50,1,5164.56,nM,9.0,5.29,128647
209,Q9HC97,IC50,1,5966.8,nM,9.0,5.22,128647
209,Q9Y5S8,IC50,1,17000.0,nM,9.0,,51887
2090,P16177,EC50,1,6.3,nM,8.0,8.2,11536
2090,P16610,EC50,1,27.0,nM,8.0,7.57,11536
2090,P29371,EC50,1,6.0,nM,8.0,8.22,2588
2090,P30547,EC50,1,68.0,nM,9.0,7.17,11536
2098,P16177,EC50,1,7500.0,nM,8.0,5.12,11536
2098,P16610,EC50,3,167.0,nM,9.0,6.78,10597|11536
2098,P25103,EC50,3,0.6,nM,9.0,9.22,15914|46805|66846
2098,P25103,Emax,1,122.0,%,9.0,,46805
2098,P25103,IC50,2,0.425,nM,8.5,9.415,2339|2966
2098,P29371,EC50,1,793.0,nM,8.0,6.1,2588
2098,P30547,EC50,3,4.91,nM,9.0,8.31,10597|11536
2098,Q92847,EC50,1,66.0,nM,9.0,7.18,117333
2098,Q92847,Emax,1,78.0,%,9.0,,117333
2098,Q96LB1,EC50,2,3100.0649999999996,nM,9.0,5.63,131050
2098,Q96LB1,Emax,2,77.525,%,9.0,,131050
2102,P25103,IC50,2,0.33,nM,8.5,9.54,2966|57897
2115,P35414,IC50,1,10000.0,nM,9.0,,128647
2115,P43220,EC50,1,7501.09,nM,9.0,5.12,128647
2115,Q5NUL3,IC50,1,10000.0,nM,9.0,,128647
2115,Q8TDV5,IC50,1,10000.0,nM,9.0,,128647
212,P61088,IC50,1,20000.0,nM,9.0,,51887
2127,P16177,EC50,1,0.023,nM,9.0,10.64,97290
2127,P29371,EC50,3,3.0,nM,9.0,8.335,2588|34908|97290
2129,P29371,IC50,2,29.0,nM,9.0,7.535,34911
213,P08908,EC50,1,785.0,nM,9.0,6.11,116352
213,P14416,IC50,1,4485.0,nM,9.0,5.35,116352
213,P28223,IC50,1,243.0,nM,9.0,6.61,116352
2130,P29371,IC50,1,3.0,nM,9.0,8.52,34908
2131,Q5NUL3,EC50,1,3397.76,nM,9.0,5.47,128647
2132,P29371,IC50,2,11.350000000000001,nM,9.0,7.995000000000001,53949
2139,A6IZR3,EC50,1,3.0,nM,8.0,8.52,35455
2139,P21761,EC50,3,1.0,nM,9.0,9.0,93068|98673
2139,P34981,EC50,1,3.0,nM,8.0,8.52,35455
2139,Q9ERT1,EC50,3,0.52,nM,9.0,9.28,93068|98673
214,P08183,IC50,3,7200.0,nM,8.0,5.14,64447
214,Q9Y5S8,IC50,1,17000.0,nM,9.0,,51887
2144,Q923Y8,EC50,6,129.0,nM,9.0,6.890000000000001,107110|118973|76696|92541
2144,Q923Y8,Emax,3,95.94,%,9.0,,76696
2144,Q923Y9,EC50,5,209.0,nM,9.0,6.68,104356|60421|76696
2144,Q923Y9,Emax,3,97.21,%,9.0,,76696
2144,Q96RJ0,EC50,5,110.0,nM,9.0,6.96,107110|121679|43967|60421|98448
2144,Q96RJ0,Emax,2,105.5,%,9.0,,121679|43967
2145,Q923Y8,EC50,1,1000.0,nM,9.0,,30624
2145,Q923Y9,EC50,1,800.0,nM,9.0,6.1,30624
2146,Q8HZ64,EC50,1,1860.0,nM,9.0,5.73,60421
2146,Q923Y8,EC50,5,121.0,nM,9.0,6.92,60421|76696
2146,Q923Y8,Emax,3,90.55,%,9.0,,76696
2146,Q923Y9,EC50,6,212.2,nM,9.0,6.675,60421|76696
2146,Q923Y9,Emax,3,91.61,%,9.0,,76696
2146,Q96RJ0,EC50,4,1110.0,nM,9.0,5.965,43967|60421
2146,Q96RJ0,Emax,1,64.0,%,9.0,,43967
2147,Q8HZ64,EC50,1,1010.0,nM,9.0,6.0,60421
2147,Q923Y8,EC50,5,84.6,nM,9.0,7.07,60421|76696
2147,Q923Y8,Emax,3,98.0,%,9.0,,76696
2147,Q923Y9,EC50,6,558.7,nM,9.0,6.265000000000001,60421|76696
2147,Q923Y9,Emax,3,102.2,%,9.0,,76696
2147,Q96RJ0,EC50,4,767.5,nM,9.0,6.125,43967|60421
2147,Q96RJ0,Emax,1,74.0,%,9.0,,43967
2149,Q923Y9,EC50,1,1300.0,nM,9.0,5.89,104356
2151,Q9UKP6,EC50,4,711.01,nM,9.0,6.52,21629|48384|51448|51766
2151,Q9UKP6,Efficacy,1,133.0,%,9.0,,51766
2152,Q9UKP6,EC50,1,3.0,nM,8.0,8.52,16927
2152,Q9UKP6,Emax,1,102.0,%,8.0,,16927
216,P28223,EC50,1,199.53,nM,9.0,6.7,38139
216,P28335,EC50,1,25.12,nM,9.0,7.6,38139
216,P41595,EC50,4,23.0,nM,9.0,7.64,127696|38139
2164,Q9UKP6,IC50,1,170.0,nM,9.0,6.77,43815
2165,P49684,IC50,1,34.0,nM,9.0,7.47,48952
2165,Q9UKP6,IC50,2,11.0,nM,9.0,7.975,48952|72807
2168,P30518,EC50,3,0.05012,nM,9.0,10.3,30695|58652
2168,P30559,EC50,4,11.65,nM,9.0,7.95,112868|57337|58652
2168,P30559,Emax,2,33.25,%,9.0,,112868|57337
2168,P30560,EC50,2,0.06655,nM,9.0,10.175,58652
2168,P37288,EC50,3,0.24,nM,9.0,9.62,127980|58652
2168,P47901,EC50,4,3.798,nM,9.0,8.425,127980|57337|58652
2173,P30518,EC50,1,189.0,nM,9.0,6.72,108525
2194,P30559,IC50,1,14.0,nM,9.0,7.85,30371
2196,P37288,IC50,1,440.0,nM,4.0,6.36,701
2196,P47901,IC50,1,440.0,nM,4.0,6.36,701
2202,P25089,IC50,1,10000.0,nM,9.0,,128647
2202,P49238,IC50,1,10000.0,nM,9.0,,128647
2202,Q8IYL9,IC50,1,2392.15,nM,9.0,5.62,128647
2203,P30518,IC50,1,11.0,nM,9.0,7.96,51364
2203,P37288,IC50,1,3.0,nM,9.0,8.52,51364
2213,P30559,IC50,2,215.5,nM,9.0,6.83,106822|30371
2213,P70536,IC50,1,12.0,nM,9.0,7.92,30695
2226,P07550,EC50,1,3400.0,nM,9.0,5.47,128647
2226,P30518,IC50,2,7.861000000000001,nM,9.0,8.15,124581|128647
2226,P35414,IC50,1,10000.0,nM,9.0,,128647
2226,P37288,IC50,1,470.0,nM,9.0,6.33,121897
2226,P43220,EC50,1,4643.58,nM,9.0,5.33,128647
2226,Q5NUL3,EC50,1,5108.13,nM,9.0,5.29,128647
2226,Q8IYL9,IC50,1,10000.0,nM,9.0,,128647
2226,Q8TDV5,EC50,1,4018.74,nM,9.0,5.4,128647
2238,P30518,IC50,3,91.0,nM,8.0,7.04,37905|6116
2238,P37288,IC50,1,5000.0,nM,9.0,,37905
2252,P70536,IC50,1,640.0,nM,9.0,6.19,4839
226,O70528,EC50,2,6.31,nM,9.0,8.2,62719|65016
226,Q13639,EC50,4,2.2535,nM,9.0,8.649999999999999,62719|65016|74212
2284,Q5QD14,EC50,1,10000.0,nM,9.0,,103623
2286,P23975,IC50,4,305.5,nM,9.0,6.525,15113|16613|21665|30737
2286,P23977,IC50,6,325.05,nM,8.5,6.53,13833|14838|17075|21526|21709|4770
2286,P31645,IC50,4,337.0,nM,9.0,6.47,15113|16613|21665|30737
2286,Q01959,IC50,4,292.5,nM,9.0,6.535,15113|16613|21665|30737
2286,Q12809,IC50,2,2879.3999999999996,nM,9.0,6.8,16592|20904
2288,O70528,EC50,1,166.0,nM,9.0,6.78,14290
2288,Q62758,EC50,1,501.19,nM,8.0,6.3,670
2289,O70528,EC50,1,77.0,nM,9.0,7.11,14290
2289,Q62758,EC50,3,63.1,nM,8.0,7.2,1946|204|670
229,P28335,EC50,1,8.0,nM,9.0,8.1,77154
2290,O09028,IC50,1,10000.0,nM,5.0,5.0,15883
2290,P15431,IC50,1,10000.0,nM,5.0,5.0,15883
2290,P17787,IC50,1,66000.0,nM,7.0,4.18,6769
2290,P18506,IC50,1,10000.0,nM,5.0,5.0,15883
2290,P18508,IC50,1,10000.0,nM,5.0,5.0,15883
2290,P19969,IC50,1,10000.0,nM,5.0,5.0,15883
2290,P20236,IC50,1,10000.0,nM,5.0,5.0,15883
2290,P23574,IC50,1,10000.0,nM,5.0,5.0,15883
2290,P23576,IC50,1,10000.0,nM,5.0,5.0,15883
2290,P28471,IC50,1,10000.0,nM,5.0,5.0,15883
2290,P28473,IC50,1,10000.0,nM,5.0,5.0,15883
2290,P30191,IC50,1,10000.0,nM,5.0,5.0,15883
2290,P30926,IC50,1,27000.0,nM,7.0,4.57,6769
2290,P32297,IC50,1,27000.0,nM,7.0,4.57,6769
2290,P35563,IC50,1,0.16,nM,9.0,9.8,66810
2290,P43681,IC50,1,66000.0,nM,7.0,4.18,6769
2290,P46098,IC50,1,0.09,nM,9.0,10.05,66810
2290,P62813,IC50,1,10000.0,nM,5.0,5.0,15883
2290,P63079,IC50,1,10000.0,nM,5.0,5.0,15883
2290,P63138,IC50,1,10000.0,nM,5.0,5.0,15883
2290,Q91ZM7,IC50,1,10000.0,nM,5.0,5.0,15883
2290,Q9ES14,IC50,1,10000.0,nM,5.0,5.0,15883
2292,Q12809,IC50,2,3765.9449999999997,nM,9.0,5.425,16592|20904
2295,P03070,IC50,1,80220.0,nM,9.0,,51887
2295,P07900,IC50,1,50000.0,nM,5.0,,51887
2295,P08238,IC50,1,50000.0,nM,5.0,,51887
2298,O35505,IC50,3,30000.0,nM,9.0,4.52,91874
2298,O60840,IC50,2,605.0,nM,4.0,6.234999999999999,91842|91875
2298,P08183,IC50,1,77700.0,nM,8.0,4.11,64688
2298,P22002,IC50,1,100.0,nM,9.0,7.0,14675
2298,P35498,IC50,1,9000.0,nM,4.0,5.05,91842
2298,P35499,IC50,1,9000.0,nM,4.0,5.05,91842
2298,Q01118,IC50,1,9000.0,nM,4.0,5.05,91842
2298,Q01668,IC50,2,605.0,nM,4.0,6.234999999999999,91842|91875
2298,Q12809,IC50,3,17300.0,nM,9.0,4.76,16592|20904|91842
2298,Q13698,IC50,2,605.0,nM,4.0,6.234999999999999,91842|91875
2298,Q13936,IC50,3,760.0,nM,4.0,6.12,91842|91874|91875
2298,Q14524,IC50,1,9000.0,nM,4.0,5.05,91842
2298,Q15858,IC50,1,9000.0,nM,4.0,5.05,91842
2298,Q99250,IC50,1,9000.0,nM,4.0,5.05,91842
2298,Q9NY46,IC50,1,9000.0,nM,4.0,5.05,91842
2298,Q9UI33,IC50,1,9000.0,nM,4.0,5.05,91842
2298,Q9UQD0,IC50,1,9000.0,nM,4.0,5.05,91842
2298,Q9Y5Y9,IC50,1,9000.0,nM,4.0,5.05,91842
230,P28223,EC50,1,93.0,nM,9.0,7.03,39082
230,P28223,Emax,2,97.0,%,9.0,,39082|39202
230,P28335,EC50,1,1.0,nM,9.0,9.0,39082
230,P28335,Emax,2,76.0,%,9.0,,39082|39202
230,P41595,EC50,1,3.2,nM,9.0,8.49,39082
230,P41595,Emax,1,110.0,%,9.0,,39082
2312,O00591,IC50,1,6200.0,nM,4.0,5.21,11524
2312,O14764,IC50,1,6200.0,nM,4.0,5.21,11524
2312,P14867,IC50,1,6200.0,nM,4.0,5.21,11524
2312,P18505,IC50,1,6200.0,nM,4.0,5.21,11524
2312,P18507,IC50,1,6200.0,nM,4.0,5.21,11524
2312,P28472,IC50,1,6200.0,nM,4.0,5.21,11524
2312,P31644,IC50,1,6200.0,nM,4.0,5.21,11524
2312,P34903,IC50,1,6200.0,nM,4.0,5.21,11524
2312,P47869,IC50,1,6200.0,nM,4.0,5.21,11524
2312,P47870,IC50,1,6200.0,nM,4.0,5.21,11524
2312,P48169,IC50,1,6200.0,nM,4.0,5.21,11524
2312,P78334,IC50,1,6200.0,nM,4.0,5.21,11524
2312,Q16445,IC50,1,6200.0,nM,4.0,5.21,11524
2312,Q8N1C3,IC50,1,6200.0,nM,4.0,5.21,11524
2312,Q99928,IC50,1,6200.0,nM,4.0,5.21,11524
2312,Q9UN88,IC50,1,6200.0,nM,4.0,5.21,11524
2326,P04775,IC50,1,4730.0,nM,8.0,5.33,14557
2326,P35363,EC50,1,2923.0,nM,9.0,,51887
2326,P35372,EC50,1,92627.0,nM,9.0,,51887
2326,Q99250,IC50,1,2200.0,nM,8.0,5.66,1341
2330,B9W6M3,EC50,1,180000.0,nM,8.0,,51887
2330,C4YTQ8,EC50,3,1578.0,nM,8.0,6.34,51887
2330,O35505,IC50,1,20000.0,nM,9.0,4.7,91874
2330,P06795,IC50,2,3500.0,nM,8.0,5.46,17494
2330,P07550,EC50,1,4690.0,nM,8.0,5.33,51887
2330,P08183,IC50,3,6700.0,nM,8.0,5.17,17494
2330,P10520,EC50,2,78104.0,nM,8.0,5.21,51887
2330,P21447,IC50,2,4800.0,nM,8.0,5.32,17494
2330,Q13936,IC50,1,590.0,nM,9.0,6.23,91874
2334,O60840,IC50,3,1.0,nM,4.0,9.0,10716|91842|91875
2334,P08183,IC50,1,68200.0,nM,8.0,4.17,64688
2334,P35498,IC50,1,36000.0,nM,4.0,4.44,91842
2334,P35499,IC50,1,36000.0,nM,4.0,4.44,91842
2334,Q01118,IC50,1,36000.0,nM,4.0,4.44,91842
2334,Q01668,IC50,3,1.0,nM,4.0,9.0,10716|91842|91875
2334,Q12809,IC50,1,10000.0,nM,8.0,5.0,91842
2334,Q13698,IC50,3,1.0,nM,4.0,9.0,10716|91842|91875
2334,Q13936,IC50,3,1.0,nM,4.0,9.0,10716|91842|91875
2334,Q14524,IC50,1,36000.0,nM,4.0,4.44,91842
2334,Q15858,IC50,1,36000.0,nM,4.0,4.44,91842
2334,Q8BLA8,EC50,1,3800.0,nM,9.0,5.42,51267
2334,Q99250,IC50,1,36000.0,nM,4.0,4.44,91842
2334,Q9NY46,IC50,1,36000.0,nM,4.0,4.44,91842
2334,Q9UI33,IC50,1,36000.0,nM,4.0,4.44,91842
2334,Q9UQD0,IC50,1,36000.0,nM,4.0,4.44,91842
2334,Q9Y5Y9,IC50,1,36000.0,nM,4.0,4.44,91842
2337,O35505,IC50,5,500.0,nM,9.0,6.3,91842|91874|94011
2337,O60840,IC50,1,1000.0,nM,4.0,6.0,91875
2337,Q01668,IC50,1,1000.0,nM,4.0,6.0,91875
2337,Q12809,IC50,3,549.54,nM,9.0,6.26,16592|20904|91842
2337,Q13698,IC50,1,1000.0,nM,4.0,6.0,91875
2337,Q13936,IC50,2,1200.0,nM,6.5,5.925,91874|91875
2337,Q14524,IC50,1,3700.0,nM,9.0,5.43,91842
2338,P43367,IC50,1,4751.15,nM,9.0,5.32,51887
2338,Q07820,IC50,1,1898.89,nM,9.0,5.72,51887
2342,O15245,IC50,1,23400.0,nM,8.0,4.63,64727
2342,O35505,IC50,2,15600.0,nM,9.0,4.81,91842|91874
2342,O60840,IC50,1,6400.0,nM,4.0,5.19,91875
2342,P06795,IC50,2,10000.0,nM,8.0,5.0,17494
2342,P08183,IC50,8,5600.0,nM,8.0,5.25,17494|64441|64447|64641
2342,P21447,IC50,2,13000.0,nM,8.0,4.89,17494
2342,P22002,IC50,2,7800.0,nM,9.0,5.125,91874|94011
2342,Q01668,IC50,1,6400.0,nM,4.0,5.19,91875
2342,Q12809,IC50,1,300.0,nM,8.0,6.52,91842
2342,Q13698,IC50,1,6400.0,nM,4.0,5.19,91875
2342,Q13936,IC50,2,13110.0,nM,6.5,4.945,91874|91875
2342,Q14524,IC50,1,16600.0,nM,9.0,4.78,91842
2342,Q63089,IC50,1,12700.0,nM,8.0,4.9,64843
2342,Q9R0W2,IC50,1,14600.0,nM,8.0,4.84,64843
235,O70528,EC50,2,4.0,nM,9.0,8.4,14290|809
235,Q13639,EC50,3,19.95,nM,9.0,7.7,46295|97433|982
235,Q13639,Emax,2,57.5,%,9.0,,46295|97433
235,Q62758,IC50,1,2.4,nM,8.0,8.62,809
2364,P20272,EC50,3,15848.93,nM,9.0,4.8,108520|30443|6426
2364,P20272,Emax,3,380.0,%,9.0,,108520|30443|6426
2364,P47746,EC50,1,360.0,nM,9.0,6.44,47070
2364,P47746,Emax,1,68.6,%,9.0,,47070
2364,Q8NER1,EC50,2,345.0,nM,9.0,6.505,30928|47070
2364,Q8NER1,Emax,1,54.7,%,9.0,,30928
2367,P02550,IC50,4,2000.0,nM,5.0,5.71,157|17119|5183|7081
2367,P02554,IC50,3,2500.0,nM,5.0,5.6,17119|5183|7081
2367,P04350,IC50,7,3200.0,nM,4.0,5.609999999999999,11818|12263|14332|31076|31817|31908|4787
2367,P06795,IC50,2,50000.0,nM,8.0,,17494
2367,P07437,IC50,7,3200.0,nM,4.0,5.609999999999999,11818|12263|14332|31076|31817|31908|4787
2367,P08183,IC50,3,50000.0,nM,8.0,,17494
2367,P0DPH7,IC50,7,3200.0,nM,4.0,5.609999999999999,11818|12263|14332|31076|31817|31908|4787
2367,P21447,IC50,2,50000.0,nM,8.0,,17494
2367,P51843,IC50,1,67568.0,nM,8.0,,51887
2367,P68363,IC50,7,3200.0,nM,4.0,5.609999999999999,11818|12263|14332|31076|31817|31908|4787
2367,P68366,IC50,7,3200.0,nM,4.0,5.609999999999999,11818|12263|14332|31076|31817|31908|4787
2367,P68371,IC50,7,3200.0,nM,4.0,5.609999999999999,11818|12263|14332|31076|31817|31908|4787
2367,Q13509,IC50,7,3200.0,nM,4.0,5.609999999999999,11818|12263|14332|31076|31817|31908|4787
2367,Q13885,IC50,7,3200.0,nM,4.0,5.609999999999999,11818|12263|14332|31076|31817|31908|4787
2367,Q3ZCM7,IC50,7,3200.0,nM,4.0,5.609999999999999,11818|12263|14332|31076|31817|31908|4787
2367,Q6B856,IC50,13,2100.0,nM,5.0,5.68,10414|12198|12550|12777|14017|14098|14163|15718|2177|3496
2367,Q6PEY2,IC50,7,3200.0,nM,4.0,5.609999999999999,11818|12263|14332|31076|31817|31908|4787
2367,Q71U36,IC50,7,3200.0,nM,4.0,5.609999999999999,11818|12263|14332|31076|31817|31908|4787
2367,Q862F3,IC50,10,3150.0,nM,5.0,5.529999999999999,12198|12550|14098|14163|15718|2177|3496
2367,Q862L2,IC50,10,3150.0,nM,5.0,5.529999999999999,12198|12550|14098|14163|15718|2177|3496
2367,Q9BQE3,IC50,7,3200.0,nM,4.0,5.609999999999999,11818|12263|14332|31076|31817|31908|4787
2367,Q9BUF5,IC50,7,3200.0,nM,4.0,5.609999999999999,11818|12263|14332|31076|31817|31908|4787
2367,Q9BVA1,IC50,7,3200.0,nM,4.0,5.609999999999999,11818|12263|14332|31076|31817|31908|4787
2367,Q9H4B7,IC50,7,3200.0,nM,4.0,5.609999999999999,11818|12263|14332|31076|31817|31908|4787
237,Q13639,EC50,2,2.9905,nM,8.5,8.55,97433|982
237,Q13639,Emax,2,47.0,%,9.0,,111950|97433
2370,Q8TDU6,EC50,1,3330.0,nM,9.0,5.48,39106
2370,Q8TDU6,Efficacy,1,75.0,%,9.0,,39106
2377,O15244,IC50,1,26700.0,nM,8.0,4.57,64752
2377,O15245,IC50,1,3050.0,nM,8.0,5.52,64752
2377,O75751,IC50,1,4280.0,nM,8.0,5.37,64752
2377,O88446,IC50,1,10500.0,nM,8.0,4.98,64218
2377,O95342,IC50,2,120950.0,nM,8.0,4.76,64449
2377,P03372,Efficacy,3,20.0,%,4.0,,14679|14786|5582
2377,P03372,IC50,2,10000.0,nM,4.0,,14679|14786
2377,P04150,Efficacy,4,39.0,%,8.5,,14679|14786|17192|5582
2377,P04150,IC50,3,1000.0,nM,9.0,,14679|14786|5582
2377,P06401,EC50,17,2.9,nM,8.0,8.54,14679|14786|14787|15404|17192|2909|4082|44503|51594|5366|5582|6218
2377,P06401,Efficacy,15,100.0,%,8.0,,14679|14786|14787|15404|17192|2909|4082|51594|5582
2377,P06401,IC50,2,10000.0,nM,8.5,,14786|51594
2377,P08183,EC50,1,21200.0,nM,8.0,4.67,16651
2377,P08183,IC50,3,96200.0,nM,8.0,4.035,64447
2377,P08235,Efficacy,4,83.0,%,8.5,,14679|14786|17192|5582
2377,P08235,IC50,4,14.0,nM,9.0,7.85,13471|14679|14786|5582
2377,P10275,Efficacy,4,46.0,%,8.5,,14679|14786|17192|5582
2377,P10275,IC50,3,37.0,nM,9.0,7.43,14679|14786|5582
2377,Q8TDU6,EC50,1,2770.0,nM,9.0,5.56,39106
2377,Q8TDU6,Efficacy,1,98.0,%,9.0,,39106
2377,Q92731,Efficacy,3,20.0,%,4.0,,14679|14786|5582
2377,Q92731,IC50,2,10000.0,nM,4.0,,14679|14786
2377,Q9R0W2,IC50,1,1600.0,nM,8.0,5.8,64218
2379,P31641,EC50,1,10000.0,nM,9.0,5.0,124747
238,Q13639,EC50,1,19.95,nM,8.0,7.7,982
238,Q62758,EC50,4,23.35,nM,8.0,7.63,17358|30625|6398
2391,P22002,IC50,2,7150.0,nM,9.0,5.155,91874
2395,P35355,IC50,1,53.0,nM,5.0,7.28,15449
2395,Q63921,IC50,1,53.0,nM,5.0,7.28,15449
2398,P22002,IC50,1,11600.0,nM,9.0,4.94,91874
2398,P23977,IC50,1,1000.0,nM,8.0,6.0,6977
2398,P31645,IC50,1,70.0,nM,8.0,7.16,6977
2398,P31652,IC50,2,55.0,nM,8.0,7.375,6977|7275
2398,P47747,IC50,1,720.0,nM,9.0,6.14,15067
2398,Q9WTR4,IC50,2,800.0,nM,8.0,6.105,6977|7275
2399,O35505,IC50,2,1709.0,nM,9.0,5.77,91842|91874
2399,O88446,IC50,1,68000.0,nM,8.0,4.17,64218
2399,P22002,IC50,1,11700.0,nM,9.0,4.93,91874
2399,P23977,IC50,1,7800.0,nM,8.0,5.11,10190
2399,P31652,IC50,3,12000.0,nM,8.0,5.22,10190|10349|7275
2399,P47747,IC50,1,3800.0,nM,9.0,5.42,15067
2399,Q12809,IC50,1,1390.0,nM,8.0,5.86,91842
2399,Q14524,IC50,1,1520.0,nM,9.0,5.82,91842
2399,Q63089,IC50,1,17500.0,nM,8.0,4.76,64843
2399,Q9R0W2,IC50,1,10000.0,nM,8.0,5.0,64843
2399,Q9R141,IC50,1,80000.0,nM,8.0,4.1,64217
2399,Q9WTR4,IC50,4,925.0,nM,8.0,6.295,10190|10349|14162|7275
240,O35505,IC50,2,31450.0,nM,9.0,4.5649999999999995,91874
240,O60840,IC50,1,11800.0,nM,4.0,4.93,91875
240,Q01668,IC50,1,11800.0,nM,4.0,4.93,91875
240,Q12809,IC50,3,6.5,nM,9.0,8.19,16592|20904|91842
240,Q13639,EC50,1,79.43,nM,9.0,7.1,74212
240,Q13698,IC50,1,11800.0,nM,4.0,4.93,91875
240,Q13936,IC50,1,11800.0,nM,4.0,4.93,91875
240,Q14524,IC50,1,14700.0,nM,9.0,4.83,91842
240,Q62758,EC50,2,54.85,nM,8.5,7.26,204|30625
2401,Q13936,IC50,2,8150000.0,nM,9.0,,91874
2402,P22002,IC50,1,31000.0,nM,9.0,4.51,91874
2403,P35439,IC50,2,30.7,nM,4.5,7.855,11872|3202
2403,Q00959,IC50,2,30.7,nM,4.5,7.855,11872|3202
2403,Q00960,IC50,2,30.7,nM,4.5,7.855,11872|3202
2403,Q00961,IC50,2,30.7,nM,4.5,7.855,11872|3202
2403,Q05586,IC50,1,9.0,nM,6.0,8.05,44463
2403,Q12879,IC50,1,29.0,nM,8.0,7.54,57666
2403,Q13224,IC50,1,9.0,nM,6.0,8.05,44463
2403,Q62645,IC50,2,30.7,nM,4.5,7.855,11872|3202
2403,Q8VHN2,IC50,2,30.7,nM,4.5,7.855,11872|3202
2403,Q9R1M7,IC50,2,30.7,nM,4.5,7.855,11872|3202
2404,P47747,IC50,1,7000.0,nM,9.0,5.16,15067
2406,O35505,IC50,8,695.0,nM,9.0,6.16,91842|91874|94011
2406,O60840,IC50,1,200.0,nM,4.0,6.7,91875
2406,O95342,IC50,2,129000.0,nM,8.0,4.1,64449
2406,P06795,IC50,2,2000.0,nM,8.0,5.7,17494
2406,P08183,EC50,3,3100.0,nM,8.0,5.51,14642|16651|31824
2406,P08183,IC50,20,6300.0,nM,8.0,5.26,17494|3141|64342|64368|64441|64447|64448|64566|64641|64826
2406,P21447,IC50,2,10000.0,nM,8.0,5.0,17494
2406,Q01668,IC50,1,200.0,nM,4.0,6.7,91875
2406,Q12809,IC50,3,143.0,nM,9.0,6.84,16592|20904|91842
2406,Q13698,IC50,1,200.0,nM,4.0,6.7,91875
2406,Q13936,IC50,5,24000.0,nM,9.0,4.62,91874|91875
2406,Q14524,IC50,1,41500.0,nM,9.0,4.38,91842
2406,Q9UNQ0,IC50,1,50000.0,nM,8.0,,64378
2407,O95136,EC50,1,10000.0,nM,9.0,,21408
2407,O95977,EC50,1,10000.0,nM,9.0,,21408
2407,P21453,EC50,4,5031.325,nM,9.0,7.949999999999999,107799|128647|21408|60783
2407,P21453,Efficacy,1,115.0,%,9.0,,60783
2407,P32249,IC50,1,4219.08,nM,9.0,5.38,128647
2407,Q99500,EC50,2,6255.945,nM,9.0,5.6,107799|21408
2407,Q9H228,EC50,2,6581.14,nM,9.0,5.5,107799|21408
2409,Q09428,EC50,3,8800.0,nM,7.0,5.06,31419|5140|6609
2409,Q14654,EC50,3,8800.0,nM,7.0,5.06,31419|5140|6609
241,O70528,EC50,1,5.7,nM,9.0,8.24,14290
241,Q13639,EC50,1,794.33,nM,8.0,6.1,982
241,Q62758,EC50,2,1357.165,nM,8.0,5.91,1946|567
2410,Q15077,EC50,1,45000.0,nM,9.0,4.35,31763
2413,O60706,EC50,3,457.09,nM,4.0,6.34,4852|5518
2413,O60706,Efficacy,3,95.0,%,4.0,,4852|5518|5569
2413,O60706,IC50,2,295.0,nM,4.0,6.970000000000001,13693
2413,Q09428,EC50,3,457.09,nM,4.0,6.34,4852|5518
2413,Q09428,Efficacy,3,95.0,%,4.0,,4852|5518|5569
2413,Q09428,IC50,2,295.0,nM,4.0,6.970000000000001,13693
2413,Q14654,EC50,3,457.09,nM,4.0,6.34,4852|5518
2413,Q14654,Efficacy,3,95.0,%,4.0,,4852|5518|5569
2413,Q14654,IC50,2,295.0,nM,4.0,6.970000000000001,13693
2413,Q15842,EC50,3,457.09,nM,4.0,6.34,4852|5518
2413,Q15842,Efficacy,3,95.0,%,4.0,,4852|5518|5569
2413,Q15842,IC50,2,295.0,nM,4.0,6.970000000000001,13693
2414,O70127,IC50,2,12150.0,nM,9.0,4.9350000000000005,64365
2414,O95342,IC50,2,203300.0,nM,8.0,,64449
2414,Q12809,IC50,1,74000.0,nM,9.0,4.13,16592
2414,Q9UNQ0,IC50,1,150000.0,nM,8.0,,64367
2420,O75762,EC50,6,8112.845,nM,9.0,5.11,53100|58664
2420,Q6RI86,EC50,2,4156.5,nM,9.0,5.42,58664|61132
2420,Q6RI86,Efficacy,1,41.8,%,9.0,,61132
2422,O75762,IC50,2,530000.0,nM,8.5,,51267
2423,O75762,EC50,1,51400.0,nM,9.0,4.29,49442
2424,P20272,EC50,2,105.265,nM,8.5,7.33,14128|30443
2424,P20272,Emax,1,159.0,%,9.0,,30443
2424,P21554,EC50,5,43.0,nM,9.0,7.37,121211|128847|129291|61171|90626
2424,P21554,Emax,3,22.0,%,9.0,,128847|61171
2424,P32249,EC50,1,38.0,nM,9.0,7.42,128847
2424,P34972,EC50,5,12.0,nM,9.0,7.92,121211|128847|129291|44405|90626
2424,P34972,Emax,1,35.0,%,9.0,,128847
2424,P35462,EC50,1,10.2,nM,9.0,7.99,104319
2424,P47936,EC50,1,7.3,nM,9.0,8.14,112218
2424,P47936,Emax,1,52.0,%,9.0,,112218
2424,Q14330,EC50,1,3370.0,nM,9.0,5.47,128847
2424,Q14330,Emax,1,100.0,%,9.0,,128847
2424,Q6RI86,EC50,1,230.0,nM,9.0,6.64,51267
2425,P10275,IC50,2,19027.305,nM,9.0,4.72,50705
2425,Q13936,IC50,1,187000.0,nM,8.0,,94011
2429,O75762,EC50,1,100000.0,nM,9.0,4.0,51267
2429,Q8R455,EC50,1,190.0,nM,9.0,6.72,45906
243,Q13639,EC50,1,5.2,nM,9.0,8.28,97433
243,Q13639,Emax,1,80.0,%,9.0,,97433
243,Q62758,EC50,1,26.0,nM,9.0,7.58,97433
243,Q62758,Emax,1,52.0,%,9.0,,97433
2430,P15381,IC50,1,74600.0,nM,9.0,4.13,94011
2439,Q9HC97,EC50,2,20675.0,nM,9.0,5.17,62079
2439,Q9HC97,Efficacy,1,260.0,picometer,9.0,,62079
2443,Q9NS75,IC50,1,14000.0,nM,4.0,4.85,9529
2443,Q9Y271,IC50,1,14000.0,nM,4.0,4.85,9529
2449,O15303,IC50,1,6500.0,nM,9.0,5.19,48502
2449,P06795,IC50,2,2000.0,nM,8.0,5.7,17494
2449,P08183,IC50,3,3500.0,nM,8.0,5.46,17494
2449,P21447,IC50,2,7800.0,nM,8.0,5.11,17494
2449,P22002,IC50,1,3000.0,nM,9.0,5.52,94011
2449,Q38C91,IC50,2,12299.0,nM,9.0,,51887
245,O70528,EC50,1,260.0,nM,9.0,6.58,809
2452,P10520,EC50,2,76280.0,nM,8.0,5.59,51887
2452,P32302,IC50,1,32494.0,nM,8.0,4.49,51887
2452,P35414,IC50,1,66600.0,nM,8.0,,51887
2452,P51684,IC50,1,20900.0,nM,8.0,4.68,51887
2452,P61088,IC50,2,6312.5,nM,9.0,5.2,51887
2452,Q07440,IC50,1,20000.0,nM,9.0,,51887
2453,P10520,EC50,2,76102.0,nM,8.0,5.66,51887
2453,P61088,IC50,2,14432.5,nM,9.0,4.84,51887
2453,Q07440,IC50,1,20000.0,nM,9.0,,51887
2455,P30542,EC50,1,500.0,nM,9.0,6.3,65814
2455,P41231,EC50,2,1892.5,nM,8.0,6.25,16398
2455,P47900,EC50,2,4350.0,nM,8.0,5.48,16398
2455,P49652,EC50,2,3150.0,nM,9.0,5.505,16398
2455,Q96G91,EC50,1,17250.0,nM,8.0,4.76,16398
2460,O35433,IC50,8,0.6499999999999999,nM,9.0,9.185,31285|38185|5874
2460,O75762,EC50,1,4500.0,nM,9.0,5.35,50255
2460,Q8NER1,IC50,6,2.85,nM,9.0,8.725000000000001,38185|44549|50255
2461,O35433,EC50,1,100000.0,nM,5.0,,6261
2461,O35433,IC50,10,650.0,nM,6.5,6.23,38185|5874|6007|6083|6261|6605|6745
2461,Q8NER1,EC50,1,2511.89,nM,9.0,5.6,51145
2461,Q8NER1,Emax,1,92.0,%,9.0,,51145
2461,Q8NER1,IC50,8,100.0,nM,9.0,7.0,21229|30438|38185|6394|6566
2461,Q9ERZ8,EC50,1,100000.0,nM,5.0,,6261
2461,Q9ERZ8,IC50,5,650.0,nM,5.0,6.225,6007|6083|6261|6605|6745
2461,Q9WUD2,EC50,1,100000.0,nM,5.0,,6261
2461,Q9WUD2,IC50,5,650.0,nM,5.0,6.225,6007|6083|6261|6605|6745
2464,P10520,EC50,2,150000.0,nM,8.0,,51887
247,O70528,IC50,1,13.0,nM,9.0,7.89,14290
247,Q13639,IC50,1,0.21,nM,9.0,9.68,66633
2478,O60240,IC50,1,3708.0,nM,9.0,,51887
2478,P41235,IC50,1,39869.0,nM,9.0,,51887
2485,Q8NER1,EC50,1,0.5012,nM,8.0,9.3,16579
2486,O35433,EC50,8,300.0,nM,4.5,6.52,11916|11917|13480|13732|17091|45405|6605
2486,Q6RI86,Efficacy,1,100.0,%,9.0,,61132
2486,Q8NER1,EC50,6,19.975,nM,9.0,7.7,16579|36194|47070|49452|51145|61132
2486,Q8NER1,Efficacy,1,78.6,%,9.0,,61132
2486,Q8NER1,Emax,1,97.0,%,9.0,,51145
2486,Q9ERZ8,EC50,6,300.0,nM,4.0,6.52,11916|11917|13480|13732|6605
2486,Q9WUD2,EC50,6,300.0,nM,4.0,6.52,11916|11917|13480|13732|6605
2488,O35433,EC50,3,170.0,nM,4.0,6.77,11917|13732|62645
2488,Q8NER1,EC50,1,0.5012,nM,8.0,9.3,16579
2488,Q9ERZ8,EC50,2,170.0,nM,4.0,6.77,11917|13732
2488,Q9WUD2,EC50,2,170.0,nM,4.0,6.77,11917|13732
2489,P08183,IC50,2,44800.0,nM,8.0,4.47,64037
2489,Q8NER1,EC50,1,3162.28,nM,9.0,5.5,51145
2489,Q8NER1,Emax,1,91.0,%,9.0,,51145
249,O70528,IC50,2,12.0,nM,9.0,7.925,14290
2491,O35433,EC50,4,0.935,nM,6.5,9.185,13480|45405|54629
2491,Q8NER1,EC50,3,0.019,nM,9.0,10.72,36194|49452|5440
2491,Q8NER1,Efficacy,1,116.0,%,9.0,,5440
2491,Q9ERZ8,EC50,2,29.55,nM,4.0,8.02,13480
2491,Q9WUD2,EC50,2,29.55,nM,4.0,8.02,13480
2497,O75762,EC50,1,7000.0,nM,9.0,5.16,51267
2497,Q13936,IC50,1,98000.0,nM,8.0,4.01,94011
2499,O75762,EC50,1,6000.0,nM,9.0,5.22,51267
2499,Q13936,IC50,2,158000.0,nM,8.0,,94011
2504,P25095,EC50,1,1.3,nM,9.0,8.89,114464
2504,P25095,Emax,1,98.1,%,9.0,,114464
2504,P30556,EC50,3,0.52,nM,9.0,9.28,114464|98807
2504,P30556,Emax,1,96.9,%,9.0,,114464
251,O70528,IC50,1,6.31,nM,9.0,8.2,12146
2510,O08966,IC50,1,280.0,nM,8.0,6.55,64765
2510,O70577,IC50,1,2800.0,nM,8.0,5.55,64765
2510,P05227,IC50,1,7400000000.0,nM,8.0,,43108
2510,P08183,IC50,7,112400.0,nM,8.0,4.13,64447
2510,Q63089,IC50,3,1100.0,nM,8.0,5.96,64651|64843
2510,Q9R0W2,IC50,2,25500.0,nM,8.0,4.654999999999999,64651
2511,Q8BLA8,EC50,1,32700.0,nM,9.0,4.49,51267
2514,O35505,IC50,3,260.0,nM,9.0,6.58,91874
2514,O60840,IC50,2,35.0,nM,4.0,7.609999999999999,91842|91875
2514,P08183,IC50,2,292500.0,nM,8.0,,64461|64688
2514,P15381,IC50,1,2.9,nM,9.0,8.54,11300
2514,P22002,IC50,1,2.53,nM,5.0,8.6,9932
2514,P27732,IC50,1,2.53,nM,5.0,8.6,9932
2514,P35498,IC50,1,37000.0,nM,4.0,4.43,91842
2514,P35499,IC50,1,37000.0,nM,4.0,4.43,91842
2514,P49430,IC50,1,10000.0,nM,8.0,,12004
2514,Q01118,IC50,1,37000.0,nM,4.0,4.43,91842
2514,Q01668,IC50,2,35.0,nM,4.0,7.609999999999999,91842|91875
2514,Q01815,IC50,1,1200.0,nM,5.0,5.92,40643
2514,Q02485,IC50,1,2.53,nM,5.0,8.6,9932
2514,Q02789,IC50,1,1200.0,nM,5.0,5.92,40643
2514,Q12809,IC50,1,275000.0,nM,8.0,,91842
2514,Q13698,IC50,2,35.0,nM,4.0,7.609999999999999,91842|91875
2514,Q13936,IC50,5,50.0,nM,8.0,7.3,91842|91874|91875
2514,Q14524,IC50,1,37000.0,nM,4.0,4.43,91842
2514,Q15858,IC50,1,37000.0,nM,4.0,4.43,91842
2514,Q8BLA8,EC50,1,400.0,nM,9.0,6.4,51267
2514,Q99246,IC50,1,1200.0,nM,5.0,5.92,40643
2514,Q99250,IC50,1,37000.0,nM,4.0,4.43,91842
2514,Q9JIS7,IC50,1,1200.0,nM,5.0,5.92,40643
2514,Q9NY46,IC50,1,37000.0,nM,4.0,4.43,91842
2514,Q9UI33,IC50,1,37000.0,nM,4.0,4.43,91842
2514,Q9UQD0,IC50,1,37000.0,nM,4.0,4.43,91842
2514,Q9Y5Y9,IC50,1,37000.0,nM,4.0,4.43,91842
2522,O43497,IC50,3,1340.0,nM,9.0,5.87,31684|44020|6446
2522,O60840,IC50,2,333.0,nM,4.0,6.55,91842|91875
2522,O95180,IC50,2,81.0,nM,8.5,7.195,38725|53548
2522,P06795,IC50,2,10000.0,nM,8.0,5.0,17494
2522,P08183,IC50,5,1600.0,nM,8.0,5.8,17494|64071|64391
2522,P21447,IC50,2,7400.0,nM,8.0,5.13,17494
2522,P22002,IC50,2,4050.0,nM,7.0,5.5600000000000005,38725|94011
2522,P27732,IC50,1,7000.0,nM,5.0,5.16,38725
2522,P35498,IC50,1,980.0,nM,4.0,6.01,91842
2522,P35499,IC50,1,980.0,nM,4.0,6.01,91842
2522,Q00975,IC50,1,416.0,nM,8.0,6.38,53548
2522,Q01118,IC50,1,980.0,nM,4.0,6.01,91842
2522,Q01668,IC50,2,333.0,nM,4.0,6.55,91842|91875
2522,Q02485,IC50,1,7000.0,nM,5.0,5.16,38725
2522,Q12809,IC50,3,1445.44,nM,8.0,5.84,16592|20904|91842
2522,Q13698,IC50,2,333.0,nM,4.0,6.55,91842|91875
2522,Q13936,IC50,4,54255.0,nM,6.0,6.55,91842|91874|91875
2522,Q14524,IC50,1,980.0,nM,4.0,6.01,91842
2522,Q15858,IC50,1,980.0,nM,4.0,6.01,91842
2522,Q99250,IC50,1,980.0,nM,4.0,6.01,91842
2522,Q9NY46,IC50,1,980.0,nM,4.0,6.01,91842
2522,Q9UI33,IC50,1,980.0,nM,4.0,6.01,91842
2522,Q9UQD0,IC50,1,980.0,nM,4.0,6.01,91842
2522,Q9Y5Y9,IC50,1,980.0,nM,4.0,6.01,91842
2523,O35505,IC50,1,300.0,nM,9.0,6.52,91874
2523,Q13936,IC50,1,110.0,nM,9.0,6.96,91874
2523,Q8BLA8,EC50,1,800.0,nM,9.0,6.1,51267
2524,O35505,IC50,2,405.0,nM,9.0,6.619999999999999,91874
2524,P08183,IC50,1,44100.0,nM,8.0,4.36,64688
2524,Q13936,IC50,1,3.0,nM,8.0,8.52,91874
2536,Q00975,IC50,2,550.0,nM,8.0,6.26,21200
254,O70528,EC50,1,30.0,nM,9.0,7.52,14290
2559,P06795,IC50,2,8000.0,nM,8.0,5.1,17494
2559,P08183,IC50,12,6100.0,nM,8.0,5.25,17494|64447|64688|64769
2559,P21447,IC50,2,2500.0,nM,8.0,5.6,17494
2559,P22002,IC50,1,2.66,nM,5.0,8.57,9932
2559,P27732,IC50,1,2.66,nM,5.0,8.57,9932
2559,Q02485,IC50,1,2.66,nM,5.0,8.57,9932
2559,Q13936,IC50,3,9600.0,nM,8.0,5.02,91874
2559,Q8BLA8,EC50,1,500.0,nM,9.0,6.3,51267
256,O70528,IC50,1,0.1,nM,9.0,10.0,12146
2560,O60840,IC50,1,27100.0,nM,4.0,4.57,91875
2560,Q01668,IC50,1,27100.0,nM,4.0,4.57,91875
2560,Q13698,IC50,1,27100.0,nM,4.0,4.57,91875
2560,Q13936,IC50,1,27100.0,nM,4.0,4.57,91875
2561,O35505,IC50,2,1800.0,nM,9.0,5.75,91842|91874
2561,P08183,EC50,1,320.0,nM,8.0,6.5,14642
2561,Q12809,IC50,1,440.0,nM,8.0,6.36,91842
2561,Q14524,IC50,1,1190.0,nM,9.0,5.92,91842
2566,O60840,IC50,2,1085.0,nM,4.0,6.145,91842|91875
2566,P08183,EC50,1,12800.0,nM,8.0,4.89,64475
2566,P08183,IC50,2,34050.0,nM,8.0,4.495,64768
2566,P35498,IC50,1,4800.0,nM,4.0,5.32,91842
2566,P35499,IC50,1,4800.0,nM,4.0,5.32,91842
2566,Q01118,IC50,1,4800.0,nM,4.0,5.32,91842
2566,Q01668,IC50,2,1085.0,nM,4.0,6.145,91842|91875
2566,Q12809,IC50,1,30.0,nM,9.0,7.52,91842
2566,Q13698,IC50,2,1085.0,nM,4.0,6.145,91842|91875
2566,Q13936,IC50,2,1085.0,nM,4.0,6.145,91842|91875
2566,Q14524,IC50,1,4800.0,nM,4.0,5.32,91842
2566,Q15858,IC50,1,4800.0,nM,4.0,5.32,91842
2566,Q99250,IC50,1,4800.0,nM,4.0,5.32,91842
2566,Q9NY46,IC50,1,4800.0,nM,4.0,5.32,91842
2566,Q9UI33,IC50,1,4800.0,nM,4.0,5.32,91842
2566,Q9UQD0,IC50,1,4800.0,nM,4.0,5.32,91842
2566,Q9Y5Y9,IC50,1,4800.0,nM,4.0,5.32,91842
2567,P35498,IC50,1,20000.0,nM,4.0,4.7,91842
2567,P35499,IC50,1,20000.0,nM,4.0,4.7,91842
2567,Q01118,IC50,1,20000.0,nM,4.0,4.7,91842
2567,Q12809,IC50,1,2500.0,nM,8.0,5.6,91842
2567,Q14524,IC50,1,20000.0,nM,4.0,4.7,91842
2567,Q15858,IC50,1,20000.0,nM,4.0,4.7,91842
2567,Q99250,IC50,1,20000.0,nM,4.0,4.7,91842
2567,Q9NY46,IC50,1,20000.0,nM,4.0,4.7,91842
2567,Q9UI33,IC50,1,20000.0,nM,4.0,4.7,91842
2567,Q9UQD0,IC50,1,20000.0,nM,4.0,4.7,91842
2567,Q9Y5Y9,IC50,1,20000.0,nM,4.0,4.7,91842
2568,O95342,IC50,1,65400.0,nM,8.0,4.18,64449
2568,P05093,IC50,1,2780.0,nM,9.0,5.56,44781
2568,P06795,IC50,2,6700.0,nM,8.0,5.17,17494
2568,P08183,IC50,8,5200.0,nM,8.0,5.285,17494|64441|64446|64447
2568,P21447,IC50,2,3800.0,nM,8.0,5.42,17494
2568,P22002,IC50,1,3500.0,nM,9.0,5.46,94011
2568,Q14973,IC50,1,264000.0,nM,8.0,,64025
257,Q13639,EC50,1,12.59,nM,8.0,7.9,53110
2579,O35505,IC50,1,280.0,nM,9.0,6.55,94011
258,O70528,EC50,1,1000.0,nM,9.0,,809
258,O70528,IC50,3,77.0,nM,9.0,7.11,12146|14290|809
2585,P02708,EC50,4,37500.0,nM,7.0,4.595000000000001,13512|2323|66665
2585,P02708,IC50,1,1000.0,nM,7.0,,66665
2585,P04757,EC50,1,35000.0,nM,7.0,4.46,31100
2585,P04757,Emax,1,100.0,%,7.0,,31100
2585,P07510,EC50,2,33000.0,nM,6.0,4.19,13512|66665
2585,P07510,IC50,1,1000.0,nM,7.0,,66665
2585,P09483,EC50,4,67.305,nM,7.0,7.17,16511|31100|60116
2585,P09483,Emax,1,100.0,%,7.0,,31100
2585,P11230,EC50,2,33000.0,nM,6.0,4.19,13512|66665
2585,P11230,IC50,1,1000.0,nM,7.0,,66665
2585,P12390,EC50,4,67.305,nM,7.0,7.17,16511|31100|60116
2585,P12390,Emax,1,100.0,%,7.0,,31100
2585,P12392,EC50,1,35000.0,nM,7.0,4.46,31100
2585,P12392,Emax,1,100.0,%,7.0,,31100
2585,P17787,EC50,16,3850.0,nM,7.0,5.425,13512|2323|36133|37141|46138|46997|53129|59187|61830|62804|65758|66548|66665
2585,P17787,Efficacy,9,90.0,%,7.0,,30114|53129|59187|61830|65758|66665
2585,P17787,IC50,4,428.5,nM,7.0,6.37,59187|61830|66665
2585,P30532,EC50,1,30000.0,nM,5.0,4.52,65758
2585,P30532,Efficacy,1,90.0,%,5.0,,65758
2585,P30926,EC50,12,7971.639999999999,nM,7.0,5.1,13512|35319|37141|46138|6298|65758|66548|66665
2585,P30926,Efficacy,3,88.0,%,6.0,,52037|65758
2585,P30926,IC50,1,1000.0,nM,7.0,,66665
2585,P32297,EC50,10,7971.639999999999,nM,7.0,5.1,13512|35319|37141|46138|6298|65758|66548|66665
2585,P32297,Efficacy,3,88.0,%,6.0,,52037|65758
2585,P32297,IC50,1,1000.0,nM,7.0,,66665
2585,P36544,EC50,3,38000.0,nM,9.0,4.42,46110|4612|46997
2585,P36544,Emax,1,100.0,%,9.0,,46110
2585,P43681,EC50,16,3850.0,nM,7.0,5.425,13512|2323|36133|37141|46138|46997|53129|59187|61830|62804|66548|66665
2585,P43681,Efficacy,8,90.5,%,7.0,,30114|53129|59187|61830|66665
2585,P43681,IC50,4,428.5,nM,7.0,6.37,59187|61830|66665
2585,P49582,Efficacy,1,53.0,%,8.0,,4612
2585,Q04844,EC50,1,65000.0,nM,5.0,4.19,13512
2585,Q05941,EC50,3,1500.0,nM,9.0,5.82,38541|66656|66691
2585,Q05941,Emax,2,102.5,%,9.0,,66656|66691
2585,Q07001,EC50,2,33000.0,nM,6.0,4.19,13512|66665
2585,Q07001,IC50,1,1000.0,nM,7.0,,66665
2586,P22002,IC50,1,2.79,ug.mL-1,9.0,,94011
2588,Q12809,IC50,1,560.0,nM,8.0,6.25,16592
2592,Q12809,IC50,1,1500.0,nM,8.0,5.82,14203
2595,P32239,IC50,1,13000.0,nM,8.0,4.89,9410
2597,K9N7C7,IC50,1,10000.0,nM,8.0,,115086
2597,P0DTD1,IC50,1,2460.0,nM,9.0,5.61,115086
260,O70528,IC50,1,3162.28,nM,9.0,5.5,12146
260,P17787,IC50,1,170000.0,nM,7.0,,6769
260,P30926,IC50,1,1800.0,nM,7.0,5.75,6769
260,P32297,IC50,1,1800.0,nM,7.0,5.75,6769
260,P35563,IC50,1,1.4,nM,7.0,8.85,1089
260,P36544,EC50,2,1300.0,nM,8.0,5.89,4612|65574
260,P36544,Emax,1,36.0,%,8.0,,65574
260,P43681,IC50,1,170000.0,nM,7.0,,6769
260,P49582,Efficacy,1,36.0,%,8.0,,4612
260,Q9JJ16,IC50,1,1.4,nM,7.0,8.85,1089
2600,O43525,EC50,1,690.0,nM,7.0,6.16,17102
2600,O43526,EC50,1,690.0,nM,7.0,6.16,17102
2600,Q9Z351,EC50,3,3280.0,nM,9.0,5.48,17102|20688|6792
2601,Q9Z351,EC50,2,1300.0,nM,8.5,5.89,20688|6792
2603,O60840,IC50,1,1100.0,nM,4.0,5.96,91875
2603,P06795,IC50,2,1700.0,nM,8.0,5.77,17494
2603,P08183,IC50,3,1300.0,nM,8.0,5.89,17494
2603,P21447,IC50,2,1300.0,nM,8.0,5.89,17494
2603,P61088,IC50,1,20000.0,nM,9.0,,51887
2603,Q01668,IC50,1,1100.0,nM,4.0,5.96,91875
2603,Q12809,IC50,2,0.906,nM,9.0,9.045,16592|20904
2603,Q13698,IC50,1,1100.0,nM,4.0,5.96,91875
2603,Q13936,IC50,1,1100.0,nM,4.0,5.96,91875
2604,O60840,IC50,2,43350.0,nM,4.0,4.395,91842|91875
2604,P15382,IC50,2,204838.98,nM,6.0,,91843
2604,P35498,IC50,1,300000.0,nM,4.0,,91842
2604,P35499,IC50,1,300000.0,nM,4.0,,91842
2604,P51787,IC50,2,204838.98,nM,6.0,,91843
2604,Q01118,IC50,1,300000.0,nM,4.0,,91842
2604,Q01668,IC50,2,43350.0,nM,4.0,4.395,91842|91875
2604,Q12809,IC50,6,70.445,nM,8.0,7.36,12940|16592|91842|91843
2604,Q13698,IC50,2,43350.0,nM,4.0,4.395,91842|91875
2604,Q13936,IC50,4,109244.66,nM,6.0,4.395,91842|91843|91874|91875
2604,Q14524,IC50,3,316227.77,nM,8.0,,91842|91843
2604,Q15858,IC50,1,300000.0,nM,4.0,,91842
2604,Q99250,IC50,1,300000.0,nM,4.0,,91842
2604,Q9NY46,IC50,1,300000.0,nM,4.0,,91842
2604,Q9UI33,IC50,1,300000.0,nM,4.0,,91842
2604,Q9UQD0,IC50,1,300000.0,nM,4.0,,91842
2604,Q9Y5Y9,IC50,1,300000.0,nM,4.0,,91842
2605,O35505,IC50,1,441000.0,nM,9.0,,91874
2605,Q12809,IC50,1,7.7,nM,9.0,8.11,16592
2608,O35505,IC50,3,375.0,nM,9.0,6.43,91842|91874
2608,O60840,IC50,1,930.0,nM,4.0,6.03,91875
2608,P06795,IC50,2,2000.0,nM,8.0,5.7,17494
2608,P08183,IC50,6,1600.0,nM,8.0,5.8,17494|64447
2608,P17861,IC50,1,5140.0,nM,8.0,5.29,51887
2608,P21447,IC50,2,23000.0,nM,8.0,4.64,17494
2608,P22002,IC50,1,142.0,nM,9.0,6.85,91874
2608,P30547,IC50,1,10000.0,nM,9.0,,2339
2608,P35367,IC50,1,563.0,nM,8.0,6.25,2339
2608,P35639,IC50,1,4120.0,nM,8.0,,51887
2608,P61088,IC50,1,20000.0,nM,9.0,,51887
2608,Q01668,IC50,1,930.0,nM,4.0,6.03,91875
2608,Q12809,IC50,3,128.82,nM,9.0,6.89,16592|20904|91842
2608,Q13698,IC50,1,930.0,nM,4.0,6.03,91875
2608,Q13936,IC50,2,1125.0,nM,6.5,5.955,91874|91875
2608,Q14524,IC50,1,971.0,nM,9.0,6.01,91842
2622,P15382,IC50,1,158489.32,nM,6.0,,91843
2622,P51787,IC50,1,158489.32,nM,6.0,,91843
2622,Q12809,IC50,3,251188.64,nM,8.0,,91843
2622,Q13936,IC50,2,1421909.2999999998,nM,8.5,,91843
2622,Q14524,IC50,2,69905.36,nM,8.5,4.2,91843
2624,O35505,IC50,2,103000.0,nM,9.0,,91842|91874
2624,O60840,IC50,1,21900.0,nM,4.0,4.66,91875
2624,Q01668,IC50,1,21900.0,nM,4.0,4.66,91875
2624,Q12809,IC50,1,100000.0,nM,8.0,4.0,91842
2624,Q13698,IC50,1,21900.0,nM,4.0,4.66,91875
2624,Q13936,IC50,2,73450.0,nM,6.5,4.66,91874|91875
2624,Q14524,IC50,1,49000.0,nM,9.0,4.31,91842
2629,O60840,IC50,1,100000.0,nM,4.0,4.0,91842
2629,P04774,IC50,1,47000.0,nM,5.0,4.33,16581
2629,P04775,IC50,1,47000.0,nM,5.0,4.33,16581
2629,P08104,IC50,1,47000.0,nM,5.0,4.33,16581
2629,P35498,IC50,1,43000.0,nM,4.0,4.37,91842
2629,P35499,IC50,1,43000.0,nM,4.0,4.37,91842
2629,Q01118,IC50,1,43000.0,nM,4.0,4.37,91842
2629,Q01668,IC50,1,100000.0,nM,4.0,4.0,91842
2629,Q12809,IC50,1,10000.0,nM,8.0,,91842
2629,Q13698,IC50,1,100000.0,nM,4.0,4.0,91842
2629,Q13936,IC50,1,100000.0,nM,4.0,4.0,91842
2629,Q14524,IC50,1,43000.0,nM,4.0,4.37,91842
2629,Q15858,IC50,2,28021500.0,nM,6.5,4.37,60865|91842
2629,Q99250,IC50,1,43000.0,nM,4.0,4.37,91842
2629,Q9NY46,IC50,1,43000.0,nM,4.0,4.37,91842
2629,Q9UI33,IC50,1,43000.0,nM,4.0,4.37,91842
2629,Q9UQD0,IC50,1,43000.0,nM,4.0,4.37,91842
2629,Q9Y5Y9,IC50,1,43000.0,nM,4.0,4.37,91842
2634,O35913,IC50,1,50400.0,nM,8.0,4.3,64332
2634,P10827,EC50,1,2.0,nM,9.0,8.7,131267
2634,P10828,EC50,1,2.0,nM,9.0,8.7,131267
2635,Q6ZQN7,IC50,1,8000.0,nM,8.0,5.1,64142
2637,P10827,EC50,1,2.0,nM,9.0,8.7,131267
2637,P10828,EC50,1,4.0,nM,9.0,8.4,131267
2638,P10827,EC50,1,4.5,nM,9.0,8.35,43843
2638,P10828,EC50,1,1.12,nM,9.0,8.95,43843
2639,P10827,EC50,1,50.0,nM,9.0,7.3,131267
2639,P10828,EC50,1,7.0,nM,9.0,8.15,131267
2640,P10276,IC50,1,31.0,nM,9.0,7.51,4702
2640,P10826,IC50,1,20.0,nM,9.0,7.7,4702
2640,P13631,IC50,1,3.0,nM,9.0,8.52,4702
2644,P10276,EC50,5,240.0,nM,8.0,6.62,13182|13451|1426|15248|5172
2644,P10276,Efficacy,2,100.0,%,8.0,,13451|5172
2644,P10826,EC50,8,15.715,nM,8.0,7.8999999999999995,13182|13451|1426|15248|30366|45988|5172
2644,P10826,Efficacy,3,100.0,%,8.0,,13451|45988|5172
2644,P13631,EC50,5,6.0,nM,8.0,8.22,13182|13451|1426|15248|5172
2644,P13631,Efficacy,2,100.0,%,8.0,,13451|5172
2644,P19793,EC50,2,992.0,nM,8.5,6.005,13451|1426
2644,P19793,Efficacy,1,100.0,%,8.0,,13451
2644,P28702,EC50,2,1397.0,nM,8.5,5.855,13451|1426
2644,P28702,Efficacy,1,100.0,%,8.0,,13451
2644,P48443,EC50,2,1162.5,nM,8.5,5.9350000000000005,13451|1426
2644,P48443,Efficacy,1,100.0,%,8.0,,13451
2646,P10276,EC50,1,30.0,nM,9.0,7.52,1426
2646,P10826,EC50,1,3.0,nM,9.0,8.52,1426
2646,P13631,EC50,1,2.0,nM,9.0,8.7,1426
2647,P10276,EC50,3,2.0,nM,8.0,8.7,131267|5172|55636
2647,P10276,Efficacy,1,101.0,%,8.0,,5172
2647,P10826,EC50,5,19.95,nM,8.0,7.7,131267|30366|45988|5172
2647,P10826,Efficacy,2,102.5,%,8.0,,45988|5172
2647,P13631,EC50,2,14.5,nM,8.5,7.859999999999999,131267|5172
2647,P13631,Efficacy,1,80.0,%,8.0,,5172
2648,P10276,EC50,2,47.5,nM,8.5,7.324999999999999,131267|53513
2648,P10826,EC50,2,217.5,nM,8.5,6.665,131267|53513
2648,P13631,EC50,2,595.5,nM,8.5,6.225,131267|53513
265,Q7Z2W7,IC50,2,500.0,nM,9.0,6.324999999999999,54012
2650,P10276,EC50,1,110.0,nM,9.0,6.96,131267
2655,P09917,IC50,2,185.0,nM,6.0,6.994999999999999,1701
2655,P10520,EC50,2,1056.0,nM,8.0,5.984999999999999,51887
2655,P12527,IC50,1,5.0,nM,8.0,8.3,11311
2655,P20292,IC50,2,185.0,nM,6.0,6.994999999999999,1701
2656,P37231,EC50,2,1.4900000000000002,nM,9.0,9.06,39436|50738
2656,Q07869,EC50,2,6.15,nM,9.0,8.32,39436|50738
2657,P37231,IC50,3,10.0,nM,8.0,8.0,17514|62185
2657,Q03181,IC50,3,5253.0,nM,8.0,5.28,17514|62185
2657,Q07869,IC50,3,28.0,nM,8.0,7.55,17514|62185
2658,P37231,Efficacy,1,20.0,%,9.0,,17297
2658,P37231,IC50,1,6501.3,nM,8.0,5.19,62185
2658,Q03181,Efficacy,1,20.0,%,8.0,,17297
2658,Q03181,IC50,1,3801.89,nM,8.0,5.42,62185
2658,Q07869,EC50,1,42.0,nM,9.0,7.38,17297
2658,Q07869,IC50,1,23.99,nM,8.0,7.62,62185
2659,P37231,EC50,1,880.0,nM,9.0,6.06,17457
2659,P37231,Efficacy,1,123.0,%,9.0,,15988
2659,Q07869,EC50,1,150.0,nM,9.0,6.82,17457
2659,Q07869,Efficacy,1,92.0,%,9.0,,15988
2661,P28223,Emax,1,121.0,%,9.0,,126819
2661,P28335,Emax,1,124.0,%,9.0,,126819
2661,P41595,Emax,1,106.1,%,9.0,,126819
2661,Q07869,EC50,2,168.5,nM,9.0,6.775,61808
2661,Q8NER1,EC50,2,2270.0,nM,9.0,5.745,30928|47070
2661,Q8NER1,Emax,1,50.1,%,9.0,,30928
2661,Q8TDV5,EC50,6,2200.0,nM,9.0,5.66,101731|104653|109072|116207|72139|72496
2661,Q8TDV5,Emax,2,100.0,%,9.0,,116207|72139
2662,P23204,EC50,1,18000.0,nM,8.0,4.75,15125
2662,P37231,EC50,4,158500.0,nM,9.0,4.0,15125|38605|38790|47054
2662,P37231,Efficacy,2,10.0,%,9.0,,15988|17297
2662,P37238,EC50,1,250000.0,nM,8.0,,15125
2662,Q03181,EC50,2,100000.0,nM,9.0,,38605|38790
2662,Q03181,Efficacy,1,20.0,%,8.0,,17297
2662,Q07869,EC50,7,30000.0,nM,9.0,4.705,15125|17297|31230|38605|38790|47054|57223
2662,Q07869,Efficacy,1,16.0,%,9.0,,15988
2663,P37231,EC50,1,3.162,nM,8.0,8.5,14745
2663,P37231,Efficacy,1,61.0,%,9.0,,15988
2663,Q07869,Efficacy,1,30.0,%,9.0,,15988
2664,P37231,EC50,3,600.0,nM,8.0,6.22,16829|17457|66918
2664,Q07869,EC50,3,3200.0,nM,8.0,5.5,16829|17457|66918
2665,P37231,EC50,2,14.0,nM,8.0,7.85,5710|5862
2665,P37231,IC50,1,57.0,nM,8.0,7.24,57950
2665,Q03181,EC50,2,3000.0,nM,8.0,,5710|5862
2665,Q07869,EC50,2,26.0,nM,8.5,7.58,5710|5862
2666,P23204,EC50,1,630.0,nM,9.0,6.2,15797
2666,P37231,EC50,4,29150.0,nM,9.0,4.53,15797|16829|30038|37518
2666,P37238,EC50,1,32000.0,nM,9.0,4.5,15797
2666,Q03181,EC50,1,35000.0,nM,9.0,4.46,15797
2666,Q07869,EC50,10,7500.0,nM,9.0,5.3,15797|16829|30038|37518|44023|46546|48492|49150|61808
2666,Q07869,Emax,1,8.4,%,9.0,,54606
2667,P23204,EC50,1,50000.0,nM,9.0,4.3,15797
2667,P37231,EC50,1,500000.0,nM,9.0,,15797
2667,P37238,EC50,1,500000.0,nM,9.0,,15797
2667,Q07869,EC50,2,55000.0,nM,9.0,4.26,15797|62936
2668,P23204,EC50,2,90000.0,nM,8.5,4.05,15125|15797
2668,P35396,EC50,2,110000.0,nM,8.5,,15125|15797
2668,P37231,EC50,7,60000.0,nM,9.0,4.22,15125|15797|16829|17140|38605|38790|54606
2668,P37238,EC50,2,55000.0,nM,8.5,4.26,15125|15797
2668,Q03181,EC50,7,30000.0,nM,9.0,4.7,15125|15797|16829|17140|38605|38790|54606
2668,Q07869,EC50,7,42500.0,nM,9.0,4.41,15125|15797|16829|17140|38605|38790|54606
2669,P04608,IC50,1,2379.0,nM,8.0,,51887
2669,P35236,IC50,1,15400.0,nM,9.0,4.81,51887
2669,P63073,IC50,1,32130.0,nM,8.0,,51887
2669,Q64346,IC50,1,30400.0,nM,8.0,4.52,51887
2670,P23204,EC50,1,4300.0,nM,9.0,5.37,15797
2670,P37231,EC50,1,83.0,nM,9.0,7.08,15797
2670,P37238,EC50,1,89.0,nM,9.0,7.05,15797
2670,Q07869,EC50,1,1900.0,nM,9.0,5.72,15797
2672,P37231,EC50,13,1.479,nM,9.0,8.83,14745|14746|14747|15797|37458|4592|60917
2672,P37231,Emax,4,118.0,%,9.0,,60917
2672,P37238,EC50,2,0.3524,nM,8.5,9.455,14745|15797
2672,Q07869,EC50,5,450.0,nM,8.0,6.35,14745|14746|15797|37458|4592
2673,P23204,EC50,3,5.0,nM,9.0,8.3,15125|15797|51326
2673,P35396,EC50,3,2600.0,nM,9.0,5.58,15125|15797|51326
2673,P37230,EC50,1,166.0,nM,9.0,6.78,38094
2673,P37231,EC50,6,1000.0,nM,8.5,6.0,131267|15125|15797|17297|38094|51326
2673,P37238,EC50,3,1500.0,nM,9.0,5.82,15125|15797|51326
2673,Q03181,EC50,4,1400.0,nM,8.5,5.85,15125|15797|38094|51326
2673,Q07869,EC50,8,64.0,nM,9.0,7.205,131267|15125|15797|17297|35939|38094|51326|62936
2674,P32523,EC50,1,178.0,nM,8.0,6.75,44752
2674,P37231,EC50,1,1000.0,nM,9.0,6.0,131267
2674,Q07869,EC50,5,200.0,nM,9.0,6.7,131267|48470|55636|59031|62936
2674,Q07869,Efficacy,1,164.0,%,8.0,,59031
2674,Q07869,IC50,1,0.46,nM,8.0,9.34,65003
2675,P37231,EC50,2,4.0,nM,9.0,8.4,45516|49833
2675,Q07869,EC50,2,6.5,nM,9.0,8.2,45516|49833
2677,P23204,EC50,1,10000.0,nM,9.0,5.0,15797
2677,P35396,EC50,1,7200.0,nM,9.0,5.14,15797
2677,P37231,EC50,5,800.0,nM,9.0,6.1,15797|17140|17457|57662|66918
2677,P37231,Efficacy,1,109.0,%,9.0,,15988
2677,P37238,EC50,1,140.0,nM,9.0,6.85,15797
2677,Q03181,EC50,2,9550.0,nM,9.0,5.04,15797|57662
2677,Q07869,EC50,5,850.0,nM,9.0,6.07,15797|17140|17457|57662|66918
2677,Q07869,Efficacy,1,54.0,%,9.0,,15988
2678,P23204,EC50,1,30.0,nM,9.0,7.52,38790
2678,P37231,EC50,2,8225.0,nM,9.0,5.09,38790|45516
2678,Q03181,EC50,1,100000.0,nM,9.0,,38790
2678,Q07869,EC50,2,31.0,nM,9.0,7.640000000000001,38790|45516
2680,P37231,EC50,2,246.0,nM,8.5,6.605,37458|38476
2680,Q07869,EC50,2,58.0,nM,8.5,7.25,37458|38476
2681,P00519,IC50,1,10000.0,nM,7.0,5.0,31127
2681,P08183,IC50,1,42000.0,nM,9.0,4.38,31127
2681,P11274,IC50,1,10000.0,nM,7.0,5.0,31127
2686,P35396,EC50,1,5.8,nM,9.0,,54239
2686,Q03181,EC50,2,150.5,nM,9.0,7.76,131267|55636
2687,P35396,EC50,2,65.5,nM,9.0,7.1899999999999995,35218|50305
2687,P35396,Efficacy,1,100.0,%,9.0,,50305
2687,P37231,EC50,7,10000.0,nM,9.0,5.22,31511|31676|34990|36809|37656|54606|57662
2687,P37231,Emax,1,61.1,%,9.0,,54606
2687,P37231,IC50,1,6309.57,nM,8.0,5.2,62185
2687,Q03181,EC50,12,3.081,nM,9.0,8.51,131267|31511|31676|34990|36784|36809|37626|37656|45759|54606|57102|57662
2687,Q03181,Efficacy,1,100.0,%,9.0,,31511
2687,Q03181,Emax,2,64.47,%,9.0,,54606
2687,Q03181,IC50,1,5.0,nM,8.0,8.3,62185
2687,Q07869,EC50,7,1888.0,nM,9.0,5.72,31511|31676|34990|36809|37656|54606|57662
2687,Q07869,Emax,1,76.9,%,9.0,,54606
2687,Q07869,IC50,1,1995.26,nM,8.0,5.7,62185
2688,P37231,IC50,3,194.98,nM,8.0,6.71,57950|62185
2688,P55055,EC50,1,7300.0,nM,9.0,5.14,31294
2688,Q03181,IC50,2,3.9995000000000003,nM,8.0,8.4,62185
2688,Q07869,IC50,2,279.95,nM,8.0,6.55,62185
2688,Q13133,EC50,1,5900.0,nM,9.0,5.23,31294
2689,P23204,EC50,1,7600.0,nM,9.0,5.12,15797
2689,P35396,EC50,1,23.0,nM,9.0,7.64,15797
2689,P37231,EC50,1,5.2,nM,9.0,8.28,15797
2689,P37231,IC50,2,93.985,nM,8.0,7.03,57950|62185
2689,P37238,EC50,1,10.0,nM,9.0,8.0,15797
2689,Q03181,EC50,1,7.9,nM,9.0,8.1,15797
2689,Q03181,IC50,1,5.998,nM,8.0,8.22,62185
2689,Q07869,EC50,1,4.1,nM,9.0,8.39,15797
2689,Q07869,IC50,1,53.95,nM,8.0,7.27,62185
2690,P37231,IC50,2,109.95,nM,8.0,6.96,57950|62185
2690,Q03181,IC50,1,3.999,nM,8.0,8.4,62185
2690,Q07869,IC50,1,570.16,nM,8.0,6.24,62185
2691,P35396,EC50,1,3800.0,nM,9.0,5.42,15797
2691,P37231,EC50,3,1824.0,nM,9.0,5.74,131267|15797|31676
2691,P37238,EC50,1,10000.0,nM,9.0,5.0,15797
2691,Q03181,EC50,3,125.0,nM,9.0,6.9,131267|15797|31676
2691,Q07869,EC50,3,1000.0,nM,9.0,6.0,131267|15797|31676
2693,O35505,IC50,1,800.0,nM,9.0,6.1,94011
2693,O70127,IC50,1,3900.0,nM,9.0,5.41,64365
2693,O95342,IC50,1,66400.0,nM,8.0,4.18,64449
2693,P22002,IC50,1,9500.0,nM,9.0,5.02,91874
2693,P37231,EC50,7,537.03,nM,9.0,6.27,14745|15797|16829|3457|42151|61299|62112
2693,P37231,Efficacy,1,79.0,%,9.0,,15988
2693,P37238,EC50,2,890.0,nM,9.0,6.055,15797|57599
2693,Q07869,Efficacy,1,0.0,%,9.0,,15988
2694,P37231,EC50,8,580.0,nM,8.5,6.24,14745|15797|16829|31433|3457|4592|50692|57223
2694,P37231,Emax,1,118.0,%,8.0,,50692
2694,P37238,EC50,2,620.0,nM,9.0,6.21,13771|15797
2694,Q07869,EC50,1,6680.0,nM,8.0,5.17,16829
2697,P37231,EC50,4,1.0,nM,9.0,9.0,60917
2697,P37231,Emax,4,95.5,%,9.0,,60917
2699,P37231,EC50,1,55.0,nM,9.0,7.26,30142
2700,P03070,IC50,1,19100.0,nM,9.0,,51887
2703,P37231,EC50,7,9.12,nM,8.0,8.04,14745|15797|49562
2703,P37238,EC50,3,13.0,nM,9.0,7.89,14745|15797|49562
2704,P37231,EC50,4,0.70895,nM,8.5,9.15,14747|15797|4592
2704,P37238,EC50,1,1.2,nM,9.0,8.92,15797
2704,Q07869,EC50,2,3500.0,nM,8.5,5.46,15797|4592
2705,P30989,EC50,2,107858.0,nM,8.5,6.67,45717|46101
2705,P30989,Emax,2,60.0,%,8.5,,45717|46101
2705,P30989,IC50,1,3.79,nM,9.0,8.42,45717
2711,P37231,EC50,2,18904.34,nM,8.5,4.734999999999999,14745|42443
2711,P37238,EC50,1,3000.0,nM,9.0,5.52,13771
2713,P09917,IC50,1,17000.0,nM,9.0,4.77,14312
2713,P12527,IC50,1,14000.0,nM,9.0,4.85,14312
2713,P22437,IC50,1,220.0,nM,4.0,6.66,13358
2713,Q05769,IC50,1,220.0,nM,4.0,6.66,13358
2713,Q4U2R8,IC50,1,8000.0,nM,8.0,5.1,64324
2714,P22002,IC50,1,12890.0,nM,9.0,4.89,91874
2714,P25089,IC50,1,10000.0,nM,9.0,,128647
2714,P35355,IC50,1,500.0,nM,4.0,6.3,7269
2714,Q4U2R8,IC50,1,4000.0,nM,8.0,5.4,64324
2714,Q63921,IC50,1,500.0,nM,4.0,6.3,7269
2716,P23204,EC50,1,270.0,nM,9.0,6.57,15797
2716,P35396,EC50,1,410.0,nM,9.0,6.39,15797
2716,P37231,EC50,1,2500.0,nM,9.0,5.6,15797
2716,P37238,EC50,1,1500.0,nM,9.0,5.82,15797
2716,Q03181,EC50,1,190.0,nM,9.0,6.72,15797
2716,Q07869,EC50,1,170.0,nM,9.0,6.77,15797
2718,P08183,IC50,1,8200.0,nM,8.0,5.09,64459
2739,P04035,IC50,2,43.5,nM,8.0,7.365,10798|11419
2739,P05107,IC50,1,3780.0,nM,6.0,5.42,6331
2739,P05362,IC50,1,3780.0,nM,6.0,5.42,6331
2739,P08183,IC50,5,32700.0,nM,8.0,4.535,64358|64447|64462
2739,P20701,IC50,1,3780.0,nM,6.0,5.42,6331
2739,Q9Y6L6,IC50,1,28000.0,nM,8.0,4.55,64358
2740,P10276,EC50,2,34.5,nM,8.0,7.795,13451
2740,P10276,Efficacy,2,35.0,%,8.0,,13451
2740,P10826,EC50,2,13.1,nM,8.0,8.14,13451
2740,P10826,Efficacy,2,42.5,%,8.0,,13451
2740,P13631,EC50,2,8.17,nM,8.0,8.635,13451
2740,P13631,Efficacy,2,53.0,%,8.0,,13451
2740,P19793,EC50,1,134.0,nM,8.0,6.87,13451
2740,P19793,Efficacy,1,56.0,%,8.0,,13451
2740,P28702,EC50,1,87.0,nM,8.0,7.06,13451
2740,P28702,Efficacy,1,27.0,%,8.0,,13451
2740,P48443,EC50,1,77.0,nM,8.0,7.11,13451
2740,P48443,Efficacy,1,40.0,%,8.0,,13451
2743,Q60641,EC50,1,2000.0,nM,9.0,5.7,47189
2743,Q96RI1,EC50,14,65.0,nM,9.0,7.19,131267|36358|44007|46718|47189|52027|55420|55616|59170|62025|65706
2743,Q96RI1,Efficacy,4,100.0,%,9.0,,52027|55420|62025
2743,Q96RI1,Emax,1,100.0,%,9.0,,59170
2744,Q96RI1,EC50,3,25.0,nM,8.0,7.6,131267|52572|65706
2745,Q96RI1,IC50,2,24050.0,nM,9.0,4.875,38071|55299
2751,P55055,EC50,1,400.0,nM,9.0,6.4,46176
2753,P55055,EC50,1,1.0,nM,9.0,9.0,131267
2753,Q13133,EC50,1,1.0,nM,9.0,9.0,131267
2754,P55055,EC50,9,35.0,%|nM,9.0,7.515000000000001,31911|36627|36830|37543|45918|46176
2754,P55055,Efficacy,2,65.0,%,9.0,,31911|36627
2754,Q13133,EC50,5,310.0,nM,9.0,6.51,36627|36830|37543|45918|46176
2754,Q13133,Efficacy,1,100.0,%,9.0,,36627
2755,O75469,EC50,2,24.295,nM,9.0,7.67,131267|36294
2755,P51449,IC50,1,460.0,nM,9.0,6.34,131267
2755,P55055,EC50,18,64.0,%|nM,9.0,7.28,131267|31803|31911|36294|36830|37543|38215|46176|49354|49427|49520|50830|55636|66847
2755,P55055,Efficacy,1,100.0,%,5.0,,49427
2755,Q13133,EC50,10,152.5,nM,9.0,6.82,131267|31803|36830|37543|38215|46176|49427|49520|55636|66847
2755,Q13133,Efficacy,1,100.0,%,5.0,,49427
2755,Q60644,EC50,1,27.0,nM,9.0,7.57,49354
2756,P24387,EC50,1,53000.0,nM,6.0,,51887
2756,P24387,IC50,1,368.0,nM,6.0,,51887
2756,Q13324,EC50,1,53000.0,nM,6.0,,51887
2756,Q13324,IC50,1,368.0,nM,6.0,,51887
2763,O75469,EC50,1,137.0,nM,9.0,6.86,131267
2765,O75469,EC50,1,1000.0,nM,9.0,6.0,131267
2766,Q8TDU6,EC50,1,270.0,nM,9.0,6.57,39106
2766,Q8TDU6,Efficacy,1,106.0,%,9.0,,39106
2769,P33527,IC50,6,0.0615,ug.mL-1,8.0,,64714
277,O35505,IC50,2,24985.0,nM,9.0,4.74,94011
2770,O95342,IC50,2,27850.0,nM,8.0,4.555,64449
2770,P04350,EC50,1,31.0,nM,4.0,7.51,30656
2770,P05106,IC50,1,34.0,nM,7.0,7.47,21490
2770,P06756,IC50,1,34.0,nM,7.0,7.47,21490
2770,P07437,EC50,1,31.0,nM,4.0,7.51,30656
2770,P08183,IC50,3,54000.0,nM,8.0,4.27,64447
2770,P0DPH7,EC50,1,31.0,nM,4.0,7.51,30656
2770,P68363,EC50,1,31.0,nM,4.0,7.51,30656
2770,P68366,EC50,1,31.0,nM,4.0,7.51,30656
2770,P68371,EC50,1,31.0,nM,4.0,7.51,30656
2770,Q13509,EC50,1,31.0,nM,4.0,7.51,30656
2770,Q13885,EC50,1,31.0,nM,4.0,7.51,30656
2770,Q25270,IC50,1,1000.0,nM,8.0,,20355
2770,Q3ZCM7,EC50,1,31.0,nM,4.0,7.51,30656
2770,Q6B856,EC50,1,830.0,nM,7.0,6.08,15490
2770,Q6PEY2,EC50,1,31.0,nM,4.0,7.51,30656
2770,Q71U36,EC50,1,31.0,nM,4.0,7.51,30656
2770,Q862F3,EC50,1,830.0,nM,7.0,6.08,15490
2770,Q9BQE3,EC50,1,31.0,nM,4.0,7.51,30656
2770,Q9BUF5,EC50,1,31.0,nM,4.0,7.51,30656
2770,Q9BVA1,EC50,1,31.0,nM,4.0,7.51,30656
2770,Q9H4B7,EC50,1,31.0,nM,4.0,7.51,30656
2777,P11473,EC50,1,110.0,nM,9.0,6.96,131267
2779,P11473,EC50,4,2.1399999999999997,nM,9.0,8.74,131267|39177|66018
2779,P13053,EC50,1,0.2,nM,9.0,9.7,60409
2787,P19091,IC50,1,19.0,nM,9.0,7.72,30028
2788,P11473,IC50,1,6.3,nM,9.0,8.2,31859
2790,P11473,EC50,1,960.0,nM,9.0,6.02,131267
280,P14416,Emax,2,14.02,%,8.5,,65786|65845
280,P35462,Emax,2,6.27,%,8.5,,65786|65845
2801,P03372,EC50,1,0.007,nM,9.0,,15953
2801,P62508,EC50,1,630.0,nM,9.0,6.2,21688
2801,P62508,Efficacy,1,-100.0,%,9.0,,21688
2801,Q9GZV3,IC50,1,12589.25,nM,8.0,,51887
2801,Q9UNQ0,IC50,2,500.0,nM,8.0,6.3,64252
2805,P03372,EC50,1,10000.0,nM,9.0,,51594
2805,P03372,Efficacy,2,39.5,%,7.0,,51594|5583
2805,P03372,IC50,3,1000.0,nM,5.0,5.65,16665|51594|5583
2805,P04150,EC50,3,872.0,nM,9.0,7.640000000000001,36669|36913|51594
2805,P04150,Efficacy,4,69.5,%,9.0,,30090|36669|39428|5583
2805,P04150,IC50,19,4.8,nM,9.0,8.325,16665|20049|20050|21402|31403|35943|36391|36913|37266|37814|47827|51359|51594|5583|5623|6804
2805,P06401,EC50,2,5000.15,nM,8.5,9.52,51594|5583
2805,P06401,Efficacy,5,99.0,%,8.0,,13890|14574|2800|51594|5582
2805,P06401,IC50,25,0.2512,nM,9.0,9.6,13890|14574|14815|15772|16665|2800|31317|35943|36391|37429|37814|39186|44543|45413|47827|51594|52031|5239|5366|5582|60614
2805,P06492,EC50,1,0.7,nM,9.0,9.15,21402
2805,P06536,IC50,2,270.0,nM,9.0,6.57,20049|20050
2805,P06537,IC50,1,2.2,nM,9.0,8.66,15772
2805,P08235,EC50,1,10000.0,nM,9.0,,51594
2805,P08235,Efficacy,2,48.0,%,9.0,,51594|5583
2805,P08235,IC50,3,1155.0,nM,9.0,5.94,16665|51594|5583
2805,P10275,EC50,1,10.0,nM,9.0,8.0,51594
2805,P10275,Efficacy,2,42.5,%,8.5,,15772|5583
2805,P10275,IC50,6,6.65,nM,8.5,8.190000000000001,14815|15772|16665|21105|51594|5583
2805,Q92731,EC50,1,10000.0,nM,9.0,,51594
2805,Q92731,Efficacy,2,39.5,%,7.0,,51594|5583
2805,Q92731,IC50,3,1000.0,nM,5.0,5.87,16665|51594|5583
2806,O60603,IC50,1,5000.0,nM,9.0,5.3,30844
2806,Q9NQS5,EC50,2,12900.0,nM,9.0,4.890000000000001,111475|118719
2806,Q9NQS5,Emax,1,63.0,%,9.0,,111475
2807,P10276,EC50,1,6.0,nM,8.0,8.22,15336
2807,P10276,Efficacy,3,6.0,%,9.0,,14552|2258|2329
2807,P10826,EC50,1,282.0,nM,8.0,6.55,15336
2807,P10826,Efficacy,3,12.0,%,9.0,,14552|2258|2329
2807,P13631,EC50,1,648.0,nM,8.0,6.19,15336
2807,P13631,Efficacy,3,15.0,%,9.0,,14552|2258|2329
2807,P19793,EC50,7,28.0,nM,8.0,7.55,15336|2258|2329|48472|52374|55636|55866
2807,P19793,Efficacy,3,83.0,%,9.0,,14552|2258|2329
2807,P19793,Emax,1,100.0,%,8.0,,55866
2807,P28702,EC50,2,24.5,nM,8.0,7.609999999999999,15336|2329
2807,P28702,Efficacy,2,113.0,%,8.5,,14552|2329
2807,P28704,EC50,1,25.0,nM,9.0,7.6,2258
2807,P28704,Efficacy,1,109.0,%,9.0,,2258
2807,P48443,EC50,2,22.5,nM,8.0,7.65,15336|2329
2807,P48443,Efficacy,2,108.5,%,8.5,,14552|2329
2808,P19793,EC50,3,17.0,nM,8.0,7.77,17053|5951
2808,P19793,Efficacy,7,70.0,%|nM,8.0,,17053|5951|6728
2808,P19793,IC50,1,8.0,nM,8.0,8.1,6728
2808,P37231,EC50,3,38.0,nM,8.0,7.42,17053|5951
2808,P37231,Efficacy,1,166.0,,6.0,,17053
2818,P03372,EC50,1,120.0,nM,8.0,6.92,6849
2818,P14061,IC50,1,330.0,nM,9.0,6.48,30679
2818,Q92731,EC50,3,120.0,nM,9.0,6.92,30938|6849
2818,Q9UNQ0,IC50,2,6500.0,nM,8.0,5.52,64252
2819,P9WHJ3,EC50,1,4880.0,nM,8.0,5.31,51887
2820,P03372,IC50,16,0.76,nM,5.0,9.120000000000001,14109|15953|20364|21436|2491|31170|3513|3606|42694|49994|52380|5549|6337
2820,P06211,Efficacy,1,0.2,%,4.0,,1831
2820,Q62986,Efficacy,1,0.2,%,4.0,,1831
2820,Q92731,IC50,12,1.1,nM,5.0,8.975,14109|20364|21436|2491|31170|3513|3606|52380|5549|6337
2821,Q9H255,EC50,1,53000.0,nM,9.0,4.28,114716
2825,P03372,EC50,3,208.0,nM,9.0,6.68,48353|61079
2825,Q92731,EC50,3,3.3,nM,9.0,8.48,48353|61079
2826,O35505,IC50,1,20000.0,nM,9.0,4.7,91874
2826,P03372,EC50,2,880.0,nM,8.5,6.055,36884|6849
2826,P10275,IC50,1,1300000.0,nM,9.0,,48045
2826,P13569,EC50,1,4400.0,nM,8.0,5.36,43868
2826,P22002,IC50,3,11000.0,nM,9.0,4.96,91874|94011
2826,P55055,IC50,1,22000.0,nM,9.0,4.66,39292
2826,Q13133,IC50,1,31000.0,nM,9.0,4.51,39292
2826,Q92731,EC50,5,73.0,nM,9.0,7.14,16888|30938|36884|6849
2828,P22002,IC50,2,12000.0,nM,9.0,4.92,91874|94011
2828,Q9H0H5,IC50,1,91260.0,nM,9.0,,51887
2829,P10275,IC50,1,1600000.0,nM,9.0,,48045
2829,P19838,EC50,1,55941.0,nM,5.0,4.25,51887
2829,P40763,EC50,1,55700.0,nM,9.0,,51887
2829,P42224,EC50,1,2060.0,nM,9.0,,51887
2829,Q00653,EC50,1,55941.0,nM,5.0,4.25,51887
2829,Q04206,EC50,1,55941.0,nM,5.0,4.25,51887
2832,P11474,IC50,1,370.0,nM,8.0,6.43,55636
2833,P11474,IC50,1,190.0,nM,8.0,6.72,55636
2834,P62508,EC50,1,130.0,nM,9.0,6.89,21688
2834,P62508,Efficacy,1,55.0,%,9.0,,21688
2835,P62508,EC50,1,1300.0,nM,9.0,5.89,21688
2835,P62508,Efficacy,1,40.0,%,9.0,,21688
284,O09028,EC50,1,15000.0,nM,5.0,4.82,15883
284,P08172,EC50,1,10000.0,nM,9.0,,128647
284,P15431,EC50,1,15000.0,nM,5.0,4.82,15883
284,P18506,EC50,1,15000.0,nM,5.0,4.82,15883
284,P18508,EC50,1,15000.0,nM,5.0,4.82,15883
284,P19969,EC50,1,15000.0,nM,5.0,4.82,15883
284,P20236,EC50,1,15000.0,nM,5.0,4.82,15883
284,P23574,EC50,1,15000.0,nM,5.0,4.82,15883
284,P23576,EC50,1,15000.0,nM,5.0,4.82,15883
284,P28335,Emax,1,111.4,%,9.0,,126819
284,P28471,EC50,1,15000.0,nM,5.0,4.82,15883
284,P28473,EC50,1,15000.0,nM,5.0,4.82,15883
284,P30191,EC50,1,15000.0,nM,5.0,4.82,15883
284,P62813,EC50,1,15000.0,nM,5.0,4.82,15883
284,P63079,EC50,1,15000.0,nM,5.0,4.82,15883
284,P63138,EC50,1,15000.0,nM,5.0,4.82,15883
284,Q91ZM7,EC50,1,15000.0,nM,5.0,4.82,15883
284,Q9ES14,EC50,1,15000.0,nM,5.0,4.82,15883
2844,P0DMS8,EC50,6,290.0,nM,9.0,6.54,122543|31089|51669|57231|83039|98455
2844,P0DMS8,Emax,1,24.71,%,9.0,,122543
2844,P0DMS8,IC50,1,1.148,nM,9.0,8.94,98482
2844,P29274,EC50,7,700.0,nM,9.0,6.16,10973|10974|122543|51669|57231|83039|98455
2844,P29274,Emax,1,21.53,%,9.0,,122543
2844,P29275,EC50,7,23500.0,nM,9.0,4.63,10973|10974|122543|51669|57231|83039|98455
2844,P29275,Emax,1,59.07,%,9.0,,122543
2844,P30542,EC50,7,310.0,nM,9.0,6.51,122543|51669|57231|65814|83039|98455
2844,P30542,Emax,1,51.09,%,9.0,,122543
2844,P30542,IC50,1,2.344,nM,9.0,8.63,98482
2844,P47745,EC50,2,3388.44,nM,9.0,5.47,10973|10974
2844,Q99808,EC50,1,63000.0,nM,9.0,4.2,124727
2844,Q9GZV3,IC50,2,385.09,nM,8.0,,51887
2858,P10275,EC50,1,3.162,nM,9.0,8.5,49042
2858,P10275,Efficacy,1,104.0,%,9.0,,49042
2858,P15207,IC50,1,3.2,nM,8.0,8.49,8804
2858,P19091,EC50,1,1.995,nM,9.0,8.7,49042
2858,P19091,Efficacy,1,102.0,%,9.0,,49042
2858,Q13936,IC50,2,36.2,nM,9.0,7.445,91874
2858,Q8TDU6,EC50,1,18300.0,nM,9.0,4.74,39106
2858,Q8TDU6,Efficacy,1,70.0,%,9.0,,39106
2860,P15207,IC50,1,64.0,nM,8.0,7.19,8804
2861,P10275,EC50,1,0.3,nM,9.0,9.52,35644
2861,P10275,Efficacy,2,72.0,%,9.0,,35644
2861,P10275,IC50,1,10000.0,nM,9.0,,35644
2862,P06401,IC50,1,2013.0,nM,8.0,5.7,14815
2862,P10275,Efficacy,1,97.0,%,8.0,,4081
2862,P10275,IC50,8,31.0,nM,9.0,7.51,14815|20693|35490|37004|38475|4081|43799|45160
2862,P19091,IC50,1,52.0,nM,9.0,7.28,13294
2863,P06401,IC50,1,1819.0,nM,8.0,5.74,14815
2863,P10275,EC50,7,10000.0,nM,9.0,6.775,3577|38697|60605|61360
2863,P10275,Efficacy,8,81.5,%,9.0,,3036|3577|35972|38697|39522|4081
2863,P10275,IC50,28,315.0,nM,9.0,6.5,14815|20359|20674|20693|3036|30442|35490|3577|35972|37004|38475|38697|39522|4081|51143|51964|52929|54081|60605|61360
2865,P06401,IC50,1,1000.0,nM,8.0,,14815
2865,P10275,IC50,1,23.0,nM,8.0,7.64,14815
2866,P04150,EC50,22,5.3,nM,9.0,8.28,16251|17412|17517|20974|31403|36808|37266|39511|44987|50980|54642|55786|55829|57159|59431
2866,P04150,Efficacy,22,96.0,%,9.0,,16077|17412|36808|39511|54642|55786|55829|59431|6750
2866,P04150,IC50,14,7.5,nM,9.0,8.125,16077|31403|36808|37266|39511|55786|59431|6750
2866,P06536,EC50,1,19.6,nM,9.0,7.71,17412
2866,P06536,Efficacy,1,97.0,%,9.0,,17412
2866,P08235,EC50,2,1.001,nM,9.0,8.7,58271|59369
2866,P08235,Efficacy,1,88.0,%,9.0,,58271
2866,P08235,Emax,1,88.0,%,9.0,,59369
2868,P06795,IC50,2,50000.0,nM,8.0,,17494
2868,P08183,IC50,3,50000.0,nM,8.0,,17494
2868,P21447,IC50,2,50000.0,nM,8.0,,17494
2869,O15244,IC50,1,34200.0,nM,8.0,4.47,64752
2869,O15245,IC50,1,21700.0,nM,8.0,4.66,64752
2869,O75751,IC50,2,945.0,nM,8.5,6.17,124757|64752
2869,O88446,IC50,1,4900.0,nM,8.0,5.31,64218
2869,Q63089,IC50,2,157350.0,nM,8.0,,64817|64843
2869,Q9R0W2,IC50,3,4200.0,nM,8.0,5.38,64218|64817|64843
2871,O88446,IC50,1,8400.0,nM,8.0,5.08,64218
2871,Q9R0W2,IC50,1,1900.0,nM,8.0,5.72,64218
2875,P03372,IC50,1,5702.0,nM,8.0,5.24,52242
2875,P04150,IC50,1,6920.0,nM,8.0,5.16,52242
2875,P06401,IC50,1,10000.0,nM,8.0,,52242
2875,P08183,IC50,1,23600.0,nM,8.0,4.63,64461
2875,P08235,IC50,2,36.5,nM,8.5,7.555,52242|60458
2875,P10275,IC50,1,523.0,nM,8.0,6.28,52242
2876,P03372,IC50,1,10000.0,nM,8.0,,52242
2876,P04150,IC50,1,8940.0,nM,8.0,,52242
2876,P06401,IC50,1,10000.0,nM,8.0,,52242
2876,P08235,IC50,4,128.5,nM,8.0,6.890000000000001,51227|52241|52242|60458
2876,P10275,IC50,1,10000.0,nM,8.0,,52242
2880,P06401,EC50,1,2.2,nM,9.0,8.66,14787
2880,P06401,Efficacy,1,125.0,%,9.0,,14787
2882,P03372,Efficacy,1,27.0,%,5.0,,4082
2882,P03372,IC50,1,1000.0,nM,5.0,,4082
2882,P04150,Efficacy,2,100.0,%,9.0,,4082|5583
2882,P04150,IC50,2,27.0,nM,9.0,7.57,4082|5583
2882,P06401,EC50,3,2.2,nM,8.0,8.73,2909|5583
2882,P06401,Efficacy,6,89.0,%,8.0,,13890|14574|2909|4082
2882,P06401,IC50,4,2.7,nM,8.0,8.575,13890|14574|4082
2882,P08235,Efficacy,2,41.5,%,9.0,,4082|5583
2882,P08235,IC50,2,735.0,nM,9.0,6.33,4082|5583
2882,P10275,Efficacy,2,93.0,%,9.0,,4082|5583
2882,P10275,IC50,2,269.0,nM,9.0,6.57,4082|5583
2882,Q92731,Efficacy,1,27.0,%,5.0,,4082
2882,Q92731,IC50,1,1000.0,nM,5.0,,4082
2883,P03372,IC50,1,2000.0,nM,8.0,5.7,66916
2883,P04150,IC50,1,120.0,nM,8.0,6.92,66916
2883,P06401,EC50,1,100.0,nM,9.0,,39067
2883,P06401,Efficacy,1,97.0,%,9.0,,39067
2883,P06401,IC50,3,0.3,nM,9.0,9.52,39067|66916
2883,P08235,IC50,1,1600.0,nM,8.0,5.8,66916
2883,P10275,IC50,1,9.0,nM,8.0,8.05,66916
2886,O43613,IC50,2,13.0,nM,9.0,7.89,74081|98454
2886,O43614,IC50,2,8.0,nM,9.0,8.1,74081|98454
289,P08172,Emax,1,1.0,%,9.0,,52761
289,P08173,Emax,1,2.0,%,9.0,,52761
289,P08912,Emax,1,4.0,%,9.0,,52761
289,P11229,EC50,2,325.0,nM,9.0,6.5600000000000005,52761
289,P11229,Emax,2,59.0,%,9.0,,52761
289,P20309,Emax,1,6.0,%,9.0,,52761
2890,O43613,IC50,2,124.5,nM,9.0,7.0,103894|51285
2890,O43614,IC50,3,56.0,nM,9.0,7.25,103894|51285|93573
2892,O35505,IC50,1,10600.0,nM,9.0,4.97,94011
2892,P00915,IC50,1,50000.0,nM,8.0,4.3,6532
2892,P00918,IC50,1,21.0,nM,8.0,7.68,6532
2892,P09917,IC50,1,10000.0,nM,8.0,,35269
2892,P23219,IC50,5,13500.0,nM,8.0,4.87,16889|31779|35269|5314
2892,P35354,IC50,5,120.0,nM,8.0,6.92,16889|31779|35269|5314
2892,Q05769,IC50,2,3.2,nM,9.0,8.49,120101
2892,Q95323,IC50,1,290.0,nM,8.0,6.54,6532
2893,P23219,IC50,3,18300.0,nM,8.0,4.640000000000001,16889|5314
2893,P35354,IC50,4,555.0,nM,8.0,6.3149999999999995,16889|5314
2894,P00915,IC50,1,54000.0,nM,8.0,4.27,6532
2894,P00918,IC50,1,43.0,nM,8.0,7.37,6532
2894,Q95323,IC50,1,340.0,nM,8.0,6.47,6532
2899,P61073,IC50,4,41.31,nM,9.0,7.395,112599|118282|119393|44811
290,P08172,IC50,1,12930.0,nM,8.0,4.89,319
290,P08482,EC50,1,3900.0,nM,9.0,,12625
290,P11229,EC50,1,3500.0,nM,8.0,5.46,319
290,P11229,IC50,1,4000.0,nM,8.0,5.4,319
290,Q8VH26,EC50,1,6500.0,nM,9.0,5.19,12625
2900,P61073,IC50,1,11.0,nM,9.0,7.96,44811
2903,P20393,EC50,3,2300.0,nM,8.0,5.64,61990|62710
2904,P20393,IC50,1,470.0,nM,9.0,6.33,131267
2905,Q92633,IC50,1,17.0,nM,9.0,7.77,93566
2905,Q9HBW0,IC50,1,1700.0,nM,9.0,5.77,93566
2905,Q9UBY5,IC50,1,1600.0,nM,9.0,5.8,93566
2907,P61794,IC50,1,160.0,nM,9.0,6.8,37582
2907,Q92633,Emax,1,97.0,%,9.0,,123419
2907,Q92633,IC50,5,510.0,nM,9.0,6.29,123419|21365|37582|49958|66561
2907,Q9H1C0,IC50,1,30000.0,nM,9.0,,62646
2907,Q9HBW0,Emax,1,92.0,%,9.0,,123419
2907,Q9HBW0,IC50,1,1200.0,nM,9.0,5.92,123419
2907,Q9UBY5,Emax,1,99.0,%,9.0,,123419
2907,Q9UBY5,IC50,2,950.5,nM,9.0,6.16,123419|21365
2909,Q92633,IC50,1,2490.0,nM,8.0,5.6,6361
2909,Q9UBY5,IC50,1,10000.0,nM,8.0,,6361
291,P08172,EC50,1,62.0,nM,8.0,7.21,2839
291,P11229,EC50,1,15.7,nM,8.0,7.8,2839
2913,Q92633,EC50,1,571.0,nM,9.0,6.24,93566
2913,Q9UBY5,EC50,1,80.0,nM,9.0,7.1,93566
2915,Q9UBY5,EC50,1,20000.0,nM,9.0,,21707
2916,Q92633,IC50,1,5500.0,nM,9.0,5.26,21365
2916,Q9UBY5,IC50,1,454.0,nM,9.0,6.34,21365
2917,O95136,IC50,2,18.5,nM,9.0,7.734999999999999,110004|121987
2917,P21730,IC50,1,10000.0,nM,9.0,,128647
2917,P35414,IC50,1,10000.0,nM,9.0,,128647
2917,P43220,EC50,1,490.58,nM,9.0,6.31,128647
2917,P47752,IC50,1,20.0,nM,9.0,7.7,110004
2917,Q16581,IC50,1,10000.0,nM,9.0,,128647
2917,Q5NUL3,EC50,1,585.29,nM,9.0,6.23,128647
2917,Q8TDV5,EC50,1,107.73,nM,9.0,6.97,128647
2917,Q9P296,IC50,1,10000.0,nM,9.0,,128647
2918,Q9HC97,EC50,5,152000.0,nM,9.0,4.41,120991|62189|74831
2918,Q9HC97,Efficacy,2,131.0,%,9.0,,62189
2919,O54735,EC50,1,9000.0,nM,9.0,5.05,13875
2919,Q9ES90,EC50,1,1000.0,nM,9.0,6.0,126701
2919,Q9HC97,EC50,12,1170.0,nM,9.0,6.085,107195|120991|126701|60126|62079|62189|64901
2919,Q9HC97,Efficacy,1,269.0,picometer,9.0,,62079
2919,Q9HC97,IC50,3,1220.0,nM,9.0,5.91,120991|60126
2920,Q9HC97,EC50,4,265.0,nM,9.0,6.91,120991|126701|128647
2924,O95136,EC50,1,10000.0,nM,9.0,,21408
2924,O95977,EC50,4,2.0,nM,9.0,8.71,119548|21408|35538|99272
2924,P21453,EC50,11,0.7,nM,9.0,9.035,119548|124461|21408|35314|35538|50800|77279|90623|99272
2924,P21453,Emax,2,50.5,%,9.0,,35538|99272
2924,Q99500,EC50,8,7.8,nM,9.0,8.18,119548|124461|21408|35538|50800|77279|90623|99272
2924,Q9H228,EC50,6,3.7,nM,9.0,8.435,119548|21408|35538|97457|99272
2926,P21453,EC50,2,334.5,nM,9.0,6.485,128647|60783
2926,P21453,Efficacy,1,86.0,%,9.0,,60783
2926,P21453,IC50,1,10000.0,nM,9.0,,128647
2926,Q99500,EC50,1,25000.0,nM,9.0,,60783
2927,P21453,EC50,1,3.162,nM,9.0,8.5,128279
2928,O95136,EC50,1,1000.0,nM,9.0,,102249
2928,O95977,EC50,1,3250.0,nM,9.0,5.49,102249
2928,P21453,EC50,2,2.0694999999999997,nM,9.0,8.719999999999999,102249|128279
2928,Q99500,EC50,1,4300.0,nM,9.0,5.37,102249
2928,Q9H228,EC50,1,135.94,nM,9.0,6.87,102249
2930,O95977,EC50,1,6100.0,nM,9.0,5.21,35538
2930,P21453,Emax,1,0.0,%,9.0,,35538
2930,Q9H228,EC50,1,33.0,nM,9.0,7.48,35538
2937,O95977,EC50,1,1.259,nM,9.0,8.9,30504
2937,O95977,Emax,1,153.0,%,9.0,,30504
2937,P21453,EC50,2,2.38765,nM,9.0,8.75,128279|30504
2937,P21453,Emax,1,91.0,%,9.0,,30504
2937,Q99500,EC50,1,6.31,nM,9.0,8.2,30504
2937,Q99500,Emax,1,43.0,%,9.0,,30504
2937,Q9H228,EC50,1,1.995,nM,9.0,8.7,30504
2937,Q9H228,Emax,1,75.0,%,9.0,,30504
294,P04757,EC50,5,8700.0,nM,7.0,5.08,36679|45323|6774
294,P08172,EC50,8,138.0,nM,9.0,6.955,104963|52761|62717|93465
294,P08172,Efficacy,2,100.65,%,9.0,,91157|93465
294,P08172,Emax,2,96.0,%,9.0,,104963|62717
294,P08173,EC50,5,43.0,nM,9.0,7.37,110373|52761|62717|93465
294,P08173,Efficacy,2,101.85,%,9.0,,91157|93465
294,P08173,Emax,2,99.55,%,9.0,,110373|62717
294,P08912,EC50,4,10.15,nM,9.0,8.32,16260|52761|62717|93465
294,P08912,Efficacy,2,103.65,%,9.0,,91157|93465
294,P08912,Emax,1,100.0,%,9.0,,62717
294,P09483,EC50,2,53000.0,nM,7.0,4.39,6774
294,P11229,EC50,8,10185.77,nM,9.0,5.5649999999999995,16260|52761|62717|91157|91472|93465
294,P11229,Efficacy,2,101.0,%,9.0,,91157|93465
294,P11229,Emax,3,100.0,%,9.0,,62717|91472
294,P12390,EC50,1,87000.0,nM,7.0,4.06,6774
294,P12392,EC50,6,8800.0,nM,7.0,5.06,36679|45323|6774
294,P17787,EC50,4,70397.29000000001,nM,6.5,4.155,45323|66625
294,P20309,EC50,3,3.2,nM,9.0,8.49,52761|62717|93465
294,P20309,Efficacy,2,108.5,%,9.0,,91157|93465
294,P20309,Emax,1,100.0,%,9.0,,62717
294,P30926,EC50,4,81976.31,nM,6.5,4.71,45007|45323
294,P32297,EC50,4,81976.31,nM,6.5,4.71,45007|45323
294,P36544,EC50,9,69000.0,nM,9.0,4.78,36679|45323|4612|55855
294,P43681,EC50,4,70397.29000000001,nM,6.5,4.155,45323|66625
294,P49582,Efficacy,1,100.0,%,8.0,,4612
294,Q05941,EC50,1,3120.0,nM,9.0,5.51,64923
294,Q05941,Emax,1,110.0,%,9.0,,64923
2941,P28223,EC50,8,246.735,nM,9.0,6.61,117728|20859|38139|46215|91487|98467
2941,P28223,Emax,4,67.5,%,9.0,,117728|46215|91487|98467
2941,P28335,EC50,17,3.467,nM,9.0,8.46,104494|111965|116213|117728|20859|38139|46215|57389|91487|98467
2941,P28335,Emax,10,99.5,%,9.0,,104494|111965|116213|117728|46215|57389|91487|98467
2941,P41595,EC50,10,495.43,nM,9.0,6.305,117728|20859|38139|46215|57389|91487|98467
2941,P41595,Emax,7,92.0,%,9.0,,117728|46215|57389|91487|98467
2941,Q60F97,EC50,1,16.2,nM,9.0,7.79,57389
2948,Q15722,IC50,1,3.3,nM,4.0,8.48,13151
2948,Q9NPC1,IC50,1,3.3,nM,4.0,8.48,13151
2949,P08183,IC50,2,289000.0,nM,8.0,,64462
2953,Q14534,IC50,1,10000.0,nM,8.0,,13010
2953,Q4U2R8,IC50,1,408000.0,nM,8.0,,64084
2953,Q5RLM2,IC50,1,449000.0,nM,8.0,,64084
2953,Q8TCC7,IC50,1,13700.0,nM,8.0,4.86,64084
2953,Q9NSA0,IC50,1,591000.0,nM,8.0,,64084
2953,Q9R1U7,IC50,1,15600.0,nM,8.0,4.81,64084
2953,Q9Y694,IC50,1,352000.0,nM,8.0,,64084
2955,P06492,IC50,1,4426.0,nM,8.0,,51887
2955,P08183,IC50,5,26100.0,nM,8.0,4.58,64358|64447|64462
2955,Q92887,IC50,1,25000.0,nM,8.0,4.6,64358
2955,Q9Y5X4,IC50,1,1164.0,nM,9.0,,51887
2955,Q9Y6L6,IC50,1,9700.0,nM,8.0,5.01,64358
2957,P08183,IC50,1,14000.0,nM,8.0,4.85,64358
2957,Q92887,IC50,1,15000.0,nM,8.0,4.82,64358
2957,Q9Y6L6,IC50,1,2600.0,nM,8.0,5.58,64358
296,O35505,IC50,1,33730.0,nM,9.0,4.47,94011
296,P08172,EC50,3,140.0,nM,4.0,6.85,10891|12625|2839
296,P08173,EC50,1,73.0,nM,4.0,7.14,10891
296,P08482,EC50,1,220.0,nM,9.0,,12625
296,P08912,EC50,1,73.0,nM,4.0,7.14,10891
296,P11229,EC50,2,2838.0,nM,6.0,6.195,10891|2839
296,P11229,IC50,1,545.0,nM,8.0,6.26,11514
296,P20309,EC50,2,106.5,nM,4.0,6.994999999999999,10891|12625
296,Q9ERZ3,EC50,1,12000.0,nM,9.0,4.92,14354
297,Q8VH26,EC50,1,426.58,nM,9.0,6.37,37078
2970,P04035,IC50,1,1.8,nM,8.0,8.74,10798
3,P28222,EC50,2,5500.0,nM,8.5,,14214|2598
301,P08172,Efficacy,1,30.7,%,9.0,,91157
301,P08173,Efficacy,1,41.7,%,9.0,,91157
301,P08912,Efficacy,1,55.3,%,9.0,,91157
301,P11229,EC50,1,21.0,nM,9.0,7.68,91157
301,P11229,Efficacy,1,83.0,%,9.0,,91157
301,P20309,Efficacy,1,58.6,%,9.0,,91157
3014,P04035,IC50,1,250.0,nM,8.0,6.6,10798
3015,P04035,IC50,1,0.5,nM,8.0,9.3,10798
3016,P04035,IC50,1,30.0,nM,8.0,7.52,10798
3017,P04035,IC50,1,3500.0,nM,8.0,5.46,10798
3018,P51639,IC50,1,1.2,nM,8.0,8.92,11166
302,P08172,Efficacy,1,112.8,%,9.0,,91157
302,P08173,EC50,2,11.5,nM,9.0,7.95,110373
302,P08173,Efficacy,1,92.1,%,9.0,,91157
302,P08173,Emax,2,92.55000000000001,%,9.0,,110373
302,P08912,Efficacy,1,82.8,%,9.0,,91157
302,P10980,IC50,1,84.0,nM,8.0,7.08,2507
302,P11229,EC50,1,1.6,nM,9.0,8.8,91157
302,P11229,Efficacy,1,108.1,%,9.0,,91157
302,P20309,Efficacy,1,88.8,%,9.0,,91157
302,Q7T1G6,EC50,1,29900.0,nM,9.0,,51887
302,Q8TDD5,EC50,1,29900.0,nM,9.0,,51887
302,Q8VH26,EC50,1,50.0,nM,9.0,7.3,11403
302,Q8VH26,Efficacy,1,1.0,,9.0,,11403
302,Q8VH26,Emax,1,1.0,,9.0,,11403
3029,P04035,IC50,1,1400.0,nM,8.0,5.85,11419
3037,Q01815,IC50,1,3900.0,nM,9.0,5.41,94011
3037,Q9Y6L6,IC50,1,3600.0,nM,8.0,5.44,64358
304,P11229,IC50,1,0.002,nM,8.0,,11514
305,P08172,EC50,1,63000.0,nM,8.0,4.2,2839
305,P08172,Efficacy,1,73.3,%,9.0,,91157
305,P08173,Efficacy,1,61.5,%,9.0,,91157
305,P08912,Efficacy,1,62.2,%,9.0,,91157
305,P11229,EC50,3,831.76,nM,9.0,6.08,2839|91157|91472
305,P11229,Efficacy,1,102.0,%,9.0,,91157
305,P11229,Emax,1,69.0,%,9.0,,91472
305,P20309,Efficacy,1,76.5,%,9.0,,91157
306,P08172,EC50,1,62.1,nM,9.0,7.21,93465
306,P08172,Efficacy,1,87.7,%,9.0,,93465
306,P08173,EC50,2,109.85,nM,9.0,7.455,72256|93465
306,P08173,Efficacy,1,21.3,%,9.0,,93465
306,P08912,EC50,1,123.0,nM,9.0,6.91,93465
306,P08912,Efficacy,1,38.9,%,9.0,,93465
306,P11229,EC50,1,63.6,nM,9.0,7.2,93465
306,P11229,Efficacy,1,39.6,%,9.0,,93465
306,P20309,EC50,1,117.0,nM,9.0,6.93,93465
306,P20309,Efficacy,1,28.3,%,9.0,,93465
3103,Q14534,IC50,1,20.0,nM,8.0,7.7,13010
3108,Q14534,IC50,1,20.0,nM,8.0,7.7,13010
320,P08172,IC50,3,8.128,nM,9.0,8.09,113084|115687|128647
320,Q5T601,IC50,1,10000.0,nM,9.0,,128647
3217,P50406,EC50,2,0.06457,nM,8.5,10.19,45674|48727
3217,P50406,Emax,2,98.0,%,8.5,,45674|48727
3230,Q13639,EC50,1,2.512,nM,8.0,8.6,982
3232,P50406,Emax,3,4.0,%,9.0,,120424|130733
3232,P50406,IC50,1,19.0,nM,9.0,7.72,74391
3240,P50406,EC50,3,6.5,nM,9.0,8.19,37168|48727|49282
3240,P50406,Emax,2,95.5,%,9.0,,37168|48727
3241,P50406,IC50,1,97.0,nM,9.0,7.01,121348
3257,P08482,EC50,1,30000.0,nM,9.0,,46746
3257,P08485,EC50,1,30000.0,nM,9.0,,49503
3257,P08912,EC50,2,1130.0,nM,9.0,5.95,46746|49503
3257,P10980,EC50,1,30000.0,nM,9.0,,49503
3257,P20309,EC50,1,30000.0,nM,9.0,,46746
3258,P08172,EC50,3,50000.0,nM,8.0,,44638|45835|71751
3258,P08172,IC50,2,3483.685,nM,9.0,5.46,71751
3258,P08173,EC50,3,50000.0,nM,8.0,,44638|45835|71751
3258,P08173,Emax,1,38.0,%,9.0,,52761
3258,P08173,IC50,2,737.655,nM,9.0,6.13,71751
3258,P08482,EC50,2,79.515,nM,9.0,7.1,71751
3258,P08483,EC50,1,30000.0,nM,9.0,,71751
3258,P08483,IC50,2,5487.705,nM,9.0,5.26,71751
3258,P08485,EC50,2,30000.0,nM,9.0,,71751
3258,P08485,IC50,2,491.39,nM,9.0,6.31,71751
3258,P08911,IC50,1,3970.0,nM,9.0,5.4,71751
3258,P08912,EC50,3,50000.0,nM,8.0,,44638|45835|71751
3258,P08912,Emax,1,5.0,%,9.0,,52761
3258,P08912,IC50,2,4898.895,nM,9.0,5.31,71751
3258,P10980,EC50,1,30000.0,nM,9.0,,71751
3258,P10980,IC50,2,1289.125,nM,9.0,5.89,71751
3258,P11229,EC50,5,257.04,nM,9.0,6.59,44638|45835|52761|71751
3258,P11229,Emax,1,86.0,%,9.0,,52761
3258,P11229,IC50,1,3981.07,nM,9.0,5.4,71751
3258,P14416,IC50,1,5100.0,nM,8.0,5.29,45835
3258,P20309,EC50,3,50000.0,nM,8.0,,44638|45835|71751
3258,P20309,Emax,1,1.0,%,9.0,,52761
3258,P20309,IC50,2,2322.115,nM,9.0,5.635,71751
3262,P08485,EC50,1,225.0,nM,9.0,6.65,107615
3263,P08172,EC50,1,4500.0,nM,9.0,,128850
3263,P08172,Emax,1,129.0,%,9.0,,128850
3263,P08173,EC50,4,609.0,nM,9.0,6.215,112296|121479|128850|71726
3263,P08173,Emax,2,79.5,%,9.0,,112296|128850
3263,P08485,EC50,2,39112.5,nM,9.0,5.380000000000001,107615|128850
3263,P08485,Emax,1,88.0,%,9.0,,128850
3274,P08482,IC50,1,240.0,nM,9.0,6.62,60841
3274,P11229,IC50,2,690.0,nM,9.0,6.16,60841|62610
3288,P30542,EC50,1,5.9,nM,9.0,8.23,65814
3288,P30542,Efficacy,1,106.0,%,9.0,,69750
3289,P29275,EC50,1,31.0,nM,9.0,7.51,108398
3289,P29275,Efficacy,1,100.0,%,9.0,,108398
3289,Q5NUL3,EC50,1,1178.07,nM,9.0,5.93,128647
33,P03070,IC50,1,20250.0,nM,9.0,,51887
33,P14416,EC50,8,4.0,nM,9.0,8.4,108294|111539|34751|37919|38679|74108
33,P14416,Efficacy,2,88.5,%,8.5,,34751
33,P14416,Emax,2,30.5,%,9.0,,108294|111539
33,P14416,IC50,1,4.2,nM,9.0,8.38,91325
33,P18901,IC50,4,55.9,nM,5.0,7.85,7621|9282|93
33,P19020,IC50,3,1.8,nM,5.0,8.74,7621|9282
33,P21728,EC50,4,14.840499999999999,nM,9.0,7.995,111539|38679|74108
33,P21728,Emax,1,94.92,%,9.0,,111539
33,P21917,EC50,1,4.3,nM,9.0,8.37,34751
33,P21917,Efficacy,1,84.0,%,9.0,,34751
33,P25115,IC50,3,1.8,nM,5.0,8.74,7621|9282
33,P30729,EC50,1,5.5,nM,9.0,8.26,34751
33,P30729,Efficacy,1,87.0,%,9.0,,34751
33,P30729,IC50,3,1.8,nM,5.0,8.74,7621|9282
33,P35462,EC50,1,7.0,nM,9.0,8.15,37919
33,P61169,EC50,3,30.0,nM,9.0,7.52,34751|47870|58188
33,P61169,Efficacy,2,80.5,%,9.0,,34751|47870
33,P61169,IC50,5,1.8,nM,5.0,8.74,7621|9282|93
330,P11229,IC50,1,1.85,nM,9.0,8.73,129669
3301,P21917,EC50,2,8.35,nM,9.0,8.21,112864|34751
3301,P21917,Efficacy,1,75.0,%,9.0,,34751
3301,P21917,Emax,1,61.9,%,9.0,,112864
3301,P21917,IC50,1,68.4,nM,9.0,7.17,112864
3303,P21917,EC50,1,27.0,nM,8.0,7.57,5333
3303,P21917,IC50,3,162.18,nM,9.0,6.79,122788
3306,Q8TDU6,EC50,2,2250.0,nM,8.5,5.65,129801|49086
3306,Q8TDU6,Efficacy,1,72.0,%,8.0,,49086
3306,Q96RI1,EC50,1,0.0,nM,9.0,,49086
3308,P41180,EC50,1,4.0,nM,9.0,8.4,127238
3313,Q6DWJ6,EC50,1,220000.0,nM,9.0,,127962
3316,P21554,EC50,1,1038.0,nM,9.0,5.98,92448
3316,P34972,EC50,3,10000.0,nM,9.0,7.79,39110|49092|92448
3316,Q9QZN9,EC50,2,265.5,nM,9.0,6.585,82353
3317,P21554,Emax,1,-8.0,%,9.0,,90394
3317,Q9Y2T6,EC50,1,630.0,nM,9.0,6.2,82042
3319,Q8TDV5,EC50,3,5130.0,nM,9.0,5.505,83172|99321|99851
3319,Q8TDV5,Efficacy,1,85.0,%,9.0,,83172
3320,Q99527,IC50,2,187.5,nM,9.0,6.725,52064
3322,P10520,EC50,2,26025.0,nM,8.0,5.69,51887
3322,P32249,IC50,1,10000.0,nM,9.0,,128647
3322,Q9NS75,IC50,3,1000.0,nM,9.0,6.2700000000000005,123645|3066|99336
3322,Q9Y271,IC50,3,5.0,nM,9.0,8.3,123645|3066|99336
3323,Q14833,EC50,2,745.0,nM,9.0,6.125,48837|58944
3323,Q14833,Emax,1,127.0,%,9.0,,48837
3324,O95977,EC50,1,500.0,nM,9.0,6.3,35538
3324,P21453,EC50,1,58.0,nM,9.0,7.24,35538
3324,P21453,Emax,1,1.1,%,9.0,,35538
3324,Q99500,EC50,1,450.0,nM,9.0,6.35,35538
3324,Q9H228,EC50,1,52.0,nM,9.0,7.28,35538
3329,Q9Y271,IC50,1,23.0,nM,8.0,7.64,13449
3335,Q13255,EC50,1,300000.0,nM,9.0,,13409
3335,Q13255,IC50,1,300000.0,nM,8.0,,13409
3335,Q14416,IC50,1,8000.0,nM,8.0,5.1,13409
3335,Q14833,EC50,1,156000.0,nM,8.0,,13409
3336,P31424,IC50,3,13.6,nM,9.0,7.87,46751|57821|64900
3336,P41594,IC50,9,47.3,nM,9.0,7.33,113562|17204|20024|30615|31368|31718|6035|72774|92938
3336,Q13224,IC50,1,300000.0,nM,8.0,,17204
3336,Q13255,IC50,1,100000.0,nM,8.0,,17204
3336,Q64133,IC50,1,30000.0,nM,8.0,4.52,17204
334,P08172,IC50,1,10000.0,nM,9.0,,61782
334,P08173,IC50,1,10000.0,nM,9.0,,61782
334,P08912,EC50,1,1000.0,nM,9.0,6.0,61782
334,P11229,EC50,1,41.0,nM,9.0,7.39,61782
334,P20309,EC50,1,5900.0,nM,9.0,5.23,61782
3340,Q9Y271,EC50,1,72.0,nM,9.0,7.14,52190
3340,Q9Y271,Emax,1,70.1,%,9.0,,52190
3341,P35400,IC50,2,26.0,nM,9.0,7.58,112159|49509
3342,P06795,IC50,2,33000.0,nM,8.0,4.48,17494
3342,P08183,IC50,3,50000.0,nM,8.0,,17494
3342,P21447,IC50,2,50000.0,nM,8.0,,17494
3346,Q13255,IC50,1,96.0,nM,8.0,7.02,38188
3347,P41594,IC50,1,9100.0,nM,9.0,,98888
3347,Q13255,IC50,1,28.0,nM,9.0,7.55,98888
3350,O00222,IC50,2,300000.0,nM,8.0,,2695|3038
3350,P41594,IC50,2,300000.0,nM,8.0,,2695|3038
3350,Q13255,IC50,2,300000.0,nM,8.0,,2695|3038
3350,Q14416,IC50,2,50000.0,nM,8.0,4.3,2695|3038
3350,Q14831,IC50,1,300000.0,nM,8.0,,3038
3350,Q14832,IC50,2,30000.0,nM,8.0,4.52,2695|3038
3350,Q14833,IC50,2,300000.0,nM,8.0,,2695|3038
3354,Q9NS75,EC50,1,8.9,nM,9.0,8.05,123645
3354,Q9Y271,EC50,1,43.0,nM,9.0,7.37,123645
3356,P21731,IC50,1,770.0,nM,9.0,6.11,35039
3356,Q13258,IC50,2,2.045,nM,9.0,9.225000000000001,35039
3359,O15303,EC50,1,82000.0,nM,8.0,4.09,13507
3359,Q13255,EC50,1,1000000.0,nM,8.0,,13507
3359,Q14416,EC50,1,1000000.0,nM,8.0,,13507
3359,Q14833,EC50,1,3000000.0,nM,8.0,,13507
3362,Q8TDS5,IC50,1,2000.0,nM,9.0,5.7,76798
3364,O60840,IC50,1,30500.0,nM,4.0,4.52,91875
3364,P14867,Efficacy,4,129.5,%,7.0,,17607|30553|30671|3740
3364,P18507,Efficacy,10,104.5,%,7.0,,17607|30553|30671|3740
3364,P23574,IC50,1,5.0,nM,9.0,8.3,7163
3364,P28472,Efficacy,9,103.0,%,7.0,,17607|30553|30671
3364,P31644,Efficacy,2,89.5,%,7.0,,17607|30553
3364,P34903,Efficacy,3,118.0,%,7.0,,17607|30553|30671
3364,P47869,Efficacy,1,89.0,%,7.0,,17607
3364,P47870,Efficacy,1,157.0,%,7.0,,3740
3364,Q01668,IC50,1,30500.0,nM,4.0,4.52,91875
3364,Q13698,IC50,1,30500.0,nM,4.0,4.52,91875
3364,Q13936,IC50,1,30500.0,nM,4.0,4.52,91875
3367,O14842,EC50,3,87.1,nM,9.0,7.06,49544|57484|58992
3367,O14842,Efficacy,1,103.0,%,9.0,,57484
3368,O88855,IC50,1,30.3,nM,8.0,7.52,12527
3368,Q15722,IC50,7,5.53,nM,5.0,8.26,12527|2247|2662
3368,Q9NPC1,IC50,6,5.265000000000001,nM,4.5,8.280000000000001,2247|2662
3370,P18507,Efficacy,2,116.5,%,7.0,,6370
3370,P28472,Efficacy,2,116.5,%,7.0,,6370
3370,P31644,Efficacy,2,116.5,%,7.0,,6370
3381,Q9NS75,IC50,1,300.0,nM,9.0,6.52,89724
3381,Q9Y271,IC50,1,440.0,nM,9.0,6.36,89724
3398,P41231,EC50,4,35.0,nM,9.0,7.46,31866|35171|42212|57808
3398,P51582,EC50,4,350.0,nM,9.0,6.46,31866|35171|42212|57808
3398,Q15077,EC50,4,1500.0,nM,9.0,5.82,31866|35171|42212|57808
34,P08908,EC50,2,154.5,nM,9.0,7.08,107943|99312
34,P14416,EC50,19,38.9,nM,9.0,7.5649999999999995,104360|104398|104588|112218|121263|128235|65855|83838|93373
34,P14416,Emax,15,51.0,%,9.0,,104360|104398|104588|112218|121263|128235|65855|83838|93373
34,P14416,IC50,3,17.2,nM,9.0,7.76,107943|72070|99312
34,P20309,IC50,1,100000.0,nM,9.0,,109228
34,P28223,IC50,2,1945.0,nM,9.0,5.755,107943|99312
34,P28335,IC50,2,1380.0,nM,9.0,5.86,107943|109228
34,P35348,IC50,2,170.0,nM,9.0,6.77,107943|109228
34,P35363,EC50,1,8393.0,nM,9.0,,51887
34,P35367,IC50,2,420.0,nM,9.0,6.38,107943|109228
34,P35372,EC50,1,92469.0,nM,9.0,,51887
34,P35462,EC50,4,19.75,nM,9.0,7.705,104360|83838
34,P35462,Emax,2,52.0,%,9.0,,104360|83838
3415,Q15722,IC50,3,13.0,nM,8.0,7.89,11543|11551|13449
342,Q9NYW0,EC50,1,60000.0,nM,9.0,4.22,113855
3420,O15552,Efficacy,1,103.0,%,9.0,,49512
3420,O15552,IC50,1,500.0,nM,9.0,6.3,49512
3421,P31423,EC50,2,550000.0,nM,9.0,,21632
3421,P41594,EC50,2,201500.0,nM,8.0,,13474
3421,P41594,IC50,1,300000.0,nM,8.0,,13474
3421,Q13255,EC50,1,300000.0,nM,8.0,,13474
3421,Q13255,IC50,2,25000.0,nM,8.0,4.6,13474|38188
3421,Q14416,EC50,1,300000.0,nM,8.0,,13474
3421,Q14416,IC50,1,300000.0,nM,8.0,,13474
3421,Q14833,EC50,1,300000.0,nM,8.0,,13474
3421,Q14833,IC50,1,300000.0,nM,8.0,,13474
3422,Q99788,EC50,4,71.775,nM,9.0,7.445,121691
3431,P10826,EC50,1,226.0,nM,9.0,6.65,131267
3431,P13631,EC50,1,50.0,nM,9.0,7.3,131267
3435,Q8TDU6,EC50,6,7420.0,nM,9.0,5.465,106978|117726|126512|128299|36648|57375
3435,Q8TDU6,Efficacy,4,76.0,%,9.0,,106978|117726|126512|36648
3435,Q96RI1,EC50,4,199.5,nM,9.0,6.76,131267|31404|36648|48649
3435,Q96RI1,Efficacy,2,122.0,%,9.0,,31404|36648
3438,P37230,EC50,1,10000.0,nM,9.0,,38094
3439,P37231,EC50,1,147800.0,nM,9.0,,36781
3439,P37231,Efficacy,1,79.0,%,9.0,,36781
3439,Q07869,EC50,2,126150.0,nM,8.5,4.23,36781|59031
3439,Q07869,Efficacy,2,100.0,%,8.5,,36781|59031
3441,P35396,IC50,1,48.0,nM,9.0,7.32,61958
3441,P37231,IC50,1,7600.0,nM,9.0,5.12,131267
3441,Q03181,IC50,1,5500.0,nM,9.0,5.26,131267
3441,Q07869,IC50,1,6100.0,nM,9.0,5.21,131267
3442,P37231,IC50,1,3300.0,nM,9.0,5.48,46547
3444,P37231,IC50,1,1000.0,nM,9.0,6.0,46547
3459,P03372,IC50,1,80.0,nM,9.0,7.1,44978
346,P05771,IC50,2,77.0,nM,8.5,7.11,21563|5754
346,P31749,EC50,2,460.0,nM,8.0,6.34,30897|30942
346,P31749,IC50,2,290.0,nM,8.0,6.54,30897|30942
3465,B0FL73,EC50,1,0.3162,nM,9.0,9.5,46251
3465,P07550,EC50,15,0.5012,nM,9.0,9.3,46251|48567|48841|51201|52369|55747|58230|58376|58532|60920|83023|83810|84067
3465,P08588,EC50,6,39.81,nM,9.0,7.4,46251|48567|48841|58532|83810|84067
3465,P13945,EC50,4,25.12,nM,9.0,7.6,46251|58532|83810|84067
3465,Q8K4Z4,EC50,1,0.3162,nM,9.0,9.5,58532
3465,Q8K4Z4,IC50,1,0.4,nM,9.0,9.4,51201
3466,P07550,EC50,1,0.054,nM,9.0,10.27,52802
3467,P08588,EC50,1,320.0,nM,8.0,6.5,3083
3467,P13945,EC50,2,1.6,nM,8.0,8.8,2713|3083
3469,P08913,EC50,1,10000.0,nM,9.0,,39519
3469,P25100,EC50,1,10000.0,nM,9.0,,39519
3469,P35348,EC50,1,25.0,nM,9.0,7.6,39519
3469,P35348,Emax,1,60.0,%,9.0,,39519
3469,P35368,EC50,1,10000.0,nM,9.0,,39519
3470,P18089,IC50,1,655.0,nM,9.0,6.18,128179
3487,P21451,IC50,1,0.04,nM,4.0,10.4,13816
3487,P24530,IC50,1,84.8,nM,9.0,7.07,130984
3487,P25101,IC50,3,0.059,nM,9.0,10.23,130984
3487,P26684,IC50,1,0.04,nM,4.0,10.4,13816
3490,P21462,IC50,1,11590.1,nM,9.0,4.94,128647
3490,P25103,IC50,1,1.41,nM,9.0,8.85,121807
3490,P32249,IC50,1,4512.74,nM,9.0,5.35,128647
3490,Q8IYL9,IC50,1,1873.6,nM,9.0,5.73,128647
3490,Q9HC97,IC50,1,6238.53,nM,9.0,5.21,128647
3492,P51677,IC50,1,20.0,nM,8.0,7.7,4911
3494,P25101,IC50,2,6.800000000000001,nM,9.0,8.190000000000001,130707|62613
3497,P32246,IC50,1,59.0,nM,9.0,7.23,112228
3504,P49146,IC50,3,63.1,nM,8.0,7.2,47739|6675|76540
3512,P10520,EC50,2,1281.5,nM,8.0,5.890000000000001,51887
3515,P10696,IC50,1,4790.0,nM,9.0,5.32,51887
3516,P49684,IC50,1,75000.0,nM,9.0,,48952
3516,Q9UKP6,IC50,2,179.5,nM,9.0,6.955,48952|72807
3520,P34998,IC50,2,27.0,nM,8.5,7.85,21385|66599
3529,Q16581,IC50,6,1279.4650000000001,nM,9.0,5.89,108872|112513|51850|89452
3534,P08183,IC50,1,4500.0,nM,8.0,5.35,64389
3534,P35372,EC50,1,1.3,nM,9.0,8.89,112218
3534,P35372,Emax,1,78.0,%,9.0,,112218
3535,Q92847,EC50,3,5.0,nM,9.0,8.3,102250|66807
3537,P30518,EC50,3,0.74,nM,9.0,9.14,108525|30695|44817
3537,P30518,Emax,2,75.0,%,9.0,,108525|49614
3537,P37288,Emax,1,10.0,%,9.0,,108525
3537,P37288,IC50,1,1660.0,nM,9.0,5.78,108525
3537,P70536,IC50,1,55.0,nM,9.0,7.26,108525
3556,P35414,EC50,1,1.9,nM,9.0,8.72,113198
3556,Q9JHG3,IC50,1,1.4,nM,9.0,8.85,82481
357,O60840,IC50,1,8300.0,nM,4.0,5.08,91842
357,P22002,IC50,2,6175.0,nM,9.0,5.234999999999999,91874
357,P23977,IC50,1,20000.0,nM,8.0,4.7,8122
357,P31652,IC50,3,300.0,nM,8.0,6.52,10349|7275|8122
357,P35498,IC50,1,3600.0,nM,4.0,5.44,91842
357,P35499,IC50,1,3600.0,nM,4.0,5.44,91842
357,P47747,IC50,1,1900.0,nM,9.0,5.72,15067
357,Q01118,IC50,1,3600.0,nM,4.0,5.44,91842
357,Q01668,IC50,1,8300.0,nM,4.0,5.08,91842
357,Q12809,IC50,3,3400.0,nM,8.0,5.47,16592|20904|91842
357,Q13698,IC50,1,8300.0,nM,4.0,5.08,91842
357,Q13936,IC50,1,8300.0,nM,4.0,5.08,91842
357,Q14524,IC50,1,3600.0,nM,4.0,5.44,91842
357,Q15858,IC50,1,3600.0,nM,4.0,5.44,91842
357,Q63089,IC50,1,16000.0,nM,8.0,4.8,64257
357,Q99250,IC50,1,3600.0,nM,4.0,5.44,91842
357,Q9NY46,IC50,1,3600.0,nM,4.0,5.44,91842
357,Q9R0W2,IC50,1,9900.0,nM,8.0,5.0,64257
357,Q9UI33,IC50,1,3600.0,nM,4.0,5.44,91842
357,Q9UQD0,IC50,1,3600.0,nM,4.0,5.44,91842
357,Q9WTR4,IC50,3,260.0,nM,8.0,6.58,10349|7275|8122
357,Q9Y5Y9,IC50,1,3600.0,nM,4.0,5.44,91842
359,O35505,IC50,1,16100.0,nM,9.0,4.79,91874
36,P08908,EC50,5,72.44,nM,9.0,7.14,117334|118568|31185|46667
36,P08908,Emax,3,49.0,%,9.0,,117334|118568
36,P19327,IC50,1,52.0,nM,8.0,7.28,14331
360,O35505,IC50,1,143.0,nM,9.0,6.84,91874
360,P15382,IC50,1,79432.82,nM,6.0,4.1,91843
360,P51787,IC50,1,79432.82,nM,6.0,4.1,91843
360,Q12809,IC50,3,125.89,nM,8.0,6.9,91843
360,Q13936,IC50,1,25118.86,nM,9.0,4.6,91843
360,Q14524,IC50,2,18966.175,nM,8.5,4.85,91843
360,Q9UK17,IC50,1,12589.25,nM,8.0,4.9,91843
3622,Q8NER1,EC50,1,10000.0,nM,9.0,,47070
3634,Q9NS75,IC50,2,1500.022,nM,6.5,10.36,123645|9529
3634,Q9Y271,IC50,3,0.8,nM,9.0,9.1,123645|52190|9529
3635,Q14330,EC50,3,44.0,nM,9.0,7.53,107428|128847
3635,Q14330,IC50,1,10000.0,nM,9.0,,119359
3636,Q63089,IC50,1,740000.0,nM,8.0,,64843
3636,Q8WWT9,EC50,1,54000.0,nM,9.0,4.27,124736
3636,Q9H255,EC50,1,5.5,nM,9.0,8.26,114716
3636,Q9R0W2,IC50,1,700000.0,nM,8.0,,64843
3637,Q8WWT9,EC50,1,107000.0,nM,9.0,,124736
3637,Q99MT6,EC50,3,5128.61,nM,9.0,5.29,126785
3637,Q99MT6,Emax,1,100.0,%,9.0,,126785
3637,Q9BXA5,EC50,3,15848.93,nM,9.0,4.8,126785
3637,Q9BXA5,Emax,1,100.0,%,9.0,,126785
3639,P46059,IC50,1,141200000.0,nM,8.0,,64514
3668,P32300,IC50,8,344.0,nM,9.0,6.46,35025|35810|36256|42175|47725|51376|52873|65805
3668,P33535,EC50,3,212.0,nM,9.0,6.67,43813|56053|66594
3668,P33535,Emax,4,151.0,%,9.0,,43813|56053|66594
3668,P35372,EC50,12,12.59,nM,9.0,7.9,111075|113115|116760|121488|123461|35025|38291|65805|92534|97946
3668,P35372,Emax,5,81.2,%,9.0,,111075|116760|121488|38119|65805
3668,P41143,EC50,2,1000.0,nM,8.5,,35025|38291
3668,P42866,IC50,1,16.79,nM,9.0,7.78,38119
3668,P97266,IC50,9,13.7,nM,9.0,7.86,31329|31644|35025|35810|36256|47725|51376|52873|65805
3668,Q8CGM4,IC50,1,9.67,nM,9.0,8.02,42175
3668,Q96LB1,Emax,2,16.59,%,9.0,,131050
37,P08913,EC50,1,285.43,nM,9.0,6.54,128647
372,P0DMS8,EC50,1,1630.0,nM,8.0,5.79,16675
372,P29274,EC50,1,25.12,nM,4.0,7.6,10973
372,P29275,EC50,1,25.12,nM,4.0,7.6,10973
372,P46616,EC50,1,8000.0,nM,9.0,5.1,8542
372,P47745,EC50,1,190.55,nM,9.0,6.72,10973
372,Q9GZV3,IC50,2,537.71,nM,8.0,,51887
372,Q9NZJ5,EC50,2,55700.0,nM,9.0,,51887
373,P25099,EC50,3,10000.0,nM,8.0,,12344|13328|13649
373,P25099,IC50,1,4380.0,nM,9.0,5.36,11295
373,P29274,Emax,1,100.0,%,5.0,,11295
373,P29275,Emax,1,100.0,%,5.0,,11295
373,P29276,EC50,1,596.0,nM,4.0,6.22,12344
373,P30543,EC50,3,596.0,nM,8.0,6.22,12344|13328|13649
375,P0DMS8,EC50,1,10.0,nM,9.0,8.0,77351
375,P25099,EC50,2,10000.0,nM,8.5,,13048|13328
375,P29274,EC50,5,2.12,nM,9.0,8.67,10973|121782|77351|89357|91560
375,P29274,Emax,2,100.0,%,8.5,,121782|16653
375,P29274,IC50,1,19.0,nM,9.0,7.72,49861
375,P29275,EC50,6,10000.0,nM,9.0,8.265,10973|15395|49861|77351|83039|91560
375,P30542,EC50,1,501.19,nM,9.0,6.3,77351
375,P30543,EC50,2,115.0,nM,8.5,6.94,13048|13328
375,P47745,EC50,1,24547.09,nM,9.0,4.61,10973
3771,P28336,EC50,1,120.0,nM,8.0,6.92,16979
3771,P30550,EC50,1,41.0,nM,8.0,7.39,16979
3771,P32247,EC50,1,4500.0,nM,8.0,5.35,16979
378,P25099,EC50,2,5000.5,nM,8.5,,13328|13649
378,P30543,EC50,2,750.5,nM,8.5,5.82,13328|13649
3788,P28336,EC50,1,3200.0,nM,8.0,5.5,16979
3788,P30550,EC50,1,34.0,nM,8.0,7.47,16979
3788,P32247,EC50,1,6400.0,nM,8.0,5.19,16979
3792,Q969F8,EC50,2,27.9,nM,9.0,7.5600000000000005,35021
38,O60840,IC50,1,3600.0,nM,4.0,5.44,91875
38,P08172,EC50,1,10000.0,nM,9.0,,120319
38,P08173,EC50,1,10000.0,nM,9.0,,120319
38,P11229,EC50,1,10000.0,nM,9.0,,120319
38,P11229,Emax,1,26.0,%,9.0,,120319
38,P20309,EC50,1,10000.0,nM,9.0,,120319
38,P21917,IC50,1,168.0,nM,9.0,6.78,83796
38,P31652,IC50,1,10000.0,nM,9.0,,20066
38,P50406,IC50,2,20.15,nM,9.0,7.695,110137|118638
38,Q01668,IC50,1,3600.0,nM,4.0,5.44,91875
38,Q12809,IC50,2,2972.7,nM,9.0,5.98,16592|20904
38,Q13698,IC50,1,3600.0,nM,4.0,5.44,91875
38,Q13936,IC50,1,3600.0,nM,4.0,5.44,91875
380,P0DMS8,EC50,2,4111.0,nM,8.5,5.859999999999999,15464|16675
380,P25099,EC50,5,14.3,nM,9.0,7.84,14372|15464|15627|41516
380,P29274,EC50,1,63.1,nM,4.0,7.2,10973
380,P29275,EC50,1,63.1,nM,4.0,7.2,10973
380,P30542,EC50,3,4.15,nM,9.0,8.38,15464|2032|65814
380,P30542,IC50,1,2.7,nM,8.0,8.57,39099
380,P47745,EC50,1,12.59,nM,9.0,7.9,10973
380,Q4VQ11,EC50,1,7.9,nM,9.0,8.1,38198
380,Q4VQ11,Efficacy,1,100.0,%,9.0,,38198
3800,P50391,EC50,15,2.4,nM,9.0,8.62,114522|116423|121255|127940
3800,P50391,Emax,2,90.5,%,9.0,,127940
3802,P25929,EC50,3,48.9,nM,9.0,7.31,117316|127360|76313
3802,P49146,EC50,8,0.65,nM,9.0,9.26,106065|107578|117316|127360|37312|76313
3802,P49146,IC50,1,16.0,nM,9.0,7.8,118751
3802,P50391,EC50,3,513.0,nM,9.0,6.29,117316|127360|76313
3802,Q15761,EC50,3,29.7,nM,9.0,7.53,117316|127360|76313
381,P29275,IC50,1,60.0,nM,8.0,7.22,17736
382,P29275,IC50,2,67.5,nM,8.0,7.175000000000001,17736
3826,P46663,IC50,1,990.0,nM,9.0,6.0,103964
383,P29275,IC50,1,40.0,nM,8.0,7.4,17736
384,P0DMS8,IC50,1,406.0,nM,9.0,6.39,15744
384,P29274,IC50,1,12.0,nM,9.0,7.92,14441
386,P25099,IC50,1,6.0,nM,9.0,8.22,41516
386,P29274,IC50,2,394.0,nM,6.5,6.529999999999999,113389|1775
386,P29275,EC50,1,1000.0,nM,9.0,,113389
386,P29275,Efficacy,1,1.0,%,9.0,,113389
386,P29275,IC50,2,349.5,nM,6.5,6.775,113389|1775
386,P30542,EC50,2,467.385,nM,9.0,7.425000000000001,113389|123793
386,P47745,IC50,1,1.31,nM,9.0,8.88,1775
388,O15427,IC50,1,970000.0,nM,8.0,,64592
388,Q01066,IC50,1,100.0,nM,5.0,7.0,10663
388,Q13936,IC50,1,466000.0,nM,9.0,,91874
388,Q63421,IC50,1,100.0,nM,5.0,7.0,10663
388,Q9EPR9,IC50,1,100.0,nM,5.0,7.0,10663
390,P29275,IC50,2,38.0,nM,8.5,7.42,17736|61238
3917,P35370,EC50,1,4.571,nM,9.0,8.34,36586
3917,P35370,Emax,1,90.0,%,9.0,,36586
3917,P35377,EC50,1,0.5754,nM,9.0,9.24,36586
3917,P35377,Emax,1,84.0,%,9.0,,36586
3917,P41146,EC50,1,0.02818,nM,9.0,10.55,36586
3917,P41146,Emax,1,103.0,%,9.0,,36586
3917,P47748,EC50,1,0.6761,nM,9.0,9.17,36586
3917,P47748,Emax,1,32.0,%,9.0,,36586
3924,P08908,EC50,5,245.47,nM,9.0,6.61,117334|118568|36689
3924,P08908,Emax,5,70.3,%,9.0,,117334|118568|36689
3924,Q5NUL3,IC50,1,10000.0,nM,9.0,,128647
3925,P08908,EC50,2,24.57,nM,8.5,7.609999999999999,15419|36689
3925,P08908,Emax,1,74.7,%,9.0,,36689
3928,P30939,IC50,1,87.84,nM,9.0,7.06,120856
3929,P34969,EC50,4,52.0,nM,9.0,7.38,121796
3929,P34969,Emax,2,76.5,%,9.0,,121796
3930,O61059,IC50,1,6745.0,nM,9.0,5.17,91873
3930,O77239,IC50,1,1000.0,nM,9.0,,84179
3930,O96214,IC50,1,1000.0,nM,9.0,,84179
3930,O97467,IC50,1,5885.0,nM,8.0,5.23,91873
3930,P11166,IC50,1,5816.0,nM,8.0,5.24,91873
3930,P62344,IC50,1,1000.0,nM,9.0,,84179
3930,Q25917,IC50,1,1000.0,nM,9.0,,84179
3930,Q8I5R7,IC50,1,2500.0,nM,8.0,,84179
3930,Q8IBS5,IC50,1,1000.0,nM,8.0,,84179
3930,Q8IDJ8,IC50,1,2500.0,nM,8.0,,84179
3931,P07550,EC50,1,20.0,nM,9.0,7.7,16385
3931,P13945,EC50,4,0.43,nM,8.0,9.37,16385|2713|2865|3084
3931,P25089,IC50,1,10000.0,nM,9.0,,128647
3931,Q8IYL9,IC50,1,5070.89,nM,9.0,5.29,128647
3939,P25104,IC50,1,27.0,nM,8.0,7.57,850
3939,P30556,IC50,1,0.3,nM,8.0,9.52,66808
3939,P34976,IC50,2,0.54,nM,9.0,9.27,12159|12160
3939,P35351,IC50,2,10000.0,nM,8.0,,12159|12160
3945,Q8TDU6,EC50,2,1035.0,nM,8.5,5.985,129801|49086
3945,Q8TDU6,Efficacy,1,83.0,%,8.0,,49086
3945,Q96RI1,EC50,1,0.0,nM,9.0,,49086
3945,Q9UBE0,IC50,1,13160.0,nM,7.0,4.88,51887
3945,Q9UBT2,IC50,1,13160.0,nM,7.0,4.88,51887
3947,P41180,EC50,1,25.12,nM,8.0,7.6,53045
3947,P41180,Efficacy,1,91.0,%,8.0,,53045
3949,P14416,EC50,2,98.6,nM,8.5,7.135,104398|17626
3949,P14416,Efficacy,1,93.0,%,8.0,,17626
3949,P14416,Emax,1,114.0,%,9.0,,104398
3949,P61169,EC50,2,22.9,nM,8.0,7.715,17626
3949,P61169,Efficacy,2,96.5,%,8.0,,17626
3950,P24530,IC50,1,9.8,nM,8.0,,17791
3951,P15382,IC50,2,282141.48,nM,6.0,4.2,91843
3951,P24530,IC50,1,1190.0,nM,8.0,5.92,17540
3951,P25101,IC50,1,21.7,nM,8.0,7.66,17540
3951,P51787,IC50,2,282141.48,nM,6.0,4.2,91843
3951,Q12809,IC50,2,4222234.79,nM,8.0,,91843
3951,Q13936,IC50,1,2511886.43,nM,8.0,,91843
3951,Q14524,IC50,2,1129462.705,nM,8.5,,91843
3951,Q9UK17,IC50,1,251188.64,nM,8.0,,91843
3952,O14842,EC50,5,45.71,nM,9.0,7.34,45864|58992|71930|73692
3952,O14842,Efficacy,2,102.5,%,9.0,,58992|73692
3952,P08172,IC50,1,602.2,nM,9.0,6.22,128647
3952,P21453,IC50,1,248.92,nM,9.0,6.6,128647
3952,P21462,IC50,1,1279.16,nM,9.0,5.89,128647
3952,P25089,IC50,1,1427.99,nM,9.0,5.84,128647
3952,P32249,IC50,1,582.5,nM,9.0,6.24,128647
3952,P35414,IC50,1,324.85,nM,9.0,6.49,128647
3952,Q5NUL3,EC50,1,2238.72,nM,9.0,5.65,62697
3952,Q5NUL3,Efficacy,1,100.0,%,9.0,,62697
3952,Q8IYL9,IC50,1,364.84,nM,9.0,6.44,128647
3953,P23385,IC50,1,1.0,nM,9.0,9.0,31805
3953,P31424,IC50,1,10000.0,nM,9.0,,31805
3953,P41594,IC50,1,342.0,nM,9.0,6.47,35368
3953,Q13255,IC50,1,10.0,nM,9.0,8.0,35368
3954,P31421,EC50,1,441.0,nM,9.0,6.36,83759
3954,P31421,Emax,1,90.1,%,9.0,,83759
3954,P32249,IC50,1,4460.53,nM,9.0,5.35,128647
3954,Q14416,EC50,2,60.435,nM,9.0,7.295,105408|49425
3954,Q14416,Emax,1,213.0,%,9.0,,49425
3955,Q14416,IC50,1,533.0,nM,9.0,6.27,77287
3956,P23385,EC50,1,942.56,nM,9.0,,51887
3956,P31421,EC50,1,1039.7,nM,9.0,,51887
3956,P31423,EC50,1,107.0,nM,9.0,,51887
3956,P70579,EC50,1,2280.0,nM,9.0,,51887
3956,Q14833,EC50,3,240.0,nM,9.0,6.62,47355|51887|58944
3956,Q14833,Emax,1,182.0,%,9.0,,47355
3969,P36544,EC50,1,33.0,nM,9.0,7.48,65574
3969,P36544,Emax,1,100.0,%,9.0,,65574
3969,P46098,Emax,1,15.0,%,9.0,,65574
3969,Q05941,EC50,1,17.0,nM,9.0,7.77,66691
3969,Q05941,Emax,1,76.0,%,9.0,,66691
3986,P36544,EC50,1,1000.0,nM,9.0,6.0,47116
3986,P36544,Efficacy,1,52.0,%,9.0,,47116
3987,P17787,EC50,1,170.0,nM,7.0,6.77,66548
3987,P17787,Emax,1,57.0,%,7.0,,66548
3987,P30926,EC50,1,20000.0,nM,7.0,4.7,66548
3987,P30926,Emax,1,10.0,%,7.0,,66548
3987,P32297,EC50,1,20000.0,nM,7.0,4.7,66548
3987,P32297,Emax,1,10.0,%,7.0,,66548
3987,P43681,EC50,1,170.0,nM,7.0,6.77,66548
3987,P43681,Emax,1,57.0,%,7.0,,66548
3988,P02708,IC50,1,60000.0,nM,7.0,,31361
3988,P07510,IC50,1,60000.0,nM,7.0,,31361
3988,P11230,IC50,1,60000.0,nM,7.0,,31361
3988,P30926,IC50,1,60000.0,nM,7.0,,31361
3988,P32297,IC50,1,60000.0,nM,7.0,,31361
3988,P36544,EC50,1,128.0,nM,8.0,6.89,39478
3988,Q07001,IC50,1,60000.0,nM,7.0,,31361
3989,P17787,EC50,1,20.0,nM,7.0,7.7,46138
3989,P30926,EC50,1,190.0,nM,7.0,6.72,46138
3989,P32297,EC50,3,190.0,nM,9.0,6.72,14797|46138
3989,P36544,EC50,1,56000.0,nM,8.0,4.25,14797
3989,P43681,EC50,1,20.0,nM,7.0,7.7,46138
3990,P36544,IC50,1,1800.0,nM,9.0,5.75,14230
3995,P36544,EC50,1,4260.0,nM,8.0,5.37,65574
3995,P36544,Emax,1,52.0,%,8.0,,65574
3996,P08482,EC50,1,219.0,nM,8.0,6.66,14434
3996,P08482,Efficacy,2,100.0,%,8.0,,318
3996,P08483,EC50,1,130.0,nM,8.0,6.89,14434
3996,P08485,IC50,1,470.0,nM,8.0,6.33,14434
3997,P36544,EC50,1,46.0,nM,8.0,7.34,39478
3998,P02708,IC50,1,100000.0,nM,7.0,,31361
3998,P07510,IC50,1,100000.0,nM,7.0,,31361
3998,P11230,IC50,1,100000.0,nM,7.0,,31361
3998,P30926,IC50,1,100000.0,nM,7.0,,31361
3998,P32297,IC50,1,100000.0,nM,7.0,,31361
3998,P36544,EC50,1,65.0,nM,8.0,7.19,39478
3998,Q07001,IC50,1,100000.0,nM,7.0,,31361
4,P08908,EC50,3,0.27,nM,9.0,9.57,127588|130150
4,P08908,Emax,1,95.0,%,9.0,,112090
4,P34969,EC50,3,5.1,nM,9.0,8.29,118638|130150|35308
4,P50407,EC50,2,630.0,nM,9.0,6.2,36609|45253
40,P28222,EC50,1,11.64,nM,9.0,7.93,122003
4003,Q96LB1,EC50,2,31622.78,nM,9.0,,131050
4024,Q9H3N8,EC50,1,1000.0,nM,9.0,6.0,54229
4024,Q9Y5N1,EC50,3,0.1995,nM,9.0,9.7,42062|52771|54229
4025,P25021,EC50,1,190.55,nM,9.0,6.72,65762
4025,P35367,EC50,1,15848.93,nM,9.0,4.8,54229
4025,P47747,EC50,2,403.57500000000005,nM,9.0,6.465,65762
4026,P31389,EC50,3,309.03,nM,9.0,6.51,15847
4026,P31389,Emax,3,84.0,,9.0,,15847
4026,P31390,EC50,1,851.14,nM,8.0,6.07,15847
4026,P31390,Emax,2,48.0,,8.0,,15847
4027,Q8TDV5,EC50,1,2500.0,nM,9.0,5.6,61336
4030,Q9HBW0,EC50,1,1800.0,nM,9.0,5.75,21365
4030,Q9HBW0,Emax,1,82.0,%,9.0,,21365
4030,Q9UBY5,IC50,1,384.0,nM,9.0,6.42,21365
4032,P21453,EC50,1,483.48,nM,9.0,6.32,128647
4032,Q5T601,IC50,1,10000.0,nM,9.0,,128647
4033,Q99705,IC50,4,8.2506,nM,9.0,8.55,31716|46458|48980|92732
4035,O43193,EC50,2,491.295,nM,9.0,6.955,124058|45438
4035,Q92847,EC50,1,1000.0,nM,9.0,,45438
4037,O43613,IC50,1,10000.0,nM,9.0,,127505
4037,O43614,IC50,1,8.0,nM,9.0,8.1,127505
4038,O43613,IC50,2,10000.0,nM,9.0,,127505|45435
4038,O43614,IC50,2,40.0,nM,9.0,7.4,127505|45435
4041,P35408,IC50,4,2.7,nM,9.0,8.57,124686|49707
4044,P41231,EC50,1,640.0,nM,9.0,6.19,57808
4044,P51582,EC50,1,23.0,nM,9.0,7.64,57808
4044,Q15077,EC50,1,740.0,nM,9.0,6.13,57808
4047,P25116,IC50,4,55.5,nM,9.0,7.26,105415|116736|42088
4047,P32249,IC50,1,4765.24,nM,9.0,5.32,128647
4047,Q9HC97,IC50,1,7574.0,nM,9.0,5.12,128647
4048,P25116,IC50,2,32.31,nM,9.0,7.49,108808
405,P14416,EC50,2,100000.0,nM,9.0,,90877
405,P29274,EC50,1,4330.0,nM,9.0,5.36,130491
405,P29274,Emax,4,83.5,%,9.0,,102186|107436
405,P29274,IC50,11,1.514,nM,9.0,8.82,102186|107436|109192|123445|123541|73625|90877
405,P29275,IC50,2,49.5,nM,9.0,7.305,102186|107436
4054,P10826,EC50,2,8.971499999999999,nM,8.0,8.05,30366|45988
4054,P10826,Efficacy,1,106.0,%,8.0,,45988
4055,P10826,EC50,3,125.89,nM,8.0,6.9,30366|45988
4055,P10826,Efficacy,1,92.0,%,8.0,,45988
4058,Q96LB1,EC50,2,10066.345000000001,nM,9.0,5.0,131050
4058,Q96LB1,Emax,2,63.92999999999999,%,9.0,,131050
4059,P31424,EC50,1,9.6,nM,9.0,8.02,31236
4069,P19490,EC50,2,18250.0,nM,9.0,4.925,47617
4069,P19491,EC50,1,92000.0,nM,9.0,4.04,47617
4069,P19492,EC50,1,13000.0,nM,9.0,4.89,47617
4069,P19493,EC50,1,6700.0,nM,9.0,5.17,47617
4069,P22756,EC50,2,355.0,nM,9.0,6.5649999999999995,47617
4069,P42260,EC50,1,1000000.0,nM,9.0,,47617
407,Q01066,IC50,1,70000.0,nM,5.0,4.16,10663
407,Q63421,IC50,1,70000.0,nM,5.0,4.16,10663
407,Q9EPR9,IC50,1,70000.0,nM,5.0,4.16,10663
4070,P19490,EC50,1,380.0,nM,9.0,6.42,45271
4070,P19491,EC50,1,460.0,nM,9.0,6.34,45271
4070,P19492,EC50,1,20900.0,nM,9.0,4.68,45271
4070,P19493,EC50,1,11900.0,nM,9.0,4.92,45271
4070,P42261,EC50,2,381.0,nM,8.0,6.42,50876
4070,P42262,EC50,1,463.0,nM,8.0,6.33,50876
4070,P42263,EC50,2,20900.0,nM,8.0,4.68,50876
4071,P19490,EC50,2,26400.0,nM,8.5,4.595,14175|45271
4071,P42264,EC50,1,140.0,nM,8.0,6.85,14175
4072,O75311,IC50,1,7000.0,nM,9.0,5.16,50825
4072,P23415,EC50,1,1200.0,nM,9.0,5.92,50825
408,P10275,IC50,1,20000.0,nM,9.0,4.7,48045
4082,P35439,IC50,1,80.0,nM,4.0,7.1,10155
4082,Q00959,IC50,1,80.0,nM,4.0,7.1,10155
4082,Q00960,IC50,1,80.0,nM,4.0,7.1,10155
4082,Q00961,IC50,1,80.0,nM,4.0,7.1,10155
4082,Q62645,IC50,1,80.0,nM,4.0,7.1,10155
4082,Q8VHN2,IC50,1,80.0,nM,4.0,7.1,10155
4082,Q9R1M7,IC50,1,80.0,nM,4.0,7.1,10155
409,P10275,IC50,2,5900.0,nM,9.0,5.23,48045
410,P32897,IC50,1,8560.0,nM,9.0,5.07,51887
410,P87108,IC50,2,67750.0,nM,9.0,4.45,51887
4107,P14867,EC50,1,1000000.0,nM,7.0,,36612
4107,P18505,EC50,1,1000000.0,nM,7.0,,36612
4107,P18507,EC50,1,1000000.0,nM,7.0,,36612
4108,P14867,EC50,1,160.0,nM,7.0,6.8,13922
4108,P14867,Efficacy,1,0.91,,7.0,,13922
4108,P18507,EC50,1,160.0,nM,7.0,6.8,13922
4108,P18507,Efficacy,1,0.91,,7.0,,13922
4108,P47870,EC50,1,160.0,nM,7.0,6.8,13922
4108,P47870,Efficacy,1,0.91,,7.0,,13922
4109,O35433,IC50,1,4000.0,nM,5.0,5.4,6745
4109,Q8NER1,IC50,1,4000.0,nM,9.0,5.4,49452
4109,Q9ERZ8,IC50,1,4000.0,nM,5.0,5.4,6745
4109,Q9WUD2,IC50,1,4000.0,nM,5.0,5.4,6745
411,Q07820,IC50,1,2988.26,nM,9.0,5.53,51887
411,Q9HC97,EC50,2,6265.0,nM,9.0,5.415,62079
411,Q9HC97,Efficacy,1,284.0,picometer,9.0,,62079
4117,O35433,IC50,1,9.0,nM,9.0,8.05,38185
4117,Q8NER1,IC50,6,3.5,nM,9.0,8.46,36045|36128|38185|55755|6394
4118,Q64663,IC50,3,309.03,nM,9.0,6.51,31280|38842|57694
4118,Q99572,IC50,4,124.46000000000001,nM,9.0,6.905,31280|38842|47494|57694
4119,Q64663,IC50,3,18.0,nM,9.0,7.75,38841|47097|48423
4119,Q99572,IC50,6,42.0,nM,9.0,7.380000000000001,38841|47097|47494|48423
4123,P42262,IC50,1,100000.0,nM,9.0,,35225
4123,Q13002,IC50,1,100000.0,nM,9.0,,35225
4124,P29994,EC50,4,2.1,nM,9.0,8.68,30786|31734|52073|61922
4125,P49654,IC50,3,10.0,nM,9.0,8.0,46133|46134
4125,P56373,IC50,3,39.81,nM,7.0,7.4,46133|46134
4125,Q9UBL9,IC50,3,39.81,nM,7.0,7.4,46133|46134
4128,O15244,IC50,1,23000.0,nM,8.0,4.64,64285
4128,P35439,IC50,5,92000.0,nM,5.0,4.04,44760|46408|49795
4128,Q00959,IC50,5,92000.0,nM,5.0,4.04,44760|46408|49795
4128,Q00960,IC50,5,92000.0,nM,5.0,4.04,44760|46408|49795
4128,Q00961,IC50,5,92000.0,nM,5.0,4.04,44760|46408|49795
4128,Q62645,IC50,5,92000.0,nM,5.0,4.04,44760|46408|49795
4128,Q63089,IC50,3,280000.0,nM,8.0,4.12,64651|64817
4128,Q8VHN2,IC50,5,92000.0,nM,5.0,4.04,44760|46408|49795
4128,Q9R0W2,IC50,3,270900.0,nM,8.0,,64651|64817
4128,Q9R1M7,IC50,5,92000.0,nM,5.0,4.04,44760|46408|49795
4129,O35433,IC50,9,0.9,nM,9.0,9.05,36135|37901|38526|41998|45756
4129,Q8NER1,IC50,6,0.76,nM,9.0,9.12,36135|38526|41998
4132,Q7Z2W7,IC50,2,175.0,nM,9.0,6.76,54012
4134,O75762,Efficacy,1,0.0,,9.0,,49442
4134,O75762,IC50,3,2800.0,nM,9.0,5.55,49442|51267|61037
4134,Q6RI86,IC50,1,3400.0,nM,9.0,5.47,61037
4134,Q8BLA8,IC50,1,4500.0,nM,9.0,5.35,51267
4136,K9N7C7,IC50,1,10000.0,nM,8.0,,115086
4136,P0DTD1,IC50,1,3020.0,nM,9.0,5.52,115086
4136,P10275,IC50,1,5200.0,nM,9.0,5.28,48045
4138,P19490,IC50,1,135.0,nM,9.0,6.87,66667
4138,Q00959,IC50,1,177.0,nM,9.0,6.75,66667
4139,P05106,IC50,2,52500.0,nM,7.0,5.3,12828
4139,P08514,IC50,2,52500.0,nM,7.0,5.3,12828
414,P0DMS8,EC50,1,27.0,nM,8.0,7.57,16675
414,P0DMS8,Efficacy,1,102.0,%,9.0,,35256
414,P29275,EC50,1,1680.0,nM,9.0,5.78,35256
414,Q9GZV3,IC50,2,1861.3200000000002,nM,8.0,,51887
4141,P19490,IC50,1,28000.0,nM,4.0,4.55,13878
4141,P19491,IC50,1,28000.0,nM,4.0,4.55,13878
4141,P19492,IC50,1,28000.0,nM,4.0,4.55,13878
4141,P19493,IC50,1,28000.0,nM,4.0,4.55,13878
4148,P24046,EC50,2,74000.0,nM,9.0,4.13,15883|44425
4148,P28476,EC50,1,70000.0,nM,9.0,4.16,15883
415,P0DMS8,EC50,1,210.0,nM,8.0,6.68,16675
4150,P08908,EC50,1,4200.0,nM,9.0,5.38,129324
4150,P08908,Emax,1,64.0,%,9.0,,129324
4150,P21554,EC50,1,1469.0,nM,9.0,5.83,129291
4150,P21554,IC50,1,3800.0,nM,9.0,5.42,129324
4150,P22002,IC50,1,100.0,nM,9.0,7.0,94011
4150,P34972,EC50,25,39.81,nM,9.0,7.4,122516|129291|129324
4150,P34972,Emax,22,103.05,%,9.0,,122516
4150,P35372,IC50,2,1055.5,nM,9.0,6.13,126813
4150,Q6RI86,EC50,1,96.0,nM,9.0,7.02,51267
4155,P35439,IC50,2,861.0,nM,4.0,6.715,10794|14614
4155,Q00959,IC50,2,861.0,nM,4.0,6.715,10794|14614
4155,Q00960,IC50,2,861.0,nM,4.0,6.715,10794|14614
4155,Q00961,IC50,2,861.0,nM,4.0,6.715,10794|14614
4155,Q62645,IC50,2,861.0,nM,4.0,6.715,10794|14614
4155,Q8VHN2,IC50,2,861.0,nM,4.0,6.715,10794|14614
4155,Q9R1M7,IC50,2,861.0,nM,4.0,6.715,10794|14614
4158,O75762,EC50,1,0.9,nM,9.0,9.05,53100
4158,O75762,IC50,1,3.6,mg.min/m3,9.0,,53100
4159,P38532,EC50,1,129200.0,nM,9.0,,51887
4159,P9WHJ3,EC50,1,12400.0,nM,8.0,4.91,51887
4159,Q96P20,IC50,2,15855.0,nM,9.0,5.075,51887
4163,P35439,IC50,5,73.0,nM,6.0,7.96,13002|15091
4163,Q00959,IC50,3,11.0,nM,4.0,7.975,13002|15091
4163,Q00960,IC50,4,26.0,nM,5.0,7.675,13002|15091|35160
4163,Q00961,IC50,3,11.0,nM,4.0,7.975,13002|15091
4163,Q13224,IC50,1,74.0,nM,9.0,7.13,57666
4163,Q62645,IC50,2,10.6,nM,4.0,7.975,13002
4163,Q8VHN2,IC50,2,10.6,nM,4.0,7.975,13002
4163,Q9R1M7,IC50,2,10.6,nM,4.0,7.975,13002
4165,P48058,EC50,1,1000000.0,nM,8.0,,15706
4167,P19491,EC50,1,7600.0,nM,9.0,5.12,45271
4167,P42261,EC50,1,1000.0,nM,8.0,6.0,50876
4167,P48058,EC50,2,3800.0,nM,8.5,5.42,15706|31638
418,P29274,EC50,1,0.4467,nM,4.0,9.35,10973
418,P29275,EC50,1,0.4467,nM,4.0,9.35,10973
418,P47745,EC50,1,5623.41,nM,9.0,5.25,10973
4182,P22002,IC50,1,470000.0,nM,9.0,,94011
4186,P35372,EC50,2,51019.5,nM,6.0,5.02,51887
4186,P41143,EC50,2,36820.5,nM,6.0,4.605,51887
4186,P47898,EC50,1,85847.0,nM,8.0,4.07,51887
4190,P08183,IC50,3,32300.0,nM,8.0,4.535,64447
4194,P05067,IC50,1,305000.0,nM,9.0,,30157
4194,Q4U2R8,IC50,1,1500.0,nM,8.0,5.82,64324
42,P08908,EC50,1,67.61,nM,8.0,7.17,2759
42,P08908,Efficacy,2,34.5,%,8.0,,2759
420,P29274,EC50,1,18.2,nM,4.0,7.74,10973
420,P29275,EC50,1,18.2,nM,4.0,7.74,10973
420,P47745,EC50,1,12589.25,nM,9.0,4.9,10973
4204,P63073,IC50,1,64000.0,nM,8.0,,51887
4204,Q07820,IC50,1,1523.1,nM,9.0,5.82,51887
4209,P19490,IC50,1,1000.0,nM,5.0,6.0,13578
4209,P19491,IC50,1,1000.0,nM,5.0,6.0,13578
4209,P19492,IC50,1,1000.0,nM,5.0,6.0,13578
4209,P19493,IC50,1,1000.0,nM,5.0,6.0,13578
4210,P19490,IC50,3,22000.0,nM,5.0,4.66,13578|30514|3702
4210,P19491,IC50,3,22000.0,nM,5.0,4.66,13578|30514|3702
4210,P19492,IC50,3,22000.0,nM,5.0,4.66,13578|30514|3702
4210,P19493,IC50,3,22000.0,nM,5.0,4.66,13578|30514|3702
4211,O75762,IC50,7,5300.0,nM,9.0,5.295,51267|60885|61037
4211,Q6RI86,IC50,2,3850.0,nM,9.0,5.465,60885|61037
4211,Q7Z2W7,IC50,1,30000.0,nM,9.0,,51267
4211,Q8NER1,IC50,1,20000.0,nM,9.0,,51267
4211,Q8NET8,IC50,1,10000.0,nM,9.0,,51267
4211,Q9HBA0,IC50,1,10000.0,nM,9.0,,51267
4212,P35236,IC50,2,52250.0,nM,9.0,5.35,51887
4212,Q9Y2R2,IC50,2,1816.5,nM,9.0,5.62,51887
422,P0DMS8,EC50,4,0.7505999999999999,nM,9.0,9.15,112218|16675|17361|77351
422,P0DMS8,Emax,1,72.0,%,9.0,,112218
422,P0DMS8,IC50,12,0.022144999999999998,nM,9.0,10.475000000000001,110795
422,P29274,EC50,1,79.43,nM,9.0,7.1,77351
422,P29275,EC50,2,5515.81,nM,8.5,6.23,15395|77351
422,P30542,EC50,1,31.62,nM,9.0,7.5,77351
422,Q9GZV3,IC50,2,2100.19,nM,8.0,,51887
4222,P29994,EC50,8,24.8,nM,9.0,7.61,30786|31734|52073|61922
4226,O00591,EC50,1,310000.0,nM,4.0,,1778
4226,O09028,EC50,1,3100.0,nM,5.0,5.51,98
4226,O14764,EC50,1,310000.0,nM,4.0,,1778
4226,P14867,EC50,2,235000.0,nM,5.5,,1778|4260
4226,P15431,EC50,1,3100.0,nM,5.0,5.51,98
4226,P18505,EC50,1,310000.0,nM,4.0,,1778
4226,P18506,EC50,1,3100.0,nM,5.0,5.51,98
4226,P18507,EC50,7,75000.0,nM,7.0,4.279999999999999,1778|4260
4226,P18508,EC50,1,3100.0,nM,5.0,5.51,98
4226,P19969,EC50,1,3100.0,nM,5.0,5.51,98
4226,P20236,EC50,1,3100.0,nM,5.0,5.51,98
4226,P23574,EC50,1,3100.0,nM,5.0,5.51,98
4226,P23576,EC50,1,3100.0,nM,5.0,5.51,98
4226,P28471,EC50,1,3100.0,nM,5.0,5.51,98
4226,P28472,EC50,7,75000.0,nM,7.0,4.279999999999999,1778|4260
4226,P28473,EC50,1,3100.0,nM,5.0,5.51,98
4226,P30191,EC50,1,3100.0,nM,5.0,5.51,98
4226,P31644,EC50,2,192500.0,nM,5.5,4.12,1778|4260
4226,P34903,EC50,2,182500.0,nM,5.5,4.26,1778|4260
4226,P47869,EC50,2,180000.0,nM,5.5,4.3,1778|4260
4226,P47870,EC50,1,310000.0,nM,4.0,,1778
4226,P48169,EC50,2,245000.0,nM,5.5,,1778|4260
4226,P62813,EC50,1,3100.0,nM,5.0,5.51,98
4226,P63079,EC50,1,3100.0,nM,5.0,5.51,98
4226,P63138,EC50,1,3100.0,nM,5.0,5.51,98
4226,P78334,EC50,1,310000.0,nM,4.0,,1778
4226,Q16445,EC50,2,165000.0,nM,5.5,4.7,1778|4260
4226,Q8N1C3,EC50,1,310000.0,nM,4.0,,1778
4226,Q91ZM7,EC50,1,3100.0,nM,5.0,5.51,98
4226,Q99928,EC50,1,310000.0,nM,4.0,,1778
4226,Q9ES14,EC50,1,3100.0,nM,5.0,5.51,98
4226,Q9UN88,EC50,1,310000.0,nM,4.0,,1778
4227,P14867,EC50,1,620000.0,nM,7.0,,4260
4227,P18507,EC50,6,395000.0,nM,7.0,,4260
4227,P23978,IC50,1,300000.0,nM,5.0,,7503
4227,P28472,EC50,6,395000.0,nM,7.0,,4260
4227,P31644,EC50,1,690000.0,nM,7.0,,4260
4227,P31646,IC50,1,300000.0,nM,5.0,,7503
4227,P31647,IC50,1,300000.0,nM,5.0,,7503
4227,P34903,EC50,1,370000.0,nM,6.0,,4260
4227,P47869,EC50,1,420000.0,nM,7.0,,4260
4227,P48056,IC50,1,300000.0,nM,5.0,,7503
4227,P48169,EC50,1,300000.0,nM,7.0,,4260
4227,Q16445,EC50,1,160000.0,nM,7.0,,4260
4228,O35433,IC50,2,59.0,nM,9.0,7.395,38185
4228,Q8NER1,IC50,3,65.0,nM,9.0,7.19,38185|53995
4229,P19490,IC50,1,65.0,nM,9.0,7.19,66667
4229,P22756,IC50,1,19.0,nM,9.0,7.72,66667
4229,Q00959,IC50,1,1710.0,nM,9.0,5.77,66667
4230,O35433,EC50,1,100000.0,nM,9.0,,49776
4230,O35433,IC50,5,37.0,nM,9.0,7.43,46701|49387|49776|6007|6745
4230,Q9ERZ8,IC50,2,37.0,nM,5.0,7.43,6007|6745
4230,Q9WUD2,IC50,2,37.0,nM,5.0,7.43,6007|6745
4232,Q13936,IC50,1,3200.0,nM,8.0,5.5,94011
4233,P35439,IC50,1,8860.0,nM,5.0,5.05,11872
4233,P35499,IC50,2,1550000.0,nM,8.0,,17035
4233,Q00959,IC50,1,8860.0,nM,5.0,5.05,11872
4233,Q00960,IC50,1,8860.0,nM,5.0,5.05,11872
4233,Q00961,IC50,1,8860.0,nM,5.0,5.05,11872
4233,Q13936,IC50,1,1800.0,nM,9.0,5.75,94011
4233,Q62645,IC50,1,8860.0,nM,5.0,5.05,11872
4233,Q8VHN2,IC50,1,8860.0,nM,5.0,5.05,11872
4233,Q9R1M7,IC50,1,8860.0,nM,5.0,5.05,11872
4235,Q99571,EC50,1,100000.0,nM,8.0,4.0,16611
4235,Q99572,EC50,1,34.0,nM,8.0,7.47,16611
4235,Q99572,IC50,10,115.0,nM,9.0,6.9399999999999995,17458|38252|45572|47494|48423|48997|5948|62419
4236,P49652,EC50,1,100000.0,nM,9.0,,16611
4236,P51575,EC50,1,2000.0,nM,8.0,5.7,16611
4236,P56373,EC50,1,9200.0,nM,8.0,5.04,16611
4236,Q9EPX4,EC50,1,100000.0,nM,8.0,,16611
4240,P35439,IC50,1,18.0,nM,7.0,7.75,15197
4240,Q00960,IC50,1,18.0,nM,7.0,7.75,15197
4241,P14867,Efficacy,1,2.0,%,7.0,,30553
4241,P18507,Efficacy,3,39.0,%,7.0,,30553
4241,P28472,Efficacy,3,39.0,%,7.0,,30553
4241,P31644,Efficacy,1,39.0,%,7.0,,30553
4241,P34903,Efficacy,1,43.0,%,7.0,,30553
4243,P35439,IC50,5,4200.0,nM,4.0,5.38,10794|11383|2984
4243,Q00959,IC50,5,4200.0,nM,4.0,5.38,10794|11383|2984
4243,Q00960,IC50,5,4200.0,nM,4.0,5.38,10794|11383|2984
4243,Q00961,IC50,5,4200.0,nM,4.0,5.38,10794|11383|2984
4243,Q62645,IC50,5,4200.0,nM,4.0,5.38,10794|11383|2984
4243,Q8VHN2,IC50,5,4200.0,nM,4.0,5.38,10794|11383|2984
4243,Q9R1M7,IC50,5,4200.0,nM,4.0,5.38,10794|11383|2984
4245,P19490,IC50,4,3900.0,nM,4.5,5.484999999999999,13405|13406|4021
4245,P19491,IC50,4,3900.0,nM,4.5,5.484999999999999,13405|13406|4021
4245,P19492,IC50,4,3900.0,nM,4.5,5.484999999999999,13405|13406|4021
4245,P19493,IC50,4,3900.0,nM,4.5,5.484999999999999,13405|13406|4021
4245,P22756,IC50,3,31700.0,nM,4.0,4.5,13405|13406|3687
4245,P35439,IC50,2,61150.0,nM,4.0,4.21,13405|13406
4245,P42260,IC50,3,31700.0,nM,4.0,4.5,13405|13406|3687
4245,P42264,IC50,3,31700.0,nM,4.0,4.5,13405|13406|3687
4245,Q00959,IC50,2,61150.0,nM,4.0,4.21,13405|13406
4245,Q00960,IC50,2,61150.0,nM,4.0,4.21,13405|13406
4245,Q00961,IC50,2,61150.0,nM,4.0,4.21,13405|13406
4245,Q01812,IC50,3,31700.0,nM,4.0,4.5,13405|13406|3687
4245,Q62645,IC50,2,61150.0,nM,4.0,4.21,13405|13406
4245,Q63273,IC50,3,31700.0,nM,4.0,4.5,13405|13406|3687
4245,Q8VHN2,IC50,2,61150.0,nM,4.0,4.21,13405|13406
4245,Q9R1M7,IC50,2,61150.0,nM,4.0,4.21,13405|13406
4248,P48058,EC50,1,4400.0,nM,8.0,5.36,15706
4249,P42262,EC50,3,559.0,nM,9.0,6.25,31638|53867
4249,P48058,EC50,4,355.0,nM,8.5,6.46,15706|16419|31638
4253,P35439,IC50,5,1500.0,nM,5.0,5.82,44760|46408|49795
4253,Q00959,IC50,5,1500.0,nM,5.0,5.82,44760|46408|49795
4253,Q00960,IC50,5,1500.0,nM,5.0,5.82,44760|46408|49795
4253,Q00961,IC50,5,1500.0,nM,5.0,5.82,44760|46408|49795
4253,Q05586,IC50,2,965.5,nM,7.0,6.015000000000001,36178
4253,Q12879,IC50,1,911.0,nM,7.0,6.04,36178
4253,Q13224,IC50,1,1020.0,nM,7.0,5.99,36178
4253,Q62645,IC50,5,1500.0,nM,5.0,5.82,44760|46408|49795
4253,Q8VHN2,IC50,5,1500.0,nM,5.0,5.82,44760|46408|49795
4253,Q9R1M7,IC50,5,1500.0,nM,5.0,5.82,44760|46408|49795
4255,Q61143,IC50,1,17900.0,nM,8.0,,51887
4255,Q9QUQ5,EC50,1,2.7,nM,9.0,,51887
4255,Q9QUQ5,IC50,4,1735.0,nM,8.0,,51887
4257,O09028,EC50,1,0.015,ug.mL-1,5.0,,125532
4257,P14867,Efficacy,1,-16.0,%,7.0,,30687
4257,P15431,EC50,1,0.015,ug.mL-1,5.0,,125532
4257,P18505,Efficacy,1,-16.0,%,7.0,,30687
4257,P18506,EC50,1,0.015,ug.mL-1,5.0,,125532
4257,P18507,Efficacy,1,-16.0,%,7.0,,30687
4257,P18508,EC50,1,0.015,ug.mL-1,5.0,,125532
4257,P19969,EC50,1,0.015,ug.mL-1,5.0,,125532
4257,P20236,EC50,1,0.015,ug.mL-1,5.0,,125532
4257,P23574,EC50,1,0.015,ug.mL-1,5.0,,125532
4257,P23576,EC50,1,0.015,ug.mL-1,5.0,,125532
4257,P28471,EC50,1,0.015,ug.mL-1,5.0,,125532
4257,P28473,EC50,1,0.015,ug.mL-1,5.0,,125532
4257,P30191,EC50,1,0.015,ug.mL-1,5.0,,125532
4257,P62813,EC50,1,0.015,ug.mL-1,5.0,,125532
4257,P63079,EC50,1,0.015,ug.mL-1,5.0,,125532
4257,P63138,EC50,1,0.015,ug.mL-1,5.0,,125532
4257,Q91ZM7,EC50,1,0.015,ug.mL-1,5.0,,125532
4257,Q9ES14,EC50,1,0.015,ug.mL-1,5.0,,125532
4264,O15303,IC50,1,74000.0,nM,9.0,4.13,48502
4264,P19490,IC50,9,214.0,nM,5.0,6.67,13063|13578|15959|2198|30370|30912|3702|4021|4478
4264,P19491,IC50,9,214.0,nM,5.0,6.67,13063|13578|15959|2198|30370|30912|3702|4021|4478
4264,P19492,IC50,9,214.0,nM,5.0,6.67,13063|13578|15959|2198|30370|30912|3702|4021|4478
4264,P19493,IC50,9,214.0,nM,5.0,6.67,13063|13578|15959|2198|30370|30912|3702|4021|4478
4264,P22756,IC50,3,90.0,nM,4.0,7.05,13063|13352|3687
4264,P23818,IC50,1,200.0,nM,5.0,6.7,31874
4264,P23819,IC50,1,200.0,nM,5.0,6.7,31874
4264,P35439,IC50,1,255000.0,nM,4.0,,13352
4264,P39086,IC50,3,37000.0,nM,9.0,4.43,30912|35225
4264,P42260,IC50,3,90.0,nM,4.0,7.05,13063|13352|3687
4264,P42261,IC50,1,6000.0,nM,9.0,5.22,30912
4264,P42262,IC50,2,2500.0,nM,9.0,5.6,30912|35225
4264,P42263,IC50,1,1900.0,nM,9.0,5.72,30912
4264,P42264,IC50,3,90.0,nM,4.0,7.05,13063|13352|3687
4264,P48058,IC50,1,1100.0,nM,9.0,5.96,30912
4264,Q00959,IC50,1,255000.0,nM,4.0,,13352
4264,Q00960,IC50,1,255000.0,nM,4.0,,13352
4264,Q00961,IC50,1,255000.0,nM,4.0,,13352
4264,Q01812,IC50,3,90.0,nM,4.0,7.05,13063|13352|3687
4264,Q13002,IC50,2,29000.0,nM,9.0,4.54,30912|35225
4264,Q62645,IC50,1,255000.0,nM,4.0,,13352
4264,Q63273,IC50,3,90.0,nM,4.0,7.05,13063|13352|3687
4264,Q8VHN2,IC50,1,255000.0,nM,4.0,,13352
4264,Q9R1M7,IC50,1,255000.0,nM,4.0,,13352
4264,Q9Z2W8,IC50,1,200.0,nM,5.0,6.7,31874
4264,Q9Z2W9,IC50,1,200.0,nM,5.0,6.7,31874
4265,K9N7C7,IC50,1,10000.0,nM,8.0,,115086
4265,P03070,IC50,1,21860.0,nM,9.0,,51887
4265,P07900,IC50,2,16311.6,nM,5.0,5.58,51887
4265,P08238,IC50,2,16311.6,nM,5.0,5.58,51887
4265,P09917,EC50,1,100.0,mg kg-1,8.0,,10917
4265,P09917,IC50,1,85.0,nM,8.0,7.07,10091
4265,P0DTD1,IC50,1,2590.0,nM,9.0,5.59,115086
4265,P11413,IC50,1,80000.0,nM,8.0,,51887
4265,P12527,IC50,2,2560.0,nM,8.5,6.109999999999999,10917|13358
4265,P25089,IC50,1,3034.18,nM,9.0,5.52,128647
4265,P32249,IC50,1,3634.82,nM,9.0,5.44,128647
4265,P35355,IC50,1,30000.0,nM,5.0,4.52,10917
4265,P38532,EC50,1,2319.0,nM,9.0,5.63,51887
4265,P61981,IC50,1,50000.0,nM,9.0,,51887
4265,Q63921,IC50,1,30000.0,nM,5.0,4.52,10917
4265,Q8IYL9,IC50,1,2334.32,nM,9.0,5.63,128647
4265,Q8TDV5,IC50,1,3545.26,nM,9.0,5.45,128647
4265,Q9BEG3,IC50,1,1000.0,nM,8.0,6.0,12143
4265,Q9BHT9,IC50,3,54900.0,nM,8.0,4.26,51887
4266,P49653,IC50,1,50000.0,nM,8.0,,16611
4266,P51575,IC50,1,210.0,nM,8.0,6.68,16611
4266,P56373,IC50,1,28500.0,nM,8.0,4.54,16611
4266,Q99571,IC50,1,100000.0,nM,8.0,,16611
427,P29274,EC50,1,50.0,nM,8.0,7.3,11517
4270,O15427,IC50,1,240000.0,nM,8.0,,64592
4279,P08183,IC50,1,17700.0,nM,8.0,4.75,64383
4279,P20648,IC50,3,280.0,nM,6.0,6.55,14257|9846
4279,P32247,EC50,1,14000.0,nM,8.0,4.85,45821
4279,P51164,IC50,3,280.0,nM,6.0,6.55,14257|9846
4279,Q07820,IC50,1,3144.81,nM,9.0,5.5,51887
4282,P35439,IC50,1,200.0,nM,5.0,6.7,11872
4282,Q00959,IC50,1,200.0,nM,5.0,6.7,11872
4282,Q00960,IC50,1,200.0,nM,5.0,6.7,11872
4282,Q00961,IC50,1,200.0,nM,5.0,6.7,11872
4282,Q62645,IC50,1,200.0,nM,5.0,6.7,11872
4282,Q8VHN2,IC50,1,200.0,nM,5.0,6.7,11872
4282,Q9R1M7,IC50,1,200.0,nM,5.0,6.7,11872
4285,O15427,IC50,1,41000.0,nM,8.0,4.39,64592
4285,P53987,IC50,1,28000.0,nM,8.0,4.55,64062
4285,Q63344,IC50,1,14000.0,nM,8.0,4.85,64062
4285,Q86UD5,IC50,1,90000.0,nM,9.0,4.05,124748
4287,P14867,EC50,1,40000.0,nM,7.0,4.4,4260
4287,P18507,EC50,6,33000.0,nM,7.0,4.58,4260
4287,P28472,EC50,6,33000.0,nM,7.0,4.58,4260
4287,P31644,EC50,1,20000.0,nM,7.0,4.7,4260
4287,P34903,EC50,1,65000.0,nM,7.0,4.19,4260
4287,P47869,EC50,1,26000.0,nM,7.0,4.58,4260
4287,P48169,EC50,1,200000.0,nM,7.0,,4260
4287,Q16445,EC50,1,20000.0,nM,7.0,4.7,4260
4288,P38532,EC50,1,195000.0,nM,9.0,,51887
4298,P49654,IC50,1,125.89,nM,9.0,6.9,46134
4298,P56373,IC50,1,1995.26,nM,7.0,5.7,46134
4298,Q9UBL9,IC50,1,1995.26,nM,7.0,5.7,46134
4299,P18508,Efficacy,3,-4.0,%,7.0,,50138
4299,P19969,Efficacy,1,-35.0,%,7.0,,50138
4299,P20236,Efficacy,1,2.0,%,9.0,,50138
4299,P23576,Efficacy,1,-4.0,%,7.0,,50138
4299,P62813,Efficacy,1,-3.0,%,7.0,,50138
4299,P63079,Efficacy,1,-35.0,%,7.0,,50138
4299,P63138,Efficacy,2,-3.5,%,7.0,,50138
4306,P03433,EC50,1,250000.0,nM,8.0,,62226
4306,Q4U2R8,IC50,1,280000.0,nM,8.0,,64121
4307,P03070,IC50,1,4870.0,nM,9.0,,51887
4307,P09917,IC50,1,50.0,nM,9.0,7.3,1175
4319,P03070,IC50,1,160.0,nM,9.0,,51887
4322,A2AMW3,EC50,1,335000.0,nM,5.0,,4929
4322,A2AMW3,Emax,1,252.0,,5.0,,4929
4322,P16305,EC50,1,335000.0,nM,5.0,,4929
4322,P16305,Emax,1,252.0,,5.0,,4929
4322,P22723,EC50,1,335000.0,nM,5.0,,4929
4322,P22723,Emax,1,252.0,,5.0,,4929
4322,P22933,EC50,1,335000.0,nM,5.0,,4929
4322,P22933,Emax,1,252.0,,5.0,,4929
4322,P23978,IC50,1,500000.0,nM,5.0,,7985
4322,P26048,EC50,1,335000.0,nM,5.0,,4929
4322,P26048,Emax,1,252.0,,5.0,,4929
4322,P26049,EC50,1,335000.0,nM,5.0,,4929
4322,P26049,Emax,1,252.0,,5.0,,4929
4322,P27681,EC50,1,335000.0,nM,5.0,,4929
4322,P27681,Emax,1,252.0,,5.0,,4929
4322,P31646,IC50,1,500000.0,nM,5.0,,7985
4322,P31647,IC50,1,500000.0,nM,5.0,,7985
4322,P48056,IC50,1,500000.0,nM,5.0,,7985
4322,P50571,EC50,1,335000.0,nM,5.0,,4929
4322,P50571,Emax,1,252.0,,5.0,,4929
4322,P62812,EC50,1,335000.0,nM,5.0,,4929
4322,P62812,Emax,1,252.0,,5.0,,4929
4322,P63080,EC50,1,335000.0,nM,5.0,,4929
4322,P63080,Emax,1,252.0,,5.0,,4929
4322,Q8BHJ7,EC50,1,335000.0,nM,5.0,,4929
4322,Q8BHJ7,Emax,1,252.0,,5.0,,4929
4322,Q8QZW7,EC50,1,335000.0,nM,5.0,,4929
4322,Q8QZW7,Emax,1,252.0,,5.0,,4929
4322,Q9D6F4,EC50,1,335000.0,nM,5.0,,4929
4322,Q9D6F4,Emax,1,252.0,,5.0,,4929
4322,Q9JLF1,EC50,1,335000.0,nM,5.0,,4929
4322,Q9JLF1,Emax,1,252.0,,5.0,,4929
4322,Q9R0Y8,EC50,1,335000.0,nM,5.0,,4929
4322,Q9R0Y8,Emax,1,252.0,,5.0,,4929
4327,P14867,Efficacy,1,1.0,%,7.0,,30553
4327,P18507,Efficacy,3,6.0,%,7.0,,30553
4327,P28472,Efficacy,3,6.0,%,7.0,,30553
4327,P31644,Efficacy,1,6.0,%,7.0,,30553
4327,P34903,Efficacy,1,33.0,%,7.0,,30553
4328,O75899,EC50,1,500000.0,nM,7.0,,55647
4328,O88871,EC50,1,500000.0,nM,7.0,,1778
4328,P24046,IC50,1,2220.0,nM,9.0,5.65,55647
4328,P28476,IC50,1,22090.0,nM,9.0,4.66,55647
4328,Q9UBS5,EC50,2,500000.0,nM,8.0,,44425|55647
4328,Q9Z0U4,EC50,1,500000.0,nM,7.0,,1778
4329,O60674,IC50,1,4613.0,nM,9.0,5.34,51887
4329,P38532,EC50,1,195000.0,nM,9.0,,51887
4333,P19490,IC50,2,106000.0,nM,5.0,,30370|30912
4333,P19491,IC50,2,106000.0,nM,5.0,,30370|30912
4333,P19492,IC50,2,106000.0,nM,5.0,,30370|30912
4333,P19493,IC50,2,106000.0,nM,5.0,,30370|30912
4333,P42262,IC50,1,300000.0,nM,9.0,,35225
4333,Q13002,IC50,1,300000.0,nM,9.0,,35225
4335,P13569,EC50,1,3500.0,nM,8.0,5.46,43868
4339,O75762,EC50,1,24500.0,nM,9.0,4.61,51267
4350,P32249,EC50,2,0.08600000000000001,nM,9.0,10.17,118950
4350,P32249,Emax,1,100.0,%,9.0,,118950
4350,Q3U6B2,EC50,1,0.702,nM,9.0,9.15,118950
4350,Q3U6B2,Emax,1,100.0,%,9.0,,118950
4351,P32249,EC50,1,104.88,nM,9.0,6.98,128647
4355,P32249,EC50,1,2.1,nM,9.0,8.68,118950
4357,Q4U2R8,IC50,4,9850.0,nM,8.0,5.02,64084|64121|64324|64659
4357,Q5RLM2,IC50,1,977000.0,nM,8.0,,64084
4357,Q63089,IC50,1,1640000.0,nM,8.0,,64843
4357,Q8TCC7,IC50,1,4930.0,nM,8.0,5.31,64084
4357,Q9NSA0,IC50,1,25400.0,nM,8.0,4.59,64084
4357,Q9R0W2,IC50,1,1700000.0,nM,8.0,,64843
4357,Q9R1U7,IC50,1,6030.0,nM,8.0,5.22,64084
4357,Q9Y694,IC50,1,668000.0,nM,8.0,,64084
4448,Q03431,EC50,3,1.0,nM,8.0,9.0,108307|51289
4460,O43613,IC50,1,11.0,nM,9.0,7.96,98454
4460,O43614,IC50,1,11.0,nM,9.0,7.96,98454
448,P0DMS8,EC50,1,36.31,nM,9.0,7.44,123793
448,P0DMS8,IC50,2,3.64886,nM,9.0,9.075,122967|66532
448,P30542,EC50,1,47.86,nM,9.0,7.32,123793
448,P30542,IC50,1,47.86,nM,9.0,7.32,122967
4488,Q13936,IC50,1,2.2,nM,9.0,8.66,91874
4493,Q9GZV3,IC50,2,211.28,nM,8.0,,51887
4496,P48029,EC50,1,5000.0,nM,9.0,5.3,124734
45,P28221,EC50,1,1.6,nM,8.0,8.8,15315
45,P28221,Emax,1,100.0,%,8.0,,15315
4501,P52732,IC50,1,63000.0,nM,8.0,,36791
4505,Q14973,IC50,1,7300.0,nM,8.0,5.14,64025
4505,Q9Y6L6,IC50,1,50.0,nM,8.0,7.3,64126
4536,P11166,EC50,1,527000.0,nM,9.0,,124742
4536,P11168,EC50,1,527000.0,nM,9.0,,124743
4536,P11169,EC50,1,900000.0,nM,9.0,,124745
4536,P14672,EC50,1,860000.0,nM,9.0,,124744
4539,Q9H255,EC50,1,23.0,nM,9.0,7.64,114716
4544,O15439,IC50,1,400000.0,nM,8.0,,64831
4544,P10520,EC50,2,150000.0,nM,8.0,,51887
4544,Q8TDU6,EC50,1,13600.0,nM,9.0,4.87,39106
4544,Q8TDU6,Efficacy,1,103.0,%,9.0,,39106
4545,Q8TDU6,EC50,1,3880.0,nM,9.0,5.41,39106
4545,Q8TDU6,Efficacy,1,105.0,%,9.0,,39106
4548,O15439,IC50,1,20000.0,nM,8.0,4.7,64831
4548,O95342,IC50,1,189200.0,nM,8.0,,64449
4548,Q8TDU6,EC50,4,588.5,nM,9.0,6.275,112061|119418|39106
4548,Q8TDU6,Efficacy,2,93.0,%,9.0,,112061|39106
4551,O08966,IC50,1,55000.0,nM,8.0,4.26,64765
4551,O70577,IC50,1,217000.0,nM,8.0,,64765
4551,Q63089,IC50,2,925000.0,nM,8.0,,64257|64786
4551,Q9R0W2,IC50,2,804500.0,nM,8.0,,64257|64786
4557,P29274,EC50,1,100000.0,nM,8.0,,11517
4558,P08183,IC50,2,458300.0,nM,8.0,,64447
4559,Q16348,EC50,1,28000.0,nM,9.0,4.55,124749
456,P11940,IC50,2,50900.0,nM,8.0,4.45,51887
4564,P23978,IC50,1,6000.0,nM,5.0,5.22,7503
4564,P31646,IC50,1,6000.0,nM,5.0,5.22,7503
4564,P31647,IC50,1,6000.0,nM,5.0,5.22,7503
4564,P48056,IC50,1,6000.0,nM,5.0,5.22,7503
457,P0DMS8,EC50,4,2.005,nM,9.0,8.735,113352|121538|16675|38563
457,P0DMS8,Efficacy,1,100.0,%,9.0,,44562
457,P0DMS8,Emax,2,65.85,%,9.0,,113352|90277
457,P0DMS8,IC50,2,1.705,nM,9.0,8.79,21150|90277
457,Q61618,EC50,2,0.305,nM,9.0,9.58,74244|99085
457,Q61618,Emax,2,33.5,%,9.0,,74244|99085
4570,O95342,IC50,2,109350.0,nM,8.0,4.91,64449
4570,Q9Y6L6,IC50,1,230.0,nM,8.0,6.64,64358
4574,Q923Y9,EC50,1,1700.0,nM,9.0,5.77,60421
4585,Q9NQS5,EC50,1,100000.0,nM,9.0,,111475
4585,Q9NQS5,Emax,1,36.0,%,9.0,,111475
4590,Q99808,IC50,1,5.3,nM,9.0,8.28,124727
4609,P43003,IC50,1,6300.0,nM,9.0,5.2,124756
4617,Q13936,IC50,1,3600.0,nM,8.0,5.44,94011
463,P08183,EC50,1,60.0,nM,8.0,7.22,14642
4630,C4YTQ8,EC50,1,150000.0,nM,8.0,,51887
4630,O39930,EC50,1,46000.0,nM,9.0,,17817
4630,O39930,IC50,1,22000.0,nM,9.0,4.66,17817
4630,P32897,IC50,1,14000.0,nM,9.0,4.85,51887
4630,Q7Z1V1,IC50,1,100000.0,nM,8.0,,91867
4642,P55055,IC50,1,100000.0,nM,9.0,,39292
4642,Q13133,IC50,1,100000.0,nM,9.0,,39292
4665,P38532,EC50,1,195000.0,nM,9.0,,51887
4665,P55011,IC50,2,25280.0,nM,8.0,6.25,51887|62541
4665,Q9H2X9,IC50,2,564.0,nM,8.0,6.25,51887|62541
4671,P28223,EC50,3,1.9,nM,9.0,8.72,93259|98467
4671,P28335,EC50,2,0.1994,nM,9.0,9.7,98467
4671,P41595,EC50,2,1.1440000000000001,nM,9.0,8.945,98467
4671,Q62758,EC50,1,9.772,nM,8.0,8.01,567
4672,Q92887,IC50,1,58000.0,nM,8.0,4.24,64571
4687,O15439,IC50,1,30000.0,nM,8.0,4.52,64831
4687,Q63120,IC50,1,13300.0,nM,8.0,4.88,64661
4690,Q9NRM0,EC50,2,1000000.0,nM,9.0,,124732
4705,P30531,IC50,1,130.0,nM,8.0,6.89,1699
4705,P31646,IC50,1,550000.0,nM,8.0,,1699
4705,P48065,IC50,1,7210000.0,nM,8.0,,1699
4705,P48066,IC50,1,944000.0,nM,8.0,,1699
4708,O15303,EC50,1,1000000.0,nM,8.0,,13507
4708,P31423,EC50,1,100000.0,nM,9.0,,21632
4708,P43003,EC50,1,1000000.0,nM,9.0,,124756
4708,Q13255,EC50,1,1000000.0,nM,8.0,,13507
4708,Q14416,EC50,1,1000000.0,nM,8.0,,13507
4710,O14842,EC50,1,4620.0,nM,9.0,5.33,97940
4714,Q8TDU6,EC50,1,1180.0,nM,9.0,5.93,39106
4714,Q8TDU6,Efficacy,1,105.0,%,9.0,,39106
4715,Q8TDU6,EC50,1,33900.0,nM,9.0,4.47,39106
4715,Q8TDU6,Efficacy,1,91.0,%,9.0,,39106
4717,O15439,IC50,1,20000.0,nM,8.0,4.7,64497
4717,O15440,IC50,1,50000.0,nM,8.0,,64497
4717,Q99808,IC50,1,0.1,nM,9.0,10.0,124727
4718,P04183,IC50,2,250900.0,nM,8.0,5.75,16625
4724,P38532,EC50,1,195000.0,nM,9.0,,51887
4727,P23978,IC50,1,160000.0,nM,5.0,,7985
4727,P31646,IC50,1,160000.0,nM,5.0,,7985
4727,P31647,IC50,1,160000.0,nM,5.0,,7985
4727,P48056,IC50,1,160000.0,nM,5.0,,7985
4728,O61059,IC50,1,12000.0,nM,9.0,,91873
4728,O77239,IC50,1,1000.0,nM,9.0,,84179
4728,O96214,IC50,1,1000.0,nM,9.0,,84179
4728,O97467,IC50,1,12000.0,nM,8.0,,91873
4728,P11166,IC50,1,12000.0,nM,8.0,,91873
4728,P62344,IC50,1,1000.0,nM,9.0,,84179
4728,Q25917,IC50,1,1000.0,nM,9.0,,84179
4728,Q8I5R7,IC50,1,2500.0,nM,8.0,,84179
4728,Q8IBS5,IC50,1,1000.0,nM,8.0,,84179
4728,Q8IDJ8,IC50,1,2500.0,nM,8.0,,84179
4731,Q9NRM0,EC50,1,300000.0,nM,9.0,,124732
4737,Q7Z1V1,IC50,1,100000.0,nM,8.0,,91867
4738,P61088,IC50,4,7678.5,nM,9.0,5.119999999999999,51887
4738,Q07440,IC50,2,20000.0,nM,9.0,,51887
4743,O15439,IC50,1,20000.0,nM,8.0,4.7,64497
4743,O15440,IC50,1,80000.0,nM,8.0,4.1,64497
4743,O76074,EC50,2,25.35,nM,8.0,7.720000000000001,16003|16345
4743,P15382,IC50,2,278298.245,nM,6.0,,91843
4743,P51787,IC50,2,278298.245,nM,6.0,,91843
4743,Q12809,IC50,4,100000.0,nM,8.0,4.0,16592|91843
4743,Q13936,IC50,1,100000.0,nM,8.0,4.0,91843
4743,Q14524,IC50,2,880056.32,nM,8.5,,91843
4743,Q9UK17,IC50,1,501187.23,nM,8.0,,91843
4746,Q8TDU6,EC50,3,50500.0,nM,9.0,4.41,39106|97304
4746,Q8TDU6,Efficacy,1,97.0,%,9.0,,39106
4747,O15439,IC50,1,55000.0,nM,8.0,4.26,64831
4747,Q8TDU6,EC50,3,2300.0,nM,9.0,5.64,39106|97304
4747,Q8TDU6,Efficacy,1,103.0,%,9.0,,39106
4755,P38532,EC50,1,3057.0,nM,9.0,5.51,51887
4782,P43003,EC50,1,376000.0,nM,9.0,,124754
4782,P43005,EC50,1,161000.0,nM,9.0,,124740
4782,P52732,IC50,1,63000.0,nM,8.0,,36791
4783,Q63089,IC50,1,4470000.0,nM,8.0,,64843
4783,Q9R0W2,IC50,1,171000.0,nM,8.0,,64843
4784,P24046,IC50,1,12900.0,nM,9.0,4.89,44425
4787,P00519,IC50,2,266.195,nM,4.0,6.28,51887
4787,P14735,EC50,1,2373.0,nM,8.0,5.62,51887
4787,Q13671,IC50,2,266.195,nM,4.0,6.28,51887
4787,Q194T2,IC50,1,200.0,nM,8.0,,51887
4787,Q26513,IC50,1,850.0,nM,8.0,,51887
479,B0FL73,EC50,3,260.0,nM,9.0,6.58,13061|9549
479,P07550,EC50,1,615.46,nM,9.0,6.21,128647
479,P08588,EC50,1,290.0,nM,9.0,6.54,113671
479,P08913,EC50,2,152.813,nM,7.0,7.385,128647|9549
479,P10608,EC50,2,230.0,nM,4.5,6.64,12123|9549
479,P13945,EC50,2,40.0,nM,9.0,7.41,39201
479,P15823,EC50,2,52036.5,nM,4.0,5.39,13061
479,P18089,EC50,1,300.0,nM,5.0,6.52,9549
479,P18090,EC50,2,230.0,nM,4.5,6.64,12123|9549
479,P18825,EC50,1,300.0,nM,5.0,6.52,9549
479,P23944,EC50,2,52036.5,nM,4.0,5.39,13061
479,P26255,EC50,2,230.0,nM,4.5,6.64,12123|9549
479,P35348,EC50,1,400.0,nM,8.0,6.4,9549
479,P35368,EC50,1,75.0,nM,9.0,7.12,113671
479,P43140,EC50,2,52036.5,nM,4.0,5.39,13061
479,Q8K4Z4,EC50,2,225.5,nM,9.0,7.09,13061
4790,O60840,IC50,1,3900.0,nM,4.0,5.41,91875
4790,P08183,IC50,1,29800.0,nM,8.0,4.53,64641
4790,P31652,IC50,1,6.43,nM,9.0,8.19,14338
4790,P50406,IC50,1,7.0,nM,9.0,8.15,130065
4790,P51577,IC50,1,2450.0,nM,9.0,5.61,66651
4790,Q01668,IC50,1,3900.0,nM,4.0,5.41,91875
4790,Q13698,IC50,1,3900.0,nM,4.0,5.41,91875
4790,Q13936,IC50,1,3900.0,nM,4.0,5.41,91875
4790,Q99571,IC50,1,1870.0,nM,9.0,5.73,66651
4792,P18901,IC50,1,48.0,nM,4.0,7.32,8003
4792,P19020,IC50,1,48.0,nM,4.0,7.32,8003
4792,P23977,IC50,2,229.0,nM,8.0,6.855,8122|8460
4792,P25115,IC50,1,48.0,nM,4.0,7.32,8003
4792,P30729,IC50,1,48.0,nM,4.0,7.32,8003
4792,P31652,IC50,3,830.0,nM,9.0,6.08,8003|8122|8460
4792,P61169,IC50,1,48.0,nM,4.0,7.32,8003
4792,Q9WTR4,IC50,3,6.6,nM,8.0,8.18,8003|8122|8460
4795,O35956,IC50,1,500.0,nM,8.0,6.3,64259
4795,P23219,IC50,1,2.0,nM,8.0,8.7,5314
4795,P35354,IC50,1,26.0,nM,8.0,7.58,5314
4795,Q4U2R8,IC50,2,1350.0,nM,8.0,5.869999999999999,64121|64324
4796,P10520,EC50,1,60.0,nM,8.0,,51887
4798,P08183,IC50,1,31800.0,nM,8.0,4.5,64641
4798,P22002,IC50,2,2455.0,nM,9.0,5.609999999999999,91874|94011
4798,P23977,IC50,2,810.0,nM,8.0,6.195,8122
4798,P31652,IC50,2,260.0,nM,9.0,6.779999999999999,8122
4798,Q9WTR4,IC50,2,750.0,nM,8.0,6.22,8122
48,P18901,IC50,3,4.1,nM,4.0,8.39,8018
48,P19020,EC50,1,4.31,nM,5.0,8.37,69748
48,P19020,Emax,1,40.7,%,5.0,,69748
48,P19020,IC50,3,4.1,nM,4.0,8.39,8018
48,P25115,IC50,3,4.1,nM,4.0,8.39,8018
48,P30729,IC50,3,4.1,nM,4.0,8.39,8018
48,P61169,EC50,2,6.085,nM,7.0,8.239999999999998,69748
48,P61169,Emax,2,35.45,%,7.0,,69748
48,P61169,IC50,3,4.1,nM,4.0,8.39,8018
480,O02824,Efficacy,1,88.0,%,9.0,,17569
480,P15823,EC50,1,316.23,nM,8.0,6.5,13638
480,P15823,Efficacy,1,91.0,%,9.0,,17569
480,P15823,Emax,1,73.0,%,9.0,,13638
480,P23944,EC50,1,2570.4,nM,8.0,5.59,13638
480,P23944,Efficacy,1,100.0,%,8.0,,17569
480,P23944,Emax,1,100.0,%,9.0,,13638
480,P35348,EC50,1,21.88,nM,8.0,7.66,13638
480,P35348,Emax,1,91.0,%,8.0,,13638
480,P43140,EC50,1,5.754,nM,8.0,8.24,13638
480,P43140,Emax,1,108.0,%,9.0,,13638
4800,P10520,EC50,2,76996.0,nM,8.0,5.4,51887
4800,P13922,IC50,5,41700.0,nM,8.0,4.445,16871|17662
4800,P24666,IC50,2,24700.0,nM,9.0,,51887
4800,Q5QD14,EC50,1,10000.0,nM,9.0,,103623
4800,Q9Y2R2,IC50,1,80000.0,nM,9.0,,51887
4801,P10520,EC50,1,689.0,nM,8.0,6.16,51887
4802,P24387,EC50,1,53000.0,nM,6.0,,51887
4802,P24387,IC50,1,47100.0,nM,6.0,,51887
4802,Q13324,EC50,1,53000.0,nM,6.0,,51887
4802,Q13324,IC50,1,47100.0,nM,6.0,,51887
4804,O88446,IC50,1,42000.0,nM,8.0,4.38,64218
4806,O39930,EC50,1,50000.0,nM,9.0,,17817
4806,O39930,IC50,1,50000.0,nM,9.0,4.3,17817
4807,O15439,IC50,1,2000.0,nM,8.0,5.7,64497
4807,O15440,IC50,1,30000.0,nM,8.0,4.52,64497
4807,P07900,IC50,1,21068.2,nM,5.0,4.68,51887
4807,P08183,IC50,3,23700.0,nM,8.0,4.62,64447
4807,P08238,IC50,1,21068.2,nM,5.0,4.68,51887
4807,Q99808,IC50,1,8.1,nM,9.0,8.09,124727
481,P08913,EC50,1,10000.0,nM,8.0,,16433
481,P18825,EC50,1,1995.26,nM,8.0,5.7,16433
481,P25100,EC50,2,100000.0,nM,8.0,,16433|5303
481,P35348,EC50,2,237.36,nM,8.0,6.65,16433|5303
481,P35368,EC50,2,100000.0,nM,8.0,,16433|5303
4810,Q4U2R8,IC50,2,67900.0,nM,8.0,5.06,64121|64659
4810,Q63089,IC50,1,1300000.0,nM,8.0,,64843
4810,Q9R0W2,IC50,1,4500000.0,nM,8.0,,64843
4811,O08966,IC50,1,3900.0,nM,8.0,5.41,64765
4811,O60840,IC50,1,389500.0,nM,4.0,,91875
4811,O70577,IC50,1,312000.0,nM,8.0,,64765
4811,Q01668,IC50,1,389500.0,nM,4.0,,91875
4811,Q13698,IC50,1,389500.0,nM,4.0,,91875
4811,Q13936,IC50,1,389500.0,nM,4.0,,91875
4811,Q63089,IC50,3,7700.0,nM,8.0,5.11,64651|64817
4811,Q9R0W2,IC50,4,191000.0,nM,8.0,4.05,64651|64817|64843
4811,Q9R141,IC50,1,1000000.0,nM,8.0,,64217
4813,O60840,IC50,1,1900.0,nM,4.0,5.72,91875
4813,P06795,IC50,2,50000.0,nM,8.0,,17494
4813,P08183,IC50,4,9250.0,nM,8.0,5.055,17494|64441
4813,P21447,IC50,2,50000.0,nM,8.0,,17494
4813,P88142,IC50,1,0.5,nM,9.0,9.3,11908
4813,Q01668,IC50,1,1900.0,nM,4.0,5.72,91875
4813,Q13698,IC50,1,1900.0,nM,4.0,5.72,91875
4813,Q13936,IC50,1,1900.0,nM,4.0,5.72,91875
4813,Q63089,IC50,1,8260.0,nM,8.0,5.08,64724
4813,Q9UNQ0,IC50,1,19500.0,nM,8.0,4.71,64298
4817,P46059,IC50,2,475000.0,nM,8.0,,64741
4817,Q16348,IC50,1,610000.0,nM,8.0,,64741
4819,Q12809,IC50,2,21474.809999999998,nM,9.0,4.67,16592|20904
4823,O95342,IC50,1,10200.0,nM,8.0,4.99,64449
4823,P08183,IC50,7,2600.0,nM,8.0,5.58,64447
4823,P54219,IC50,1,50.0,nM,9.0,7.3,124728
4823,Q05940,IC50,1,15.5,nM,9.0,7.81,124750
4824,P46059,IC50,3,1100000.0,nM,8.0,,64510
4825,Q72547,EC50,9,3.0,nM,9.0,8.52,12647|15438|15722|31411|4587
4826,P42224,IC50,1,55700.0,nM,9.0,,51887
4826,Q13887,IC50,1,164.55,nM,9.0,6.78,51887
4827,P06492,IC50,1,16247.0,nM,8.0,4.79,51887
4827,Q15788,IC50,1,25587.0,nM,8.0,4.59,51887
4827,Q9Y6Q9,IC50,1,7533.0,nM,8.0,5.12,51887
4828,P61073,EC50,1,88.0,nM,8.0,7.06,4319
4828,Q72547,EC50,1,31.0,nM,9.0,7.51,15438
483,P35348,EC50,1,720.0,nM,8.0,6.14,7262
4830,P46059,IC50,2,15150000.0,nM,8.0,,64510|64514
4830,Q4U2R8,IC50,1,1600000.0,nM,8.0,,64121
4831,O35956,IC50,1,2000000.0,nM,8.0,,64697
4831,P46059,IC50,2,3135000.0,nM,8.0,,64741
4831,Q16348,IC50,1,66000.0,nM,8.0,4.18,64741
4831,Q9R1U7,IC50,1,1780000.0,nM,8.0,,64697
4832,O35956,IC50,1,2000000.0,nM,8.0,,64697
4832,P46059,IC50,2,9450000.0,nM,8.0,,64514|64667
4832,Q9R1U7,IC50,1,630000.0,nM,8.0,,64697
4833,Q72547,IC50,2,6260.0,nM,9.0,5.21,6414
4834,P54219,IC50,1,10000.0,nM,9.0,,124728
4834,Q05940,IC50,1,19.8,nM,9.0,7.7,124750
4836,P38532,EC50,1,195000.0,nM,9.0,,51887
4839,Q14973,IC50,1,15000.0,nM,8.0,4.82,64025
484,P10608,EC50,1,5000.0,nM,5.0,5.3,82901
484,P15823,EC50,1,5000.0,nM,5.0,5.3,82901
484,P18090,EC50,1,5000.0,nM,5.0,5.3,82901
484,P19328,EC50,1,5000.0,nM,5.0,5.3,82901
484,P22086,EC50,1,5000.0,nM,5.0,5.3,82901
484,P22909,EC50,1,5000.0,nM,5.0,5.3,82901
484,P23944,EC50,1,5000.0,nM,5.0,5.3,82901
484,P26255,EC50,1,5000.0,nM,5.0,5.3,82901
484,P43140,EC50,1,5000.0,nM,5.0,5.3,82901
484,Q96RJ0,EC50,1,12200.0,nM,9.0,4.91,121679
484,Q96RJ0,Emax,1,99.0,%,9.0,,121679
4842,P30556,IC50,1,40000.0,nM,9.0,,51887
4842,Q8VNN2,EC50,1,40000.0,nM,8.0,,51887
4844,P03070,IC50,1,2100.0,nM,9.0,,51887
4844,P24387,EC50,1,53000.0,nM,6.0,,51887
4844,P24387,IC50,1,47100.0,nM,6.0,,51887
4844,Q13324,EC50,1,53000.0,nM,6.0,,51887
4844,Q13324,IC50,1,47100.0,nM,6.0,,51887
4844,Q194T2,IC50,1,2701.0,nM,8.0,,51887
485,G3HDX1,EC50,1,10.0,nM,8.0,8.0,102394
485,G3HDX1,Emax,1,110.0,%,8.0,,102394
485,P07550,EC50,1,6000.0,nM,4.0,5.22,7678
485,P08588,EC50,1,6000.0,nM,4.0,5.22,7678
485,P08913,EC50,2,391.325,nM,9.0,6.415,102394|128647
485,P08913,Emax,1,94.0,%,9.0,,102394
485,P13945,EC50,1,6000.0,nM,4.0,5.22,7678
485,P15823,EC50,1,10964.78,nM,8.0,4.96,13638
485,P15823,Emax,1,100.0,%,9.0,,13638
485,P18130,EC50,1,9.0,nM,9.0,8.05,102394
485,P18130,Emax,1,110.0,%,9.0,,102394
485,P18825,EC50,1,340.0,nM,9.0,6.47,102394
485,P18825,Emax,1,87.0,%,9.0,,102394
485,P23944,EC50,1,154.88,nM,8.0,6.81,13638
485,P23944,Emax,1,100.0,%,9.0,,13638
485,P35348,EC50,1,2951.21,nM,8.0,5.53,13638
485,P35348,Emax,1,100.0,%,8.0,,13638
485,P35368,EC50,1,0.86,nM,9.0,9.07,101401
485,P43140,EC50,1,1659.59,nM,8.0,5.78,13638
485,P43140,Emax,1,100.0,%,9.0,,13638
485,Q8IYL9,IC50,1,10000.0,nM,9.0,,128647
4862,Q01279,IC50,1,100.0,nM,9.0,,15355
487,P07550,IC50,1,10000.0,nM,9.0,,128647
487,P08172,IC50,1,4407.27,nM,9.0,5.36,128647
487,P21453,IC50,1,2835.64,nM,9.0,5.55,128647
487,P21462,IC50,1,3845.15,nM,9.0,5.42,128647
487,P25089,IC50,1,3436.23,nM,9.0,5.46,128647
487,P32249,IC50,1,3249.81,nM,9.0,5.49,128647
487,P35414,IC50,1,4007.71,nM,9.0,5.4,128647
487,Q8IYL9,IC50,1,3081.4,nM,9.0,5.51,128647
487,Q8TDV5,IC50,1,3437.79,nM,9.0,5.46,128647
487,Q9HC97,IC50,1,3743.05,nM,9.0,5.43,128647
488,P25100,IC50,2,0.7749999999999999,nM,9.0,9.335,101221|119932
488,P35348,IC50,2,1.26,nM,9.0,9.075,101221|119932
488,P35368,IC50,1,4.2,nM,9.0,8.38,119932
4903,Q9UM73,IC50,4,365.5,nM,9.0,6.59,77121
4920,P00533,IC50,1,19.3,nM,9.0,7.71,30719
4920,P04626,IC50,2,9409.5,nM,9.0,5.625,30719|5126
493,P07550,IC50,1,214.13,nM,9.0,6.67,128647
493,P15382,IC50,1,251188.64,nM,6.0,,91843
493,P25100,IC50,2,16.8,nM,9.0,7.879999999999999,101221|99346
493,P35348,IC50,2,1.85,nM,9.0,8.73,101221|99346
493,P35368,IC50,1,541.4,nM,9.0,6.27,99346
493,P51787,IC50,1,251188.64,nM,6.0,,91843
493,Q12809,IC50,2,16531.07,nM,8.0,4.85,91843
493,Q13936,IC50,1,794328.23,nM,8.0,,91843
493,Q14524,IC50,1,63095.73,nM,8.0,4.2,91843
493,Q9UK17,IC50,1,316227.77,nM,8.0,,91843
4941,P00533,IC50,3,54.0,nM,9.0,7.27,30719|31147|31759
4941,P04626,IC50,2,1101.5,nM,9.0,6.005,30719|5126
4941,Q9UNQ0,IC50,1,400.0,nM,8.0,6.4,64378
499,P35348,IC50,2,1.0,nM,9.0,9.0,83796|91325
5,O70528,EC50,3,5.0,nM,9.0,8.3,14290|62719|809
5,O88446,IC50,1,97000.0,nM,8.0,4.01,64218
5,P08908,EC50,27,18.0,nM,9.0,7.75,106209|108294|108877|110137|113446|11574|117334|118568|118638|120296|124112|126504|1375|17296|30566|31006|36689|48430|49901|72437|89590|92810
5,P08908,Emax,12,100.0,%,9.0,,106209|108294|118568|124112|126504|17296|49901|72437
5,P08909,EC50,1,2.8,nM,9.0,8.55,30538
5,P08909,Emax,1,94.0,%,9.0,,30538
5,P14416,IC50,1,0.0003,nM,8.0,,8528
5,P14842,EC50,3,57.9,nM,9.0,7.24,17200|30538
5,P14842,Emax,1,99.0,%,9.0,,30538
5,P19327,EC50,2,166.5,nM,8.5,7.245,12438|43958
5,P19327,Emax,1,100.0,%,9.0,,43958
5,P23979,EC50,14,22450.0,nM,9.0,4.76,48107
5,P28222,EC50,2,4.745,nM,8.5,8.325,13729|2598
5,P28223,EC50,27,2.6,nM,9.0,8.59,110137|115677|117728|118638|123172|126504|127116|127468|127609|128945|38139|39082|46215|61824|6857|72405|73897|91487
5,P28223,Emax,10,100.0,%,9.0,,117728|123172|126504|127116|127468|127609|39082|46215|91487
5,P28335,EC50,26,0.27835,nM,9.0,9.57,104494|111965|113353|117728|127468|128945|38139|39082|46215|48846|61514|61824|6857|72405|73897|91487
5,P28335,Emax,8,100.0,%,9.0,,111965|117728|127468|39082|46215|48846|91487
5,P28565,EC50,1,5.2,nM,8.0,8.28,12438
5,P30939,EC50,1,7.9,nM,8.0,8.1,16209
5,P30939,Emax,1,100.0,%,8.0,,16209
5,P30994,EC50,1,3.5,nM,9.0,8.46,30538
5,P34969,EC50,13,15.0,nM,9.0,7.82,101792|108294|108430|116610|120296|121796|46274|90627
5,P34969,Emax,3,100.0,%,9.0,,108294|121796
5,P35363,EC50,2,0.5274000000000001,nM,9.0,9.28,115677
5,P35563,EC50,1,12000.0,nM,9.0,4.92,6769
5,P41595,EC50,16,1.3519999999999999,nM,9.0,8.870000000000001,108877|117318|117728|126504|127468|38139|39082|46215|48846|61824|6857|73897|91487
5,P41595,Emax,7,100.0,%,9.0,,117728|126504|127468|39082|46215|48846|91487
5,P46098,EC50,4,317.54499999999996,nM,9.0,6.545,36679|54714
5,P50406,EC50,3,42.1,nM,9.0,7.38,110137|118638|130733
5,P50406,Emax,4,100.0,%,9.0,,112045|120424|130733
5,Q13639,EC50,2,56.0,nM,8.5,7.46,39445|46295
5,Q60484,EC50,1,5.2,nM,9.0,8.28,11574
5,Q62758,EC50,2,11.705,nM,8.0,7.984999999999999,1946|670
5,Q62758,IC50,1,3.7,nM,8.0,8.43,809
5,Q96RJ0,EC50,1,35100.0,nM,9.0,4.46,121679
5,Q96RJ0,Emax,1,75.0,%,9.0,,121679
50,O35505,IC50,2,10400.0,nM,9.0,4.98,91842|91874
50,P11229,EC50,1,10000.0,nM,9.0,,120319
50,P11229,Emax,1,5.0,%,9.0,,120319
50,Q12809,IC50,1,5800.0,nM,8.0,5.24,91842
50,Q14524,IC50,1,16900.0,nM,9.0,4.77,91842
5003,Q9NR97,EC50,1,270000.0,nM,9.0,,67099
5003,Q9NYK1,EC50,2,7110.0,nM,9.0,5.295,51382|67099
502,P15823,EC50,1,1000.0,nM,4.0,,7871
502,P19328,EC50,1,1000.0,nM,4.0,,7871
502,P22086,EC50,1,1000.0,nM,4.0,,7871
502,P22909,EC50,1,1000.0,nM,4.0,,7871
502,P23944,EC50,1,1000.0,nM,4.0,,7871
502,P35367,IC50,1,316227.77,nM,9.0,,65840
502,P38532,EC50,1,195000.0,nM,9.0,,51887
502,P43140,EC50,1,1000.0,nM,4.0,,7871
5037,P11362,IC50,3,15.0,nM,5.0,7.82,21341
5037,P17948,IC50,1,190.0,nM,5.0,6.72,21341
5037,P20786,IC50,1,17000.0,nM,5.0,4.77,21341
5037,P21802,IC50,3,15.0,nM,5.0,7.82,21341
5037,P22455,IC50,3,15.0,nM,5.0,7.82,21341
5037,P22607,IC50,3,15.0,nM,5.0,7.82,21341
5037,P35916,IC50,1,190.0,nM,5.0,6.72,21341
5037,P35968,IC50,1,190.0,nM,5.0,6.72,21341
5037,Q05030,IC50,1,17000.0,nM,5.0,4.77,21341
505,B0FL73,EC50,3,350.0,nM,9.0,6.46,13061|9549
505,O88446,IC50,1,434000.0,nM,8.0,,64218
505,P07550,EC50,1,2600.0,nM,4.0,5.58,7678
505,P08588,EC50,1,2600.0,nM,4.0,5.58,7678
505,P08913,EC50,9,199.53,nM,9.0,6.7,128852|35267|36601|43823|49060|54671|60546|89521|99129
505,P08913,Emax,1,100.0,%,9.0,,60546
505,P10608,EC50,1,52.0,nM,5.0,7.28,12123
505,P13945,EC50,3,6.3,nM,9.0,8.2,39201|7678
505,P14416,IC50,1,8e-05,nM,8.0,,8528
505,P15823,EC50,5,10232.93,nM,4.0,4.99,13061|13638
505,P15823,Emax,1,215.0,%,9.0,,13638
505,P18089,EC50,5,61.66,nM,9.0,7.21,128852|35267|36601|43823|99129
505,P18090,EC50,1,52.0,nM,5.0,7.28,12123
505,P18825,EC50,6,794.33,nM,9.0,6.1,128852|35267|36601|43823|49060|99129
505,P23944,EC50,5,200.0,nM,4.0,6.7,13061|13638
505,P23944,Emax,1,113.0,%,9.0,,13638
505,P26255,EC50,3,1580.0,nM,8.0,5.8,12123|13061
505,P35348,EC50,2,1098.43,nM,8.5,6.85,13638|93050
505,P35348,Emax,1,117.0,%,8.0,,13638
505,P43140,EC50,5,1174.9,nM,4.0,5.93,13061|13638
505,P43140,Emax,1,105.0,%,9.0,,13638
505,Q8K4Z4,EC50,2,15106.5,nM,9.0,5.595,13061
505,Q9R0W2,IC50,1,11000000.0,nM,8.0,,64218
5051,Q9NR97,EC50,1,6400.0,nM,9.0,5.19,67099
5051,Q9NYK1,EC50,2,830.05,nM,9.0,6.215,50727|67099
5056,P00533,IC50,1,50000.0,nM,8.0,,15262
5056,P05622,IC50,2,12175.0,nM,6.5,5.04,17433
5056,P09619,IC50,1,4540.0,nM,8.0,5.34,15262
5056,P11362,IC50,1,50000.0,nM,8.0,4.3,15262
5056,P26618,IC50,2,12175.0,nM,6.5,5.04,17433
5056,P30559,EC50,1,11468.0,nM,9.0,4.94,51887
5056,P35968,IC50,1,40.0,nM,8.0,7.4,15262
5056,P37288,EC50,1,12070.0,nM,9.0,4.92,51887
508,P15823,EC50,1,776.0,nM,4.0,6.11,13061
508,P23944,EC50,1,776.0,nM,4.0,6.11,13061
508,P43140,EC50,1,776.0,nM,4.0,6.11,13061
51,P28221,EC50,2,5.7,nM,8.0,8.3,14158|15315
51,P28221,Emax,1,97.0,%,8.0,,15315
51,Q13304,IC50,1,30000.0,nM,9.0,,108455
510,B0FL73,EC50,1,36000.0,nM,9.0,4.44,9549
510,P10608,EC50,1,10000.0,nM,5.0,,12123
510,P18090,EC50,1,10000.0,nM,5.0,,12123
510,P26255,EC50,1,10000.0,nM,5.0,,12123
510,P35348,EC50,1,125000.0,nM,8.0,,9549
5119,P29994,EC50,1,8634.0,nM,9.0,5.06,61922
5131,P55263,IC50,1,50.0,nM,8.0,7.3,15996
5135,P29474,IC50,1,72000.0,nM,8.0,4.14,4740
5135,P29476,IC50,1,6000.0,nM,8.0,5.22,4740
5135,P35228,IC50,2,550002250.0,nM,8.0,5.35,4740
5142,A4IFJ5,IC50,2,11000.0,nM,8.5,4.96,14061|14146
5142,P20272,EC50,1,25118.86,nM,9.0,4.6,30443
5142,P20272,Emax,1,161.0,%,9.0,,30443
5144,K9N7C7,IC50,1,10000.0,nM,8.0,,115086
5144,P08183,IC50,1,41000.0,nM,8.0,4.39,21151
5144,P09917,EC50,1,100.0,mg kg-1,8.0,,10917
5144,P0DTD1,IC50,1,20.0,nM,9.0,7.7,115086
5144,P12527,IC50,1,10000.0,nM,9.0,5.0,10917
5144,P22002,IC50,1,85100.0,nM,9.0,4.07,94011
5144,P29990,IC50,1,35060.0,nM,8.0,,51887
5144,P35355,IC50,1,50000.0,nM,5.0,4.3,10917
5144,Q63921,IC50,1,50000.0,nM,5.0,4.3,10917
5144,Q9HC97,EC50,2,16500.0,nM,9.0,4.8149999999999995,62079
5144,Q9HC97,Efficacy,1,248.0,picometer,9.0,,62079
5148,P09917,IC50,1,60.0,nM,8.0,7.22,15812
515,P18089,EC50,1,1000.0,nM,9.0,6.0,49060
515,P18825,EC50,1,398.11,nM,9.0,6.4,49060
515,P25100,EC50,4,125.89,nM,8.0,6.9,4547|5231|5303|5322
515,P35348,EC50,4,12.59,nM,8.0,7.9,4547|5231|5303|5322
515,P35368,EC50,4,63.1,nM,8.0,7.2,4547|5231|5303|5322
5150,P0DTD1,IC50,1,140.0,nM,9.0,6.85,115086
5155,P03070,IC50,1,7300.0,nM,9.0,,51887
5155,P07900,IC50,1,50000.0,nM,5.0,,51887
5155,P08238,IC50,1,50000.0,nM,5.0,,51887
5158,P12821,IC50,2,119953.1,nM,8.0,7.64,11918
5158,P47820,IC50,1,0.45,ug.mL-1,9.0,,9648
5159,K9N7C7,IC50,1,10000.0,nM,8.0,,115086
5159,P0DTD1,IC50,1,3550.0,nM,9.0,5.45,115086
5163,P00533,IC50,1,2200.0,nM,9.0,5.66,12751
5163,P05622,IC50,1,100000.0,nM,7.0,4.0,12751
5163,P26618,IC50,1,100000.0,nM,7.0,4.0,12751
5166,O35956,IC50,1,2387000.0,nM,8.0,,64084
5166,Q4U2R8,IC50,1,2550000.0,nM,8.0,,64084
5166,Q8TCC7,IC50,1,249000.0,nM,8.0,,64084
5166,Q9R1U7,IC50,1,742000.0,nM,8.0,,64084
5169,P09917,IC50,1,230.0,nM,9.0,6.64,20426
517,P28221,EC50,1,369.0,nM,8.0,6.43,14454
5175,P24557,IC50,3,1290.0,nM,8.0,5.89,10194|9160|9471
5175,P49430,IC50,2,1350.0,nM,8.0,5.87,12004|8933
5180,P03070,IC50,1,25940.0,nM,9.0,,51887
5181,P41597,IC50,1,35000.0,nM,9.0,4.46,35512
5190,P08183,IC50,2,134200.0,nM,8.0,4.1,64447
5190,P26769,EC50,1,2000.0,nM,8.0,,13460
5190,P51843,IC50,1,1729.0,nM,8.0,5.76,51887
5190,Q08828,EC50,1,500.0,nM,8.0,6.3,13460
5190,Q9HBX9,EC50,1,47.0,nM,9.0,7.33,107461
5192,P15381,IC50,1,20000.0,nM,6.0,4.7,94011
5192,P54288,IC50,1,20000.0,nM,6.0,4.7,94011
5194,P32301,EC50,1,0.09,nM,9.0,10.05,65613
5194,P32301,Efficacy,1,100.0,%,9.0,,65613
52,P14416,EC50,1,0.37,nM,8.0,9.43,13506
52,P61169,IC50,1,5.95,nM,8.0,8.22,11515
5206,P61088,IC50,1,20000.0,nM,9.0,,51887
521,G3HDX1,EC50,1,364.0,nM,8.0,6.44,102394
521,G3HDX1,Emax,1,62.0,%,8.0,,102394
521,P08913,EC50,4,1.935,nM,9.0,8.719999999999999,102394|128852|54671
521,P08913,Emax,1,93.0,%,9.0,,102394
521,P18089,EC50,2,2.6105,nM,9.0,8.600000000000001,128852
521,P18130,EC50,1,376.0,nM,9.0,6.42,102394
521,P18130,Emax,1,59.0,%,9.0,,102394
521,P18825,EC50,3,5.37,nM,9.0,8.27,102394|128852
521,P18825,Emax,1,90.0,%,9.0,,102394
521,P35348,EC50,1,13.03,nM,9.0,7.88,128852
5213,P29474,IC50,1,2700.0,nM,8.0,5.57,4740
5213,P29476,IC50,1,150.0,nM,8.0,6.82,4740
5213,P35228,IC50,2,150007000.0,nM,8.0,4.85,4740
5215,P03070,EC50,1,47930.0,nM,9.0,,51887
5215,P03070,IC50,1,11900.0,nM,9.0,,51887
5215,P08183,IC50,1,19600.0,nM,8.0,4.71,64368
5215,P23977,EC50,1,1450.0,nM,9.0,5.84,53935
5215,Q9HC97,EC50,2,5220.0,nM,9.0,5.32,62079
5215,Q9HC97,Efficacy,1,68.0,picometer,9.0,,62079
5217,P46059,IC50,1,151600000.0,nM,8.0,,64514
522,P08913,EC50,1,52.48,nM,9.0,7.28,128852
522,P18089,EC50,1,288.4,nM,9.0,6.54,128852
522,P18825,EC50,1,602.56,nM,9.0,6.22,128852
5220,P01375,IC50,1,1001.0,nM,9.0,6.0,16439
5220,P78536,IC50,2,5550.0,nM,8.5,5.275,15241|16051
5224,P15150,IC50,1,7830.0,nM,9.0,5.11,8058
5225,P23219,IC50,1,4700.0,nM,8.0,5.33,30734
5230,P12527,IC50,1,17000.0,nM,9.0,4.77,14312
5230,Q4U2R8,IC50,1,5800.0,nM,8.0,5.24,64324
5233,P24666,IC50,2,48650.0,nM,9.0,,51887
5249,P47824,EC50,1,3000.0,nM,8.0,5.52,16611
5249,P51577,EC50,1,219000.0,nM,8.0,,16611
5249,Q9UBL9,EC50,1,39500.0,nM,8.0,4.4,16611
5258,P01375,IC50,1,50000.0,nM,8.0,4.3,13353
5269,O15264,EC50,1,60.0,nM,5.0,7.22,16507
5269,O15264,IC50,12,350.0,nM,5.0,6.46,14964|16482|17106|17847|2792|2904
5269,P09917,IC50,1,80.0,nM,9.0,7.1,1175
5269,P25089,IC50,1,4790.92,nM,9.0,5.32,128647
5269,P53778,EC50,1,60.0,nM,5.0,7.22,16507
5269,P53778,IC50,12,350.0,nM,5.0,6.46,14964|16482|17106|17847|2792|2904
5269,Q02763,IC50,1,20000.0,nM,8.0,4.7,36916
5269,Q15759,EC50,1,60.0,nM,5.0,7.22,16507
5269,Q15759,IC50,12,350.0,nM,5.0,6.46,14964|16482|17106|17847|2792|2904
5269,Q16539,EC50,1,60.0,nM,5.0,7.22,16507
5269,Q16539,IC50,12,350.0,nM,5.0,6.46,14964|16482|17106|17847|2792|2904
5278,P07861,IC50,1,1.9,nM,8.0,8.72,8925
5282,P04049,IC50,1,290.0,nM,5.0,6.54,20018
5282,P36507,IC50,6,400.0,nM,4.0,6.41,2829
5282,Q02750,IC50,7,300.0,nM,4.0,6.52,20018|2829
5285,P38532,EC50,1,195000.0,nM,9.0,,51887
5291,Q16665,IC50,1,13800.0,nM,5.0,4.86,35202
5291,Q99814,IC50,1,13800.0,nM,5.0,4.86,35202
5297,O35235,IC50,1,20000.0,nM,9.0,,93761
5297,P05979,IC50,1,100000.0,nM,5.0,,12079
5297,P09917,EC50,1,470.0,nM,8.0,6.33,11391
5297,P09917,IC50,7,840.0,nM,8.0,6.08,12079|13986|14080|14312|15812|20777
5297,P09960,IC50,1,850.0,nM,8.0,6.07,15814
5297,P12527,IC50,3,500.0,nM,8.0,6.3,13986|14312|1556
5297,P18054,IC50,1,55000.0,nM,8.0,4.26,12079
5297,P49430,IC50,1,20000.0,nM,8.0,,12079
5297,P79208,IC50,1,100000.0,nM,5.0,,12079
5326,O35956,IC50,1,840000.0,nM,8.0,,64697
5326,O60840,IC50,1,153800.0,nM,4.0,,91875
5326,Q01668,IC50,1,153800.0,nM,4.0,,91875
5326,Q13698,IC50,1,153800.0,nM,4.0,,91875
5326,Q13936,IC50,1,153800.0,nM,4.0,,91875
5326,Q9R1U7,IC50,1,2000000.0,nM,8.0,,64697
5334,P11166,IC50,1,4100.0,nM,9.0,5.39,124742
5334,P11168,IC50,1,10000.0,nM,9.0,,124743
5334,P11169,IC50,1,3900.0,nM,9.0,5.41,124745
5334,P14672,IC50,1,3900.0,nM,9.0,5.41,124744
5339,P04774,IC50,1,131000.0,nM,5.0,,10154
5339,P04775,IC50,1,131000.0,nM,5.0,,10154
5339,P08104,IC50,1,131000.0,nM,5.0,,10154
5343,P03372,IC50,4,6850.0,nM,5.0,5.17,20329
5343,P0DTD1,IC50,1,3820.0,nM,9.0,5.42,115086
5343,Q92731,IC50,4,6850.0,nM,5.0,5.17,20329
5346,P00533,IC50,1,190000.0,nM,9.0,,12340
5346,P08183,IC50,1,52500.0,nM,8.0,4.28,64368
5346,P09917,EC50,1,100.0,mg kg-1,8.0,,10917
5346,P09917,IC50,1,3000.0,nM,8.0,5.52,35780
5346,P12527,IC50,1,10000.0,nM,9.0,5.0,10917
5346,P35355,IC50,1,50000.0,nM,5.0,4.3,10917
5346,P53987,IC50,1,14000.0,nM,8.0,4.85,64062
5346,Q38C41,IC50,1,22378.0,nM,8.0,4.65,51887
5346,Q63344,IC50,1,5000.0,nM,8.0,5.3,64062
5346,Q63921,IC50,1,50000.0,nM,5.0,4.3,10917
5346,Q9HC97,EC50,2,6975.0,nM,9.0,5.165,62079
5346,Q9HC97,Efficacy,1,40.0,picometer,9.0,,62079
5347,P02708,EC50,1,11.0,nM,7.0,7.96,20800
5347,P02708,Efficacy,1,55.0,%,7.0,,20800
5347,P04757,EC50,1,25.0,nM,7.0,7.6,20800
5347,P04757,Efficacy,1,62.0,%,7.0,,20800
5347,P07510,EC50,1,11.0,nM,7.0,7.96,20800
5347,P07510,Efficacy,1,55.0,%,7.0,,20800
5347,P09483,EC50,1,8.8,nM,7.0,8.06,16511
5347,P11230,EC50,1,11.0,nM,7.0,7.96,20800
5347,P11230,Efficacy,1,55.0,%,7.0,,20800
5347,P12390,EC50,1,8.8,nM,7.0,8.06,16511
5347,P12392,EC50,1,25.0,nM,7.0,7.6,20800
5347,P12392,Efficacy,1,62.0,%,7.0,,20800
5347,P17787,EC50,1,0.42,nM,7.0,9.38,20800
5347,P17787,Efficacy,2,57.5,%,7.0,,20800|30114
5347,P43681,EC50,1,0.42,nM,7.0,9.38,20800
5347,P43681,Efficacy,2,57.5,%,7.0,,20800|30114
5347,Q07001,EC50,1,11.0,nM,7.0,7.96,20800
5347,Q07001,Efficacy,1,55.0,%,7.0,,20800
5348,P09483,EC50,1,1.3,nM,7.0,8.89,16511
5348,P12390,EC50,1,1.3,nM,7.0,8.89,16511
5348,P36544,EC50,1,39.81,nM,9.0,7.4,46110
5348,P36544,Emax,1,100.0,%,9.0,,46110
536,B0FL73,EC50,1,6.0,nM,9.0,8.22,10921
536,P07550,EC50,27,2.0,nM,9.0,8.7,109265|109984|111366|113671|121316|124580|128089|129356|16807|20672|31108|44100|44499|46251|47075|47220|47306|47741|48064|51346|58230|58532|59218|76398|7678|99178
536,P07550,Emax,4,108.0,%,9.0,,128089|16807|31108|99178
536,P08588,EC50,22,3.162,nM,9.0,8.625,109984|111366|121316|124580|129356|16807|20672|31108|38553|44100|44499|44559|46251|47075|47220|47306|47741|51346|58532|59218|7678
536,P08588,Emax,2,109.0,%,8.5,,16807|31108
536,P10608,EC50,1,7.0,nM,4.0,8.15,10921
536,P10608,IC50,1,0.1,nM,9.0,10.0,16942
536,P13945,EC50,25,30.0,nM,9.0,7.52,109984|16807|16942|20672|2302|31108|38553|39201|44100|44499|44559|46251|47075|47220|47306|47741|48064|51346|58532|59218|7678|93050
536,P13945,Emax,2,112.0,%,8.5,,16807|31108
536,P18090,EC50,1,7.0,nM,4.0,8.15,10921
536,P18090,Efficacy,1,1.0,,9.0,,8484
536,P18090,IC50,1,5.3,nM,8.0,8.28,11380
536,P18762,EC50,1,980.0,nM,4.0,6.01,8566
536,P25100,EC50,1,1.5,nM,4.0,8.82,11380
536,P25962,EC50,1,980.0,nM,4.0,6.01,8566
536,P26255,EC50,3,13.0,nM,8.0,7.89,10921|11380|16383
536,P34971,EC50,1,980.0,nM,4.0,6.01,8566
536,P35348,EC50,1,1.5,nM,4.0,8.82,11380
536,P35368,EC50,1,1.5,nM,4.0,8.82,11380
536,P54833,IC50,2,0.1,nM,8.0,10.0,16383|16942
536,P59533,EC50,1,4.9,nM,9.0,8.31,113858
536,P59534,EC50,1,4.9,nM,9.0,8.31,113858
536,P59535,EC50,1,4.9,nM,9.0,8.31,113858
536,P59536,EC50,1,4.9,nM,9.0,8.31,113858
536,P59537,EC50,1,4.9,nM,9.0,8.31,113858
536,P59538,EC50,1,4.9,nM,9.0,8.31,113858
536,P59539,EC50,1,4.9,nM,9.0,8.31,113858
536,P59540,EC50,1,4.9,nM,9.0,8.31,113858
536,P59541,EC50,1,4.9,nM,9.0,8.31,113858
536,P59542,EC50,1,4.9,nM,9.0,8.31,113858
536,P59543,EC50,1,4.9,nM,9.0,8.31,113858
536,P59544,EC50,1,4.9,nM,9.0,8.31,113858
536,P59551,EC50,1,4.9,nM,9.0,8.31,113858
536,Q7RTR8,EC50,1,4.9,nM,9.0,8.31,113858
536,Q8K4Z4,EC50,2,44.81,nM,9.0,7.37,10921|61182
536,Q9NYV7,EC50,1,4.9,nM,9.0,8.31,113858
536,Q9NYV8,EC50,1,4.9,nM,9.0,8.31,113858
536,Q9NYV9,EC50,1,4.9,nM,9.0,8.31,113858
536,Q9NYW0,EC50,1,4.9,nM,9.0,8.31,113858
536,Q9NYW1,EC50,1,4.9,nM,9.0,8.31,113858
536,Q9NYW2,EC50,1,4.9,nM,9.0,8.31,113858
536,Q9NYW3,EC50,1,4.9,nM,9.0,8.31,113858
536,Q9NYW4,EC50,1,4.9,nM,9.0,8.31,113858
536,Q9NYW5,EC50,1,4.9,nM,9.0,8.31,113858
536,Q9NYW6,EC50,1,4.9,nM,9.0,8.31,113858
536,Q9NYW7,EC50,1,4.9,nM,9.0,8.31,113858
5368,Q8IL11,IC50,1,1530.0,nM,9.0,5.82,51887
538,P07550,EC50,1,707.95,nM,9.0,6.15,72887
538,P08588,EC50,1,10.96,nM,9.0,7.96,72887
538,P13945,EC50,1,100000.0,nM,9.0,4.0,72887
54,P08908,EC50,1,1000.0,nM,8.0,,1558
54,P19327,EC50,1,1300.0,nM,8.0,5.89,12438
54,P28221,EC50,7,14.0,nM,8.0,7.85,14158|14159|15315|15331|15332|1558|6011
54,P28221,Efficacy,2,100.0,%,8.0,,14159|15250
54,P28221,Emax,1,93.0,%,8.0,,15315
54,P28222,EC50,2,57.65,nM,8.5,7.265000000000001,13729|3025
54,P28565,EC50,1,97.0,nM,8.0,7.01,12438
54,P30939,EC50,1,35.0,nM,8.0,7.46,16209
54,P30939,Emax,1,98.0,%,8.0,,16209
541,P07550,EC50,1,10000.0,nM,9.0,5.0,72887
5422,Q13285,IC50,1,7300.0,nM,8.0,5.14,57296
5424,P22736,EC50,2,0.1965,nM,8.0,9.75,52338
5429,P10276,EC50,1,22.0,nM,9.0,7.66,131267
5429,P10826,EC50,1,2.0,nM,9.0,8.7,131267
5429,P13631,EC50,1,3.0,nM,9.0,8.52,131267
5432,P59538,EC50,2,650000.0,nM,9.0,,113746|113852
5433,O61059,IC50,1,242.0,nM,9.0,6.62,91873
5433,O97467,IC50,1,310.0,nM,8.0,6.51,91873
5433,P06492,IC50,1,85421.0,nM,8.0,,51887
5433,P0CX82,EC50,1,644.0,nM,8.0,6.19,51887
5433,P11166,IC50,1,228.0,nM,8.0,6.64,91873
5433,P24468,IC50,1,1315.0,nM,8.0,5.88,51887
5435,P08172,Emax,1,0.0,%,9.0,,52761
5435,P08173,Emax,1,6.0,%,9.0,,52761
5435,P08912,Emax,1,1.0,%,9.0,,52761
5435,P11229,EC50,3,61.0,nM,9.0,7.21,52761|62717
5435,P11229,Emax,3,83.0,%,9.0,,52761|62717
5435,P20309,Emax,1,1.0,%,9.0,,52761
5435,Q99705,EC50,2,128.91,nM,9.0,6.89,103928
5435,Q99705,Emax,1,101.0,%,9.0,,103928
5437,P08482,EC50,2,1402.0,nM,9.0,5.855,51887|57488
544,P07550,EC50,1,10000.0,nM,9.0,5.0,72887
544,P08588,EC50,1,2.291,nM,9.0,8.64,72887
544,P13945,EC50,1,10000.0,nM,9.0,5.0,72887
5446,O75899,EC50,1,741.31,nM,7.0,6.13,37070
5446,O75899,Efficacy,2,142.5,%,7.0,,37070
5446,O75899,Emax,1,146.0,%,7.0,,37070
5446,Q9UBS5,EC50,1,741.31,nM,7.0,6.13,37070
5446,Q9UBS5,Efficacy,2,142.5,%,7.0,,37070
5446,Q9UBS5,Emax,1,146.0,%,7.0,,37070
5451,P03070,IC50,1,21670.0,nM,9.0,,51887
5454,P49651,EC50,1,60.0,nM,9.0,7.22,30808
5457,Q923Y8,IC50,1,28.0,nM,9.0,7.55,55396
5457,Q923Y9,IC50,1,4540.0,nM,9.0,5.34,55396
5457,Q96RJ0,IC50,1,7490.0,nM,9.0,5.13,55396
5458,O60840,IC50,1,37400.0,nM,4.0,4.43,91875
5458,P08183,IC50,1,7500.0,nM,8.0,5.12,64456
5458,Q01668,IC50,1,37400.0,nM,4.0,4.43,91875
5458,Q13698,IC50,1,37400.0,nM,4.0,4.43,91875
5458,Q13936,IC50,1,37400.0,nM,4.0,4.43,91875
5458,Q96LB1,EC50,1,43651.58,nM,9.0,4.36,131050
5458,Q96LB1,Emax,2,37.335,%,9.0,,131050
5459,P02708,EC50,1,1000.0,nM,7.0,,66665
5459,P02708,IC50,1,1000.0,nM,7.0,,66665
5459,P07510,EC50,1,1000.0,nM,7.0,,66665
5459,P07510,IC50,1,1000.0,nM,7.0,,66665
5459,P09483,EC50,1,46.0,nM,7.0,7.34,60116
5459,P09483,Efficacy,1,49.0,%,7.0,,60116
5459,P11230,EC50,1,1000.0,nM,7.0,,66665
5459,P11230,IC50,1,1000.0,nM,7.0,,66665
5459,P12390,EC50,1,46.0,nM,7.0,7.34,60116
5459,P12390,Efficacy,1,49.0,%,7.0,,60116
5459,P12391,EC50,1,46.0,nM,7.0,7.34,60116
5459,P12391,Efficacy,1,49.0,%,7.0,,60116
5459,P17787,EC50,4,1096.24,nM,7.0,5.96,62804|65758|66665
5459,P17787,Efficacy,4,87.0,%,7.0,,30114|65758|66665
5459,P17787,IC50,2,38.95,nM,7.0,7.41,66665
5459,P30532,EC50,1,2200.0,nM,5.0,5.66,65758
5459,P30532,Efficacy,1,110.0,%,5.0,,65758
5459,P30926,EC50,3,1400.0,nM,7.0,5.755,65758|66665
5459,P30926,Efficacy,2,81.5,%,6.0,,65758
5459,P30926,IC50,1,1000.0,nM,7.0,,66665
5459,P32297,EC50,3,1400.0,nM,7.0,5.755,65758|66665
5459,P32297,Efficacy,2,81.5,%,6.0,,65758
5459,P32297,IC50,1,1000.0,nM,7.0,,66665
5459,P43143,EC50,1,46.0,nM,7.0,7.34,60116
5459,P43143,Efficacy,1,49.0,%,7.0,,60116
5459,P43681,EC50,3,1096.0,nM,7.0,5.96,62804|66665
5459,P43681,Efficacy,3,68.0,%,7.0,,30114|66665
5459,P43681,IC50,2,38.95,nM,7.0,7.41,66665
5459,Q05941,EC50,1,18000.0,nM,9.0,4.75,66625
5459,Q05941,Emax,1,93.0,%,9.0,,66625
5459,Q07001,EC50,1,1000.0,nM,7.0,,66665
5459,Q07001,IC50,1,1000.0,nM,7.0,,66665
5460,P17787,EC50,2,703.975,nM,7.0,6.155,46238|66665
5460,P30926,Efficacy,1,163.0,%,7.0,,65758
5460,P32297,EC50,1,700.0,nM,9.0,6.16,14797
5460,P32297,Efficacy,1,163.0,%,7.0,,65758
5460,P36544,EC50,2,8900.0,nM,8.5,5.05,14797|66665
5460,P43681,EC50,2,703.975,nM,7.0,6.155,46238|66665
5463,P02710,IC50,1,41000.0,nM,6.0,4.39,17449
5463,P02712,IC50,1,41000.0,nM,6.0,4.39,17449
5463,P02714,IC50,1,41000.0,nM,6.0,4.39,17449
5463,P02718,IC50,1,41000.0,nM,6.0,4.39,17449
5463,P14867,EC50,3,2500.0,nM,6.0,5.6,17449
5463,P14867,Emax,2,72.5,%,6.0,,17449
5463,P14867,IC50,1,577000.0,nM,6.0,,17449
5463,P18507,EC50,3,2500.0,nM,6.0,5.6,17449
5463,P18507,Emax,2,72.5,%,6.0,,17449
5463,P18507,IC50,1,577000.0,nM,6.0,,17449
5463,P47870,EC50,3,2500.0,nM,6.0,5.6,17449
5463,P47870,Emax,2,72.5,%,6.0,,17449
5463,P47870,IC50,1,577000.0,nM,6.0,,17449
5464,P14867,EC50,4,26000.0,nM,6.0,4.73,14416|65756
5464,P18505,EC50,4,26000.0,nM,6.0,4.73,14416|65756
5464,P18507,EC50,2,26000.0,nM,7.0,4.73,14416
5464,P28472,EC50,2,27600.0,nM,5.0,4.79,65756
5464,P31644,EC50,2,27600.0,nM,5.0,4.79,65756
5464,P34903,EC50,2,27600.0,nM,5.0,4.79,65756
5464,P47869,EC50,2,27600.0,nM,5.0,4.79,65756
5464,P47870,EC50,2,27600.0,nM,5.0,4.79,65756
5464,P48169,EC50,2,27600.0,nM,5.0,4.79,65756
5464,Q16445,EC50,2,27600.0,nM,5.0,4.79,65756
547,P07550,EC50,1,8.71,nM,9.0,8.06,127344
547,P08588,EC50,1,47.86,nM,9.0,7.32,127344
547,P13945,EC50,1,190.55,nM,9.0,6.72,127344
5472,P35439,IC50,1,263.0,nM,4.0,6.58,10812
5472,Q00959,IC50,1,263.0,nM,4.0,6.58,10812
5472,Q00960,IC50,1,263.0,nM,4.0,6.58,10812
5472,Q00961,IC50,1,263.0,nM,4.0,6.58,10812
5472,Q05586,IC50,4,183.7,nM,6.0,6.734999999999999,52453|58156
5472,Q13224,IC50,4,183.7,nM,6.0,6.734999999999999,52453|58156
5472,Q62645,IC50,1,263.0,nM,4.0,6.58,10812
5472,Q8VHN2,IC50,1,263.0,nM,4.0,6.58,10812
5472,Q9R1M7,IC50,1,263.0,nM,4.0,6.58,10812
5480,O60840,IC50,1,299000.0,nM,4.0,,91875
5480,Q01668,IC50,1,299000.0,nM,4.0,,91875
5480,Q13698,IC50,1,299000.0,nM,4.0,,91875
5480,Q13936,IC50,1,299000.0,nM,4.0,,91875
5483,P54290,IC50,1,8900.0,nM,9.0,5.05,31045
5500,O15552,Efficacy,1,98.0,%,9.0,,49512
5500,O15552,IC50,1,800.0,nM,9.0,6.1,49512
5500,P10520,EC50,2,85193.5,nM,8.0,4.69,51887
5501,P00915,IC50,1,1200.0,nM,8.0,5.92,6532
5501,P00918,IC50,1,40.0,nM,8.0,7.4,6532
5501,P14416,Emax,1,-6.26,%,9.0,,65786
5501,P14416,IC50,1,10.28,nM,9.0,7.99,57606
5501,P35462,Emax,1,-6.83,%,9.0,,65786
5501,P35462,IC50,3,69.1,nM,9.0,7.16,126504|57606
5501,Q95323,IC50,1,620.0,nM,8.0,6.21,6532
5503,O75899,EC50,1,764.0,nM,7.0,6.12,123263
5503,Q9UBS5,EC50,1,764.0,nM,7.0,6.12,123263
5504,O75899,Efficacy,1,181.0,%,7.0,,92996
5504,Q9UBS5,Efficacy,1,181.0,%,7.0,,92996
5509,P18825,EC50,1,54.95,nM,9.0,7.26,92688
5509,P18825,Emax,1,55.0,%,9.0,,92688
5509,P25100,EC50,2,5011.87,nM,8.0,,4547|5322
5509,P35348,EC50,2,63.1,nM,8.0,7.2,4547|5322
5509,P35368,EC50,2,5011.87,nM,8.0,,4547|5322
551,P08183,IC50,3,6000.0,nM,8.0,5.22,64447
551,P15381,IC50,1,3590.0,nM,9.0,5.45,94011
5514,Q6IYF9,IC50,1,135.0,nM,9.0,6.87,65557
5514,Q96P68,IC50,1,30000.0,nM,9.0,,65557
5514,Q9BXA5,IC50,1,35.0,nM,9.0,7.46,65557
5521,Q5QD14,EC50,1,2100.0,nM,9.0,5.68,98771
5525,Q9Y2T6,EC50,1,2.0,nM,9.0,8.7,117924
5526,Q14330,EC50,1,10000.0,nM,9.0,,128847
5526,Q14330,IC50,1,10000.0,nM,9.0,,119359
5526,Q9Y2T6,EC50,1,2.0,nM,9.0,8.7,117924
5526,Q9Y2T6,IC50,1,10000.0,nM,9.0,,119359
553,B0FL73,IC50,2,255.0,nM,9.0,6.609999999999999,2091
5530,Q96LB1,EC50,1,316.23,nM,9.0,6.5,46130
5530,Q96LB1,Efficacy,1,110.0,%,9.0,,46130
5532,Q9NQS5,EC50,10,13710.0,nM,9.0,4.915,104572|111475|127082
5533,Q9NQS5,EC50,3,7700.0,nM,9.0,5.11,111475|118719
5533,Q9NQS5,Emax,1,93.0,%,9.0,,111475
5534,O14842,EC50,2,6120.06,nM,9.0,5.53,109609|99608
5534,O14842,Emax,1,116.0,%,9.0,,99608
5534,Q5NUL3,EC50,1,7585.78,nM,9.0,5.12,109609
5534,Q9NQS5,EC50,5,8870.0,nM,9.0,5.05,109609|111475|118719
5534,Q9NQS5,Emax,1,94.0,%,9.0,,111475
5535,P05227,IC50,12,26700.0,milliequivalent|molar ratio|nM|ug.mL-1,8.0,4.375,15217|16727|17377|30494|31468|43108|4354|43922|46217|47074|47202|5904
5538,P0DPI1,EC50,1,20000.0,nM,8.0,,51887
5538,P15917,EC50,1,20000.0,nM,8.0,,51887
5538,P30996,EC50,1,20000.0,nM,8.0,,51887
5549,P54300,IC50,1,50000.0,nM,9.0,4.3,38335
5552,P14735,EC50,1,8943.0,nM,8.0,5.05,51887
5552,P28335,Emax,1,120.6,%,9.0,,126819
5552,P35363,EC50,1,957.0,nM,9.0,,51887
5552,P35372,EC50,1,92342.0,nM,9.0,,51887
5558,P34972,EC50,2,634.0,nM,9.0,6.2,39110|49092
5558,P47936,EC50,1,30.0,nM,9.0,7.52,112218
5558,P47936,Emax,1,23.0,%,9.0,,112218
5563,P21554,EC50,1,30000.0,nM,9.0,,106057
5563,P21554,IC50,1,32000.0,nM,9.0,,51887
5563,P34972,EC50,2,31000.0,nM,9.0,,106057|51887
5563,P34972,IC50,1,32000.0,nM,9.0,,51887
5563,P35236,IC50,1,100000.0,nM,9.0,,51887
5563,P51452,IC50,1,100000.0,nM,9.0,,51887
5563,Q9Y2T6,EC50,3,400.0,nM,9.0,6.67,106057|51887
5564,P21554,EC50,1,30000.0,nM,9.0,,106057
5564,P21554,IC50,1,32000.0,nM,9.0,,51887
5564,P34972,EC50,2,31000.0,nM,9.0,,106057|51887
5564,P34972,IC50,1,32000.0,nM,9.0,,51887
5564,Q9Y2T6,EC50,2,332.0,nM,9.0,6.79,51887
5565,P21554,EC50,1,30000.0,nM,9.0,,106057
5565,P21554,IC50,1,21700.0,nM,9.0,4.66,51887
5565,P34972,EC50,2,31000.0,nM,9.0,,106057|51887
5565,P34972,IC50,1,15100.0,nM,9.0,4.82,51887
5565,Q9Y2T6,EC50,2,385.40999999999997,nM,9.0,6.4350000000000005,51887
557,P07550,EC50,1,0.2455,nM,9.0,9.61,127344
557,P08588,EC50,1,10.96,nM,9.0,7.96,127344
557,P13945,EC50,1,21.88,nM,9.0,7.66,127344
557,Q8K4Z4,EC50,2,18.5,nM,9.0,7.734999999999999,36697
5570,P20272,EC50,1,0.14,nM,8.0,9.85,103079
5570,Q9QZN9,EC50,1,1.13,nM,8.0,8.95,103079
5579,P04201,IC50,1,21.0,nM,9.0,7.68,111842
558,P07550,EC50,5,68.0,nM,9.0,7.17,120430|124580|51201|58230|60816
558,P07550,Efficacy,1,45.0,%,9.0,,51201
558,P08588,EC50,2,585.765,nM,9.0,7.37,120430|124580
558,Q8K4Z4,EC50,3,9.1,nM,9.0,8.04,45997|47818
558,Q8K4Z4,Emax,1,100.0,%,9.0,,45997
558,Q8K4Z4,IC50,1,17.0,nM,9.0,7.77,51201
5582,P30968,IC50,2,28.0,nM,9.0,7.55,46195|50731
5582,P30969,IC50,2,340.0,nM,9.0,6.470000000000001,46195|50731
5584,P30968,IC50,1,7.2,nM,8.0,8.14,4449
5585,P30968,IC50,4,1.1099999999999999,nM,9.0,9.015,16291|21360|31269
5586,P30968,IC50,4,2.435,nM,9.0,8.74,127136|58231
5587,O14842,EC50,2,14386.185000000001,nM,9.0,4.865,45339|62697
5587,O14842,Efficacy,1,97.0,%,9.0,,62697
5587,Q5NUL3,EC50,2,1799.415,nM,9.0,5.77,45339|62697
5587,Q5NUL3,Efficacy,1,96.0,%,9.0,,62697
559,B0FL73,EC50,1,5.012,nM,9.0,8.3,46251
559,P07550,EC50,24,0.28369999999999995,nM,9.0,9.55,111366|115894|120430|121316|129356|36040|37087|46251|51201|51346|52802|55747|58230|58376|58532|59218|60816|60920|77094|83810|84067
559,P07550,Efficacy,1,30.0,%,9.0,,51201
559,P07550,IC50,1,14.93,nM,9.0,7.83,128647
559,P08172,IC50,1,10000.0,nM,9.0,,128647
559,P08588,EC50,12,582.9350000000001,nM,9.0,6.265,111366|120430|121316|129356|46251|51346|58376|58532|59218|60816|83810|84067
559,P13945,EC50,6,1258.93,nM,9.0,5.9,46251|51346|58532|59218|83810|84067
559,P25089,IC50,1,5657.9,nM,9.0,5.25,128647
559,P32249,IC50,1,4255.52,nM,9.0,5.37,128647
559,P49238,IC50,1,3138.6,nM,9.0,5.5,128647
559,Q5T601,IC50,1,3409.69,nM,9.0,5.47,128647
559,Q8IYL9,IC50,1,2463.2,nM,9.0,5.61,128647
559,Q8K4Z4,EC50,2,5.012,nM,9.0,8.3,58532|59218
559,Q8K4Z4,IC50,1,3.5,nM,9.0,8.46,51201
5592,P30542,IC50,1,8.2,nM,9.0,8.09,37208
5592,P47745,EC50,1,41.0,nM,9.0,7.39,6518
5592,Q4VQ11,EC50,1,31.6,nM,9.0,7.5,38198
5592,Q4VQ11,Efficacy,1,101.0,%,9.0,,38198
5595,P29274,EC50,1,0.257,nM,4.0,9.59,11581
5595,P29275,EC50,2,50000.1285,nM,6.5,9.59,11581|83039
5596,P29275,EC50,1,10000.0,nM,9.0,5.0,83039
56,P35363,EC50,1,3.8,nM,9.0,,51887
56,P35372,EC50,1,92507.0,nM,9.0,,51887
560,P07550,EC50,1,3162.28,nM,9.0,5.5,58230
5601,P0DMS8,Efficacy,2,103.0,%,9.0,,44562|62798
5601,P41595,IC50,1,3260.0,nM,9.0,5.49,101438
5606,P29274,IC50,1,100000.0,nM,4.0,,1775
5606,P29275,IC50,2,50490.0,nM,6.0,6.01,16115|1775
5606,P29276,IC50,1,8100.0,nM,9.0,5.09,16115
5606,P47745,IC50,1,1180.0,nM,9.0,5.93,1775
5607,P30542,IC50,1,1700.0,nM,9.0,5.77,35040
5608,P29274,IC50,2,5249.035,nM,9.0,5.28,73625
5613,P29274,IC50,1,430.0,nM,9.0,6.37,74136
5617,P0DMS8,IC50,1,340.0,nM,5.0,6.47,35783
5617,P29275,IC50,2,330.5,nM,7.0,6.48,35783
5617,Q60614,IC50,2,494.5,nM,9.0,6.325,35783
5618,P0DMS8,IC50,1,270.0,nM,9.0,6.57,66532
5619,P0DMS8,IC50,1,4.0,nM,9.0,8.4,58246
563,P07550,IC50,2,3.3215,nM,9.0,8.6,112382
564,O35505,IC50,2,18000.0,nM,9.0,4.75,91842|91874
564,P07550,IC50,3,0.55,nM,9.0,9.26,116834|97363
564,P08172,EC50,1,5011.87,nM,9.0,,97363
564,P08172,IC50,1,5011.87,nM,9.0,,97363
564,P08588,IC50,1,251.19,nM,9.0,6.6,97363
564,P08908,IC50,1,3981.07,nM,9.0,5.4,97363
564,P08913,EC50,1,5011.87,nM,9.0,,97363
564,P08913,IC50,1,5011.87,nM,9.0,,97363
564,P0DMS8,EC50,1,5011.87,nM,9.0,,97363
564,P0DMS8,IC50,1,5011.87,nM,9.0,,97363
564,P11229,EC50,1,5011.87,nM,9.0,,97363
564,P11229,IC50,1,5011.87,nM,9.0,,97363
564,P14416,EC50,1,5011.87,nM,9.0,,97363
564,P14416,IC50,1,5011.87,nM,9.0,,97363
564,P18825,EC50,1,5011.87,nM,9.0,,97363
564,P18825,IC50,1,5011.87,nM,9.0,,97363
564,P20309,EC50,1,5011.87,nM,9.0,,97363
564,P20309,IC50,1,5011.87,nM,9.0,,97363
564,P21728,EC50,1,5011.87,nM,9.0,,97363
564,P21728,IC50,1,5011.87,nM,9.0,,97363
564,P25101,EC50,1,5011.87,nM,9.0,,97363
564,P25101,IC50,1,5011.87,nM,9.0,,97363
564,P28222,EC50,1,5011.87,nM,9.0,,97363
564,P28222,IC50,1,5011.87,nM,9.0,,97363
564,P28223,EC50,1,5011.87,nM,9.0,,97363
564,P28223,IC50,1,5011.87,nM,9.0,,97363
564,P28335,EC50,1,5011.87,nM,9.0,,97363
564,P28335,IC50,1,5011.87,nM,9.0,,97363
564,P29274,EC50,1,5011.87,nM,9.0,,97363
564,P29274,IC50,1,5011.87,nM,9.0,,97363
564,P30556,EC50,1,5011.87,nM,9.0,,97363
564,P30556,IC50,1,5011.87,nM,9.0,,97363
564,P32238,EC50,1,5011.87,nM,9.0,,97363
564,P32238,IC50,1,5011.87,nM,9.0,,97363
564,P34969,EC50,1,5011.87,nM,9.0,,97363
564,P34969,IC50,1,5011.87,nM,9.0,,97363
564,P35348,EC50,1,5011.87,nM,9.0,,97363
564,P35348,IC50,1,5011.87,nM,9.0,,97363
564,P35372,EC50,1,5011.87,nM,9.0,,97363
564,P35372,IC50,1,5011.87,nM,9.0,,97363
564,P37288,EC50,1,5011.87,nM,9.0,,97363
564,P37288,IC50,1,5011.87,nM,9.0,,97363
564,P41143,EC50,1,5011.87,nM,9.0,,97363
564,P41143,IC50,1,5011.87,nM,9.0,,97363
564,P41145,EC50,1,5011.87,nM,9.0,,97363
564,P41145,IC50,1,5011.87,nM,9.0,,97363
564,P41595,EC50,1,5011.87,nM,9.0,,97363
564,P41595,IC50,1,5011.87,nM,9.0,,97363
564,P50406,EC50,1,5011.87,nM,9.0,,97363
564,P50406,IC50,1,5011.87,nM,9.0,,97363
564,Q12809,IC50,1,2828.0,nM,8.0,5.55,91842
564,Q13936,IC50,1,21000.0,nM,9.0,4.68,91874
564,Q14524,IC50,1,2100.0,nM,9.0,5.68,91842
564,Q14973,IC50,1,5500.0,nM,8.0,5.26,64025
565,P07550,IC50,1,0.2153,nM,9.0,9.67,128647
5653,Q8TDV5,EC50,6,323.0,nM,9.0,7.205,101952|117800|119616|45127|57553|83172
5653,Q8TDV5,Efficacy,1,100.0,%,9.0,,83172
5653,Q8TDV5,Emax,1,100.0,%,9.0,,119616
5657,P35968,IC50,1,4.0,nM,9.0,8.4,35219
5658,P36888,EC50,1,0.86,nM,9.0,9.07,128650
5658,P36888,IC50,16,6.42,nM,9.0,8.57,128650
5663,Q12809,IC50,1,30000.0,nM,9.0,,34682
5663,Q96GD4,IC50,4,9.135,nM,9.0,8.045,128650
5666,O60885,EC50,1,2.0,nM,9.0,8.7,124766
5666,P53350,EC50,1,2.0,nM,9.0,8.7,124766
5668,O15264,EC50,1,18.0,nM,5.0,7.75,16507
5668,P01375,EC50,2,399.0,nM,8.0,6.93,17257
5668,P53778,EC50,1,18.0,nM,5.0,7.75,16507
5668,Q15759,EC50,1,18.0,nM,5.0,7.75,16507
5668,Q16539,EC50,1,18.0,nM,5.0,7.75,16507
567,P07550,EC50,2,290.0,nM,8.5,6.54,6216|69981
567,P08588,EC50,1,1700.0,nM,8.0,5.77,6216
567,P10608,IC50,2,9.11,nM,9.0,8.04,16383|16942
567,P13945,EC50,10,13.45,nM,8.0,7.955,16942|1805|2140|2865|39201|6216
567,P18090,IC50,1,190.0,nM,8.0,6.72,11380
567,P25100,EC50,1,5600.0,nM,4.0,5.25,11380
567,P26255,EC50,2,5.2940000000000005,nM,8.0,8.370000000000001,11380|16383
567,P35348,EC50,1,5600.0,nM,4.0,5.25,11380
567,P35368,EC50,1,5600.0,nM,4.0,5.25,11380
567,P54833,IC50,1,9.12,nM,8.0,8.04,16942
5671,Q12809,IC50,1,18000.0,nM,9.0,4.75,30918
5675,P04626,IC50,1,529.0,nM,9.0,6.28,5126
5676,P36507,IC50,3,16.0,nM,4.0,7.8,128650|36712
5676,Q02750,IC50,3,16.0,nM,4.0,7.8,128650|36712
5679,P08913,IC50,1,4070.46,nM,9.0,5.39,128647
5679,P21462,IC50,1,4759.51,nM,9.0,5.32,128647
5679,P32249,IC50,1,3722.2,nM,9.0,5.43,128647
5679,P35414,IC50,1,4432.7,nM,9.0,5.35,128647
5679,Q8IYL9,IC50,1,10000.0,nM,9.0,,128647
5679,Q9HC97,IC50,1,3485.09,nM,9.0,5.46,128647
5682,O00329,IC50,1,140.0,nM,9.0,6.85,124766
5682,P42336,IC50,1,140.0,nM,9.0,6.85,124766
5682,P42338,IC50,1,140.0,nM,9.0,6.85,124766
5682,P48736,IC50,1,140.0,nM,9.0,6.85,124766
5685,P07333,IC50,14,17250.0,nM,9.0,4.92,124766|128650
5686,P00533,IC50,1,92.0,nM,9.0,7.04,21491
5686,P04626,IC50,1,59.0,nM,9.0,7.23,21491
5687,P10721,IC50,3,400.0,nM,8.0,6.4,30197|30916
5687,P16234,IC50,1,96.0,nM,9.0,7.02,30916
5687,Q9UNQ0,IC50,2,700.0,nM,8.0,6.175,64378
5691,K9N7C7,IC50,1,3600.0,nM,8.0,5.44,115086
5692,P00533,IC50,24,10000.0,nM,9.0,5.445,128650
5692,P04626,IC50,24,10000.0,nM,9.0,5.615,128650
5692,P15382,IC50,1,251188.64,nM,6.0,,91843
5692,P51787,IC50,1,251188.64,nM,6.0,,91843
5692,Q12809,IC50,3,630957.34,nM,8.0,6.0,91843
5692,Q13936,IC50,2,8922097.115,nM,8.5,,91843
5692,Q14524,IC50,1,3162277.66,nM,8.0,,91843
5693,P05129,IC50,1,1000.0,nM,9.0,,124766
5693,P05771,IC50,1,1000.0,nM,9.0,,124766
5693,P17252,IC50,1,1000.0,nM,9.0,,124766
5693,Q02156,IC50,1,1000.0,nM,9.0,,124766
5697,O60840,IC50,1,4700.0,nM,4.0,5.33,91875
5697,O75751,IC50,1,500.0,nM,9.0,6.3,124757
5697,P15382,IC50,1,398107.17,nM,6.0,,91843
5697,P51787,IC50,1,398107.17,nM,6.0,,91843
5697,Q01668,IC50,1,4700.0,nM,4.0,5.33,91875
5697,Q12809,IC50,2,31610.81,nM,8.0,5.550000000000001,91843
5697,Q13698,IC50,1,4700.0,nM,4.0,5.33,91875
5697,Q13936,IC50,3,199526.23,nM,8.0,5.33,91843|91875
5697,Q14524,IC50,2,3005936.17,nM,8.5,,91843
5697,Q9UK17,IC50,1,3162277.66,nM,8.0,,91843
57,P08172,EC50,3,398.0,nM,9.0,6.4,128507|14948|93465
57,P08172,Efficacy,1,83.5,%,9.0,,93465
57,P08172,Emax,2,30.0,%,9.0,,128507|52761
57,P08173,EC50,5,18.0,nM,9.0,7.75,110373|128507|52761|93465
57,P08173,Efficacy,1,48.7,%,9.0,,93465
57,P08173,Emax,4,89.95,%,9.0,,110373|128507|52761
57,P08173,IC50,1,25.12,nM,9.0,7.6,34770
57,P08912,EC50,7,316.23,nM,9.0,6.5,128507|34770|52761|93465
57,P08912,Efficacy,1,25.9,%,9.0,,93465
57,P08912,Emax,2,71.0,%,9.0,,128507|52761
57,P11229,EC50,13,158.49,nM,8.0,6.8,128507|14794|14948|16260|34770|52761|93465
57,P11229,Efficacy,1,59.2,%,9.0,,93465
57,P11229,Emax,2,93.0,%,9.0,,128507|52761
57,P11229,IC50,1,0.008,nM,8.0,,11514
57,P20309,EC50,3,120.0,nM,9.0,6.92,128507|34770|52761
57,P20309,Efficacy,1,20.0,%,9.0,,93465
57,P20309,Emax,2,71.5,%,9.0,,128507|52761
57,Q9ERZ3,EC50,1,11000.0,nM,9.0,4.96,14354
5700,Q8IBS5,IC50,1,21.0,nM,8.0,,51887
5705,P17948,IC50,1,100.0,nM,5.0,7.0,21550
5705,P35916,IC50,1,100.0,nM,5.0,7.0,21550
5705,P35968,IC50,2,60.5,nM,6.5,7.34,21550|37387
5710,P00519,IC50,2,245.5,nM,6.5,7.654999999999999,30074|30175
5710,P04626,IC50,1,2600.0,nM,8.0,5.58,16199
5710,P06241,IC50,2,410.0,nM,8.0,6.39,16199|5740
5710,P12931,IC50,7,100.0,nM,8.0,7.0,20905|21276|30074|30175|34796|4935|5740
5710,P20786,IC50,1,4000.0,nM,5.0,5.4,16199
5710,P42684,IC50,1,1.0,nM,5.0,9.0,30074
5710,Q05030,IC50,1,4000.0,nM,5.0,5.4,16199
5711,P04049,IC50,1,3300.0,nM,5.0,5.48,20018
5711,P15056,IC50,1,6100.0,nM,9.0,5.21,30546
5711,Q02750,IC50,1,3300.0,nM,5.0,5.48,20018
5713,O60840,IC50,1,33400.0,nM,4.0,4.48,91875
5713,P05622,IC50,7,8.0,nM,7.0,8.05,17433
5713,P15382,IC50,1,63095.73,nM,6.0,4.2,91843
5713,P26618,IC50,7,8.0,nM,7.0,8.05,17433
5713,P35968,IC50,1,22.0,nM,9.0,7.66,30187
5713,P51787,IC50,1,63095.73,nM,6.0,4.2,91843
5713,Q01668,IC50,1,33400.0,nM,4.0,4.48,91875
5713,Q12809,IC50,3,7943.28,nM,8.0,5.1,91843
5713,Q13698,IC50,1,33400.0,nM,4.0,4.48,91875
5713,Q13936,IC50,3,79432.82,nM,8.0,4.29,91843|91875
5713,Q14524,IC50,2,27829.825,nM,8.5,4.6,91843
5713,Q9UK17,IC50,1,50118.72,nM,8.0,4.3,91843
5714,P12931,EC50,1,1000.0,nM,8.0,,41910
5714,P12931,IC50,1,1146.0,nM,8.0,5.94,42471
5717,P00533,IC50,1,100.0,nM,9.0,7.0,16877
5717,P17948,IC50,2,212.5,nM,5.0,7.0,16877|21550
5717,P35916,IC50,2,212.5,nM,5.0,7.0,16877|21550
5717,P35968,IC50,3,400.0,nM,5.0,6.4,16877|21550|37387
5719,O15264,IC50,2,425.0,nM,5.0,6.49,17360
5719,P53778,IC50,2,425.0,nM,5.0,6.49,17360
5719,Q15759,IC50,2,425.0,nM,5.0,6.49,17360
5719,Q16539,IC50,2,425.0,nM,5.0,6.49,17360
5724,Q8TDV5,EC50,1,80.0,nM,9.0,7.1,55748
5727,Q7TQN8,EC50,3,421.0,nM,9.0,6.38,61143|90664|92957
5727,Q7TQN8,Efficacy,1,89.0,%,9.0,,90664
5727,Q7TQN8,Emax,1,89.0,%,9.0,,92957
5727,Q8TDV5,EC50,3,46.0,nM,9.0,7.34,61143|90664|92957
5727,Q8TDV5,Efficacy,1,75.0,%,9.0,,90664
5727,Q8TDV5,Emax,1,75.0,%,9.0,,92957
5733,Q14524,IC50,1,200.0,nM,9.0,6.7,60865
5733,Q15858,IC50,3,420.0,nM,9.0,6.38,60865
5737,Q7TQN8,EC50,1,9.8,nM,9.0,8.01,57553
5737,Q8TDV5,EC50,1,1.1,nM,9.0,8.96,57553
5737,Q8TDV5,Emax,1,96.0,%,9.0,,57553
5738,Q7TQN8,EC50,1,19.6,nM,9.0,7.71,57553
5738,Q8TDV5,EC50,1,0.9,nM,9.0,9.05,57553
5738,Q8TDV5,Emax,1,79.0,%,9.0,,57553
5739,Q7TQN8,EC50,1,7.3,nM,9.0,8.14,57553
5739,Q8TDV5,EC50,1,0.5,nM,9.0,9.3,57553
5739,Q8TDV5,Emax,1,98.0,%,9.0,,57553
5740,Q8TDV5,EC50,1,0.6,nM,9.0,9.22,57553
5740,Q8TDV5,Emax,1,64.0,%,9.0,,57553
5741,Q7TQN8,EC50,1,17.0,nM,9.0,7.77,57553
5741,Q8TDV5,EC50,1,0.7,nM,9.0,9.15,57553
5741,Q8TDV5,Emax,1,100.0,%,9.0,,57553
5745,Q8TDV5,EC50,1,3600.0,nM,9.0,5.44,57398
5748,Q7TQP3,EC50,1,4.0,nM,9.0,8.4,57398
5748,Q8TDV5,EC50,1,4.0,nM,9.0,8.4,57398
5749,P21730,IC50,1,10000.0,nM,9.0,,128647
5749,Q16581,IC50,1,10000.0,nM,9.0,,128647
5749,Q9P296,IC50,1,10000.0,nM,9.0,,128647
5761,Q16581,EC50,2,409.055,nM,9.0,6.390000000000001,51850
5783,Q8TDS4,EC50,1,1000000.0,nM,9.0,,65358
5783,Q9BXC0,EC50,1,377000.0,nM,9.0,,65358
5784,Q80Z39,EC50,1,2300.0,nM,9.0,5.64,44144
5784,Q80Z39,Efficacy,1,38.0,%,9.0,,44144
5784,Q8TDS4,EC50,4,968.0,nM,9.0,6.16,44144|51292|62676
5784,Q8TDS4,Efficacy,4,84.0,%,9.0,,44144|51292|62676
5784,Q9EP66,EC50,2,740.0,nM,9.0,6.1850000000000005,44144
5784,Q9EP66,Efficacy,2,69.5,%,9.0,,44144
5785,Q8TDS4,EC50,1,27.5,nM,9.0,7.56,62676
5785,Q8TDS4,Efficacy,1,95.0,%,9.0,,62676
5787,P03070,IC50,1,18890.0,nM,9.0,,51887
5788,Q80Z39,EC50,1,4600.0,nM,9.0,5.34,50565
5788,Q8TDS4,EC50,1,16.0,nM,9.0,7.8,50565
5788,Q9EP66,EC50,1,240.0,nM,9.0,6.62,50565
5789,Q8TDS4,EC50,1,214.0,nM,9.0,6.67,57387
579,P21730,IC50,5,30.0,nM,9.0,7.52,108872|16901|31683
5790,Q8TDS4,EC50,1,210.0,nM,8.0,6.68,51292
5790,Q8TDS4,Efficacy,1,65.0,%,8.0,,51292
5791,Q80Z39,EC50,1,2700.0,nM,9.0,5.57,46477
5791,Q8TDS4,EC50,1,64.0,nM,9.0,7.19,46477
5792,Q8TDS4,EC50,1,470.0,nM,9.0,6.33,38097
5795,Q8TDS4,EC50,1,120.0,nM,9.0,6.92,44555
5795,Q8TDS4,Emax,2,2.765,%,9.0,,62109
5796,Q9NQS5,EC50,1,100000.0,nM,9.0,,111475
5796,Q9NQS5,Emax,1,17.0,%,9.0,,111475
580,P21730,IC50,1,800.0,nM,8.0,6.1,2494
5800,P49019,EC50,1,3.162,nM,8.0,8.5,47935
5800,Q8TDS4,EC50,1,9120.11,nM,8.0,5.04,47935
5801,P49019,EC50,1,29.51,nM,9.0,7.53,37144
5802,A0A2J8P2M1,IC50,1,2.2,nM,9.0,8.66,97137
5802,P41231,IC50,2,10000.0,nM,9.0,,114068|124351
5802,P47900,IC50,2,10000.0,nM,9.0,,114068|124351
5802,P51582,IC50,2,10000.0,nM,9.0,,114068|124351
5802,Q15077,IC50,2,10000.0,nM,9.0,,114068|124351
5802,Q15391,IC50,7,1.98,nM,9.0,8.7,111926|114068|120310|124351|129099|129265
5802,Q96G91,IC50,2,10000.0,nM,9.0,,114068|124351
5802,Q9H244,IC50,1,10000.0,nM,9.0,,124351
5803,O15552,EC50,2,258.435,nM,9.0,6.6899999999999995,107492|107498
5803,O15552,Efficacy,1,100.0,%,9.0,,49512
5803,O15552,Emax,1,94.0,%,9.0,,107498
5803,O15552,IC50,1,700.0,nM,9.0,6.16,49512
5803,Q8VCK6,EC50,1,158.49,nM,9.0,6.8,107498
5803,Q8VCK6,Emax,1,77.0,%,9.0,,107498
5807,P47900,IC50,1,630.0,nM,8.0,6.2,51678
5808,P47900,IC50,5,280.0,nM,9.0,6.55,109807|124351|128227|129265|76461
581,P21730,IC50,2,2.5,nM,9.0,8.61,108872
5813,P07550,EC50,1,5806.46,nM,9.0,5.24,128647
5813,P21730,IC50,1,10000.0,nM,9.0,,128647
5813,P35414,EC50,1,2247.36,nM,9.0,5.65,128647
5813,P43220,EC50,1,2949.46,nM,9.0,5.53,128647
5813,P49238,IC50,1,10000.0,nM,9.0,,128647
5813,Q16581,IC50,1,10000.0,nM,9.0,,128647
5813,Q5NUL3,EC50,1,2905.57,nM,9.0,5.54,128647
5813,Q6W5P4,IC50,4,224.0,nM,9.0,6.965,76045
5813,Q8TDV5,EC50,1,2393.89,nM,9.0,5.62,128647
5813,Q9P296,IC50,1,10000.0,nM,9.0,,128647
5814,Q6W5P4,IC50,2,43.0,nM,9.0,7.37,58285|76045
5815,Q6W5P4,IC50,6,16.5,nM,9.0,7.82,51924|76045
5817,P34995,IC50,2,10000.0,nM,9.0,,130999
5817,P35408,EC50,1,33300.0,nM,9.0,,130999
5817,P35408,IC50,1,33300.0,nM,9.0,,130999
5817,P43115,IC50,2,10000.0,nM,9.0,,130999
5817,P43116,EC50,1,33300.0,nM,9.0,,130999
5817,Q13258,IC50,1,32800.0,nM,9.0,,130999
5817,Q62053,IC50,1,2.7,nM,9.0,8.57,127244
5817,Q9Y5Y4,IC50,1,32000.0,nM,9.0,4.5,130999
5818,P49238,IC50,1,10000.0,nM,9.0,,128647
5819,P43116,EC50,1,7800.0,nM,9.0,5.11,83750
5820,P34995,EC50,1,285.0,nM,9.0,6.54,123470
5820,P43116,EC50,1,6.2,nM,9.0,8.21,123470
5820,P43119,EC50,1,1.9,nM,9.0,8.72,123470
5820,Q13258,EC50,1,0.6,nM,9.0,9.22,123470
5826,O15440,IC50,1,100000.0,nM,8.0,,64642
5826,P21462,IC50,1,10000.0,nM,8.0,5.0,57461
5826,P23219,IC50,1,509100.0,nM,8.0,,30734
5827,P21462,IC50,1,5011.87,nM,8.0,5.3,57461
5828,P21462,IC50,1,1400.0,nM,9.0,5.85,126848
5829,P21462,IC50,5,501.19,nM,9.0,6.3,57461|60131
5830,P21462,IC50,5,398.11,nM,9.0,6.4,57461|60131
5830,P33766,IC50,1,25118.86,nM,9.0,4.6,57461
5831,P21462,EC50,3,65.0,nM,9.0,7.19,111703|128647|129212
5831,P25090,EC50,5,44.0,nM,9.0,7.36,111703|128647|129212|31453|37883
5831,P33766,EC50,1,350.0,nM,9.0,6.46,129212
5846,Q9NQS5,EC50,12,389.5,nM,9.0,6.415,104572|111475|118719|127082|99851
5848,Q9NQS5,EC50,1,31800.0,nM,9.0,4.5,111475
5848,Q9NQS5,Emax,1,97.0,%,9.0,,111475
5849,O14842,EC50,1,6760.83,nM,9.0,5.17,109609
5849,Q5NUL3,EC50,1,100000.0,nM,9.0,,109609
5849,Q9NQS5,EC50,1,12882.5,nM,9.0,4.89,109609
5850,O14842,EC50,1,100000.0,nM,9.0,,109609
5850,Q5NUL3,EC50,1,100000.0,nM,9.0,,109609
5850,Q9NQS5,EC50,3,5248.07,nM,9.0,5.28,109609|111475|118719
5850,Q9NQS5,Emax,1,112.0,%,9.0,,111475
5852,P43119,EC50,1,22.0,nM,9.0,7.66,104192
5852,Q13258,EC50,1,154.0,nM,9.0,6.81,104192
5857,P35408,IC50,2,25.6,nM,9.0,7.654999999999999,103789|59400
5858,P35408,IC50,3,11.7,nM,9.0,7.93,93026|97532|98997
5859,P35408,EC50,1,2.5,nM,8.0,8.6,6180
586,P29089,IC50,1,37.0,nM,8.0,7.43,12203
586,P30556,Emax,1,3.0,hr,9.0,,21320
586,P30556,IC50,1,1.8,nM,4.0,8.74,11904
586,P34976,IC50,3,6.0,nM,9.0,8.22,11938|12080
586,P50052,IC50,1,1.8,nM,4.0,8.74,11904
5862,Q923Y8,EC50,1,3.0,nM,9.0,8.52,98744
5862,Q923Y9,EC50,1,14.0,nM,9.0,7.85,98744
5862,Q96RJ0,EC50,1,59.0,nM,9.0,7.23,98744
5862,Q96RJ0,Emax,1,87.0,%,9.0,,98744
5867,O08725,EC50,1,1.3,nM,8.0,8.89,2544
5867,Q92847,EC50,5,1.3,nM,9.0,8.89,106733|37483|4332
5868,O08725,EC50,1,60.0,nM,8.0,7.22,2544
5868,Q02644,EC50,1,60.0,nM,9.0,7.22,2249
5871,Q92847,IC50,1,7.0,nM,9.0,8.15,31336
5889,P15382,IC50,1,100000.0,nM,6.0,4.0,91843
5889,P51787,IC50,1,100000.0,nM,6.0,4.0,91843
5889,Q12809,IC50,3,794328.23,nM,8.0,,91843
5889,Q14524,IC50,2,415241.785,nM,8.5,,91843
5889,Q9UK17,IC50,1,10000000.0,nM,8.0,,91843
5894,P32897,IC50,1,14900.0,nM,9.0,4.83,51887
59,Q12809,IC50,2,151.68,nM,9.0,6.82,16592|20904
5902,P41231,EC50,1,134.0,nM,9.0,6.87,57322
5902,P51582,EC50,1,9300.0,nM,9.0,5.03,57322
5902,Q15077,EC50,1,7000.0,nM,9.0,5.16,57322
5907,P41231,IC50,1,57.4,nM,9.0,7.24,119015
5914,P55055,EC50,1,67490.0,nM,8.0,,51887
5916,P00533,IC50,2,5250.0,nM,8.5,5.3100000000000005,11055|16276
5916,P03070,IC50,1,14610.0,nM,9.0,,51887
5916,P35439,IC50,3,45000.0,nM,6.0,4.35,15091
5916,Q00959,IC50,1,19000.0,nM,6.0,4.72,15091
5916,Q00960,IC50,1,45000.0,nM,6.0,4.35,15091
5916,Q00961,IC50,1,100000.0,nM,6.0,4.0,15091
592,P23204,EC50,1,10000.0,nM,9.0,,49562
592,P30556,Emax,1,1.0,hr,9.0,,21320
592,P30556,IC50,1,5.398,nM,9.0,8.27,128647
592,P35396,EC50,1,10000.0,nM,9.0,,49562
592,P37231,EC50,1,2020.0,nM,9.0,5.7,49562
592,P37238,EC50,1,4060.0,nM,9.0,5.39,49562
592,Q03181,EC50,1,10000.0,nM,9.0,,49562
592,Q07869,EC50,1,10000.0,nM,9.0,,49562
5921,P24666,IC50,2,43715.0,nM,9.0,,51887
5934,K9N7C7,IC50,1,10000.0,nM,8.0,,115086
5934,P0DTD1,IC50,1,820.0,nM,9.0,6.09,115086
5938,Q00975,EC50,1,1000000.0,nM,8.0,,66781
5957,P32897,IC50,1,5440.0,nM,9.0,5.26,51887
5957,P87108,IC50,1,12700.0,nM,9.0,4.9,51887
5965,P00533,IC50,1,2.5,nM,9.0,8.6,30719
5965,P04626,IC50,1,24.0,nM,9.0,7.62,30719
597,P21462,IC50,1,3858.09,nM,9.0,5.41,128647
5971,P10721,IC50,2,500.0,nM,9.0,6.3,31184
5971,P36888,IC50,2,100.0,nM,8.0,7.0,31184
5975,P35869,EC50,1,160.0,nM,9.0,6.8,39142
5977,P0DTD1,IC50,1,140.0,nM,9.0,6.85,115086
5989,Q00975,EC50,1,1000000.0,nM,8.0,,66781
5994,K9N7C7,IC50,1,8100.0,nM,8.0,5.09,115086
5994,P0DTD1,IC50,1,580.0,nM,9.0,6.24,115086
5998,P45983,EC50,1,920.0,nM,5.0,6.04,31271
5998,P45984,EC50,1,920.0,nM,5.0,6.04,31271
5998,P53779,EC50,1,920.0,nM,5.0,6.04,31271
60,P28222,EC50,1,15.7,nM,8.0,7.8,3025
6000,P51843,IC50,1,833.52,nM,8.0,,51887
6004,P15381,IC50,1,12000.0,nM,6.0,4.92,94011
6004,P54288,IC50,1,12000.0,nM,6.0,4.92,94011
6006,P46734,IC50,1,1000.0,nM,8.0,,6711
6014,O15264,IC50,4,575.0,nM,5.0,6.4,17106
6014,P53778,IC50,4,575.0,nM,5.0,6.4,17106
6014,Q15759,IC50,4,575.0,nM,5.0,6.4,17106
6014,Q16539,IC50,4,575.0,nM,5.0,6.4,17106
6015,P00533,IC50,4,14.0,nM,8.5,7.82,13970|14827
6015,P04626,IC50,1,52000.0,nM,9.0,4.28,14827
6016,P09917,IC50,1,50.0,nM,9.0,7.3,1175
6019,P09619,IC50,1,80.0,nM,8.0,,5745
6020,P09619,IC50,1,3.0,nM,8.0,8.52,30310
6031,P08183,IC50,1,1250.0,nM,8.0,5.9,64190
6031,Q9Y6L6,IC50,1,1100.0,nM,8.0,5.96,64126
6035,P24941,IC50,24,14350.0,nM,9.0,4.85,128650
6035,Q00975,EC50,1,27580.0,nM,8.0,4.56,66781
6035,Q13936,IC50,1,23400.0,nM,9.0,4.63,91874
6036,P09917,IC50,1,5000.0,nM,9.0,,1175
6040,O15264,IC50,4,8750.0,nM,5.0,5.09,16482
6040,P53778,IC50,4,8750.0,nM,5.0,5.09,16482
6040,Q15759,IC50,4,8750.0,nM,5.0,5.09,16482
6040,Q16539,IC50,4,8750.0,nM,5.0,5.09,16482
6043,P05622,IC50,2,85.0,nM,6.5,7.0,17433
6043,P26618,IC50,2,85.0,nM,6.5,7.0,17433
6045,B9W6M3,EC50,1,180000.0,nM,8.0,,51887
6045,C4YTQ8,EC50,3,160000.0,nM,8.0,5.9,51887
6045,P06492,IC50,1,12744.0,nM,8.0,,51887
6045,P51531,EC50,1,91161.0,nM,8.0,,51887
6045,Q9Y5X4,IC50,1,1194.0,nM,9.0,,51887
6046,P06734,EC50,1,313.0,nM,8.0,6.5,5768
605,P35414,EC50,6,20.55,nM,9.0,8.18,120047|122532|128647|83187
605,P35414,Emax,1,100.0,%,9.0,,83187
6050,P36897,IC50,3,47.0,nM,8.0,7.33,17178|30794
6051,O15264,IC50,2,4600.0,nM,5.0,5.615,30404
6051,P41279,IC50,1,50.0,nM,9.0,7.3,30404
6051,P53778,IC50,2,4600.0,nM,5.0,5.615,30404
6051,Q15759,IC50,2,4600.0,nM,5.0,5.615,30404
6051,Q16539,IC50,2,4600.0,nM,5.0,5.615,30404
6055,P17948,IC50,2,387.0,nM,4.5,6.41,5072|5247
6055,P35916,IC50,2,387.0,nM,4.5,6.41,5072|5247
6055,P35968,IC50,2,387.0,nM,4.5,6.41,5072|5247
6060,P0AE70,EC50,2,99000.0,nM,8.0,,51887
6073,P21731,IC50,1,16.4,nM,9.0,7.79,89352
6077,P18901,EC50,1,1.95,nM,8.0,8.71,13362
6077,P21728,EC50,5,1.95,nM,8.0,8.71,10358|11139
6077,P61169,EC50,5,10200.0,nM,9.0,4.99,10358|11139
6078,P21556,IC50,2,73.0,nM,8.0,7.14,13042|13043
6079,P21556,IC50,2,16850.0,nM,8.0,4.85,12202|9895
608,P28700,EC50,1,16800.0,nM,7.0,4.78,60236
608,Q60641,EC50,2,16800.0,nM,8.0,4.78,60236|60410
608,Q8TDU6,EC50,9,6710.0,nM,9.0,5.17,112061|117726|129801|36648|39106|57375|62747|91121
608,Q8TDU6,Efficacy,5,105.0,%,9.0,,112061|117726|36648|39106|62747
608,Q96RI1,EC50,10,13000.0,nM,9.0,4.89,31230|31404|36358|36648|39106|44646|48649|60236|62025|62747
608,Q96RI1,Efficacy,5,62.0,%,9.0,,31404|36648|39106|62025|62747
609,Q80SS6,IC50,1,5300.0,nM,9.0,5.28,53087
609,Q8TDU6,EC50,7,13600.0,nM,9.0,4.87,126845|127909|129801|36648|39106|48649|62747
609,Q8TDU6,Efficacy,5,101.0,%,9.0,,126845|36648|39106|48649|62747
609,Q8TDU6,IC50,1,6000.0,nM,9.0,5.22,53087
609,Q96RI1,EC50,2,100000.0,nM,8.5,,48649|62747
609,Q96RI1,Efficacy,2,0.0,%,8.5,,48649|62747
610,Q8TDU6,EC50,2,1130.0,nM,9.0,5.95,129801|39106
610,Q8TDU6,Efficacy,1,105.0,%,9.0,,39106
610,Q96RI1,EC50,1,50000.0,nM,9.0,4.3,62025
611,P03070,IC50,1,26100.0,nM,9.0,,51887
611,Q5T601,IC50,1,10000.0,nM,9.0,,128647
611,Q8TDU6,EC50,6,630.0,nM,9.0,6.205,129801|130377|39106|49086|62747|91121
611,Q8TDU6,Efficacy,2,100.5,%,8.5,,39106|49086
611,Q96RI1,EC50,2,13350.0,nM,9.0,4.9350000000000005,39106|49086
611,Q96RI1,Efficacy,1,30.0,%,9.0,,39106
611,Q9GZU7,IC50,1,4823.0,nM,8.0,5.32,51887
6155,Q15722,IC50,5,7.0,nM,4.0,8.15,2662
6155,Q9NPC1,IC50,5,7.0,nM,4.0,8.15,2662
6156,Q15722,IC50,3,1790.0,nM,5.0,5.75,13151|13268|1594
6156,Q9NPC1,IC50,2,2045.0,nM,4.5,5.695,13151|13268
6158,Q15722,IC50,2,57.22,nM,8.0,8.15,51134
6158,Q9NPC1,IC50,1,164.0,nM,8.0,6.79,51134
6161,Q9JJL9,EC50,1,20.0,nM,9.0,7.7,130857
6167,Q8TDS5,EC50,1,56.0,nM,9.0,7.25,55782
6170,O54798,EC50,4,8.226,nM,9.0,8.195,127036|55651
6170,O54798,Emax,1,120.0,%,9.0,,55651
6170,O54798,IC50,2,11.833,nM,9.0,8.04,127036
6170,P32247,EC50,3,0.2931,nM,9.0,9.53,127036|55651
6170,P32247,Emax,1,100.0,%,9.0,,55651
6170,P32247,IC50,2,64.765,nM,9.0,7.3,127036
6170,Q8K418,EC50,1,2.2,nM,9.0,8.66,55651
6170,Q8K418,Emax,1,110.0,%,9.0,,55651
6171,Q8TDS5,IC50,1,500.0,nM,9.0,6.3,76798
6188,O54798,EC50,2,40.4,nM,9.0,7.83,50693
6188,P32247,EC50,3,47.0,nM,9.0,7.33,50693|55651
6188,P32247,Emax,1,99.0,%,9.0,,55651
6196,Q9NS75,IC50,2,53.0,nM,9.0,7.28,89724|99336
6196,Q9Y271,IC50,2,2500.0,nM,9.0,,89724|99336
6197,Q9NS75,IC50,3,38.0,nM,9.0,7.42,89724|92889|99336
6197,Q9Y271,IC50,3,10000.0,nM,9.0,,89724|92889|99336
62,P35462,IC50,1,13.0,nM,9.0,7.89,126809
6200,P41231,EC50,1,1200.0,nM,9.0,5.92,57808
6200,P51582,EC50,1,73.0,nM,9.0,7.14,57808
6200,Q15077,EC50,1,1210.0,nM,9.0,5.92,57808
6201,P41231,EC50,1,100000.0,nM,9.0,,57322
6201,P51582,EC50,1,4980.0,nM,9.0,5.3,57322
6201,Q15077,EC50,1,100000.0,nM,9.0,,57322
6202,P41231,EC50,1,1000.0,nM,9.0,,31866
6202,P51582,EC50,1,1000.0,nM,9.0,,31866
6202,Q15077,EC50,1,447.0,nM,9.0,6.35,49079
6202,Q15391,EC50,1,1.92,nM,9.0,8.72,49079
6204,P23385,EC50,4,238.71,nM,9.0,6.63,46146|99115
6204,Q13255,EC50,2,245.735,nM,9.0,6.61,99115
6205,P23385,EC50,2,136.0,nM,9.0,6.970000000000001,46146
6207,P31424,EC50,1,10000.0,nM,9.0,,31236
6209,P41594,IC50,1,3000.0,nM,9.0,,50821
6209,Q13255,IC50,1,2.1,nM,9.0,8.68,50821
621,P21462,EC50,1,570.0,nM,9.0,6.24,129212
621,P21462,IC50,1,3865.03,nM,9.0,5.41,128647
621,P30556,IC50,1,3697.15,nM,9.0,5.43,128647
621,P35414,IC50,1,10000.0,nM,9.0,,128647
621,Q8IYL9,IC50,1,2250.97,nM,9.0,5.65,128647
6210,P41594,IC50,1,3000.0,nM,9.0,,50821
6210,Q13255,IC50,1,27.0,nM,9.0,7.57,50821
6211,P23385,IC50,1,5.0,nM,9.0,8.3,31805
6211,P31424,IC50,1,1330.0,nM,9.0,5.88,31805
6211,P41594,IC50,2,442.0,nM,9.0,6.36,31805|35368
6211,Q13255,IC50,3,3.0,nM,9.0,8.52,31805|35368|38188
6211,Q14416,IC50,1,10000.0,nM,9.0,,31805
6211,Q14831,IC50,1,10000.0,nM,9.0,,31805
6211,Q14833,IC50,1,10000.0,nM,9.0,,31805
6214,P41594,IC50,1,3000.0,nM,9.0,,57855
6214,Q13255,IC50,1,0.9,nM,9.0,9.05,57855
6215,P41594,IC50,1,3000.0,nM,9.0,,57855
6215,Q13255,IC50,2,4.4,nM,9.0,8.425,57855|90747
6217,P35400,IC50,3,676.0,nM,9.0,6.17,106704|106864
6217,P70579,IC50,1,10000.0,nM,9.0,,106864
6217,Q14831,IC50,1,63.0,nM,9.0,7.2,112159
6217,Q14833,IC50,1,10000.0,nM,9.0,,106864
6218,P35400,IC50,1,20.0,nM,9.0,7.7,49509
6218,P42574,IC50,1,2400.0,nM,8.0,5.62,51887
6218,Q96LD8,IC50,2,1858.5,nM,9.0,5.865,51887
6218,Q9BQF6,IC50,1,1140.0,nM,9.0,5.94,51887
6218,Q9GZR1,IC50,1,1510.0,nM,9.0,5.82,51887
6222,Q14416,IC50,1,800.0,nM,9.0,6.1,54254
6222,Q14832,EC50,1,13400.0,nM,9.0,4.87,54254
6223,Q14416,IC50,1,1500.0,nM,9.0,5.82,54254
6223,Q14832,EC50,1,8900.0,nM,9.0,5.05,54254
6224,Q14416,IC50,1,1000.0,nM,9.0,6.0,54254
6224,Q14832,EC50,1,10400.0,nM,9.0,4.98,54254
6225,P31422,IC50,1,10000.0,nM,9.0,,73834
6225,P41594,EC50,1,10000.0,nM,8.0,,66849
6225,P41594,IC50,1,10000.0,nM,8.0,,66849
6225,Q14832,IC50,1,660.0,nM,8.0,6.18,66849
6226,P31421,IC50,2,6.5,nM,9.0,8.52,54326
6226,P31422,IC50,1,10.0,nM,9.0,,54326
6226,Q14416,IC50,1,14.0,nM,9.0,7.85,54326
6227,P23385,IC50,1,2600.0,nM,9.0,5.58,44620
6227,P31424,EC50,1,5000.0,nM,9.0,5.3,44620
6227,Q14833,EC50,1,4600.0,nM,9.0,5.34,44620
6228,Q14833,EC50,1,1700.0,nM,9.0,5.77,58944
6228,Q9H0H5,IC50,1,29220.0,nM,9.0,,51887
6229,Q14833,EC50,1,3000.0,nM,9.0,5.52,58944
6231,P41594,EC50,1,10000.0,nM,8.0,,58944
6231,Q13255,EC50,1,10000.0,nM,8.0,,58944
6231,Q14416,EC50,1,10000.0,nM,8.0,,58944
6231,Q14831,EC50,1,10000.0,nM,8.0,,58944
6231,Q14832,EC50,1,10000.0,nM,8.0,,58944
6231,Q14833,EC50,1,9.0,nM,9.0,8.05,58944
6232,Q14833,EC50,1,410.0,nM,9.0,6.39,58944
6234,O15303,EC50,1,1250.0,nM,9.0,,51887
6234,P23385,EC50,1,1170.0,nM,9.0,,51887
6234,P31421,EC50,1,1470.0,nM,9.0,,51887
6234,P31422,EC50,1,811.0,nM,9.0,,51887
6234,P31423,EC50,2,446.0,nM,9.0,,51887
6234,P31424,EC50,1,1240.0,nM,9.0,,51887
6234,P70579,EC50,1,9140.0,nM,9.0,,51887
6234,Q14833,EC50,4,1100.0,nM,9.0,5.96,108970|123492|47355|51887
6234,Q14833,Emax,1,227.0,%,9.0,,47355
6235,P31423,Emax,1,110.0,%,9.0,,52028
6235,P41594,EC50,1,10000.0,nM,9.0,,52028
6235,Q14833,EC50,3,1000.0,nM,9.0,6.0,52028|58944
6235,Q14833,Emax,1,106.0,%,9.0,,52028
6238,P35400,EC50,1,10000.0,nM,9.0,,106864
6238,P70579,EC50,1,1200.0,nM,9.0,5.92,106864
6238,Q14833,EC50,1,52.0,nM,9.0,7.28,106864
6252,Q14416,EC50,1,1995.26,nM,9.0,5.7,49504
6253,Q14416,EC50,1,1258.93,nM,9.0,5.9,49504
6259,Q14416,EC50,1,107.15,nM,9.0,6.97,105408
626,P21462,EC50,1,300.0,nM,9.0,6.52,129212
6263,P25090,IC50,1,80.0,nM,9.0,7.1,92697
6268,P21554,Emax,1,30.0,%,9.0,,121916
6268,P21554,IC50,3,4168.69,nM,9.0,5.38,121916
6268,P25090,EC50,2,400.0,nM,9.0,6.4,129212|92697
6268,P34972,Emax,1,20.0,%,9.0,,121916
6268,P47746,IC50,1,3715.35,nM,9.0,5.43,121916
6270,O75762,EC50,1,800.0,nM,9.0,6.1,51267
6274,Q6RI86,EC50,3,27000.0,nM,9.0,4.57,42538|51267
6276,O75762,IC50,2,16500.0,nM,9.0,4.785,51267
6279,P35236,IC50,1,13700.0,nM,9.0,4.86,51887
6281,O75762,EC50,1,5000.0,nM,9.0,5.3,51267
6282,P35414,IC50,2,1225.0,nM,8.0,5.96,65657
6285,O75762,EC50,1,30.0,nM,9.0,7.52,53100
6285,O75762,IC50,1,20.0,mg.min/m3,9.0,,53100
6285,P0DTD1,IC50,1,190.0,nM,9.0,6.72,115086
6286,O60840,IC50,1,147100.0,nM,4.0,,91875
6286,P15382,IC50,1,316227.77,nM,6.0,,91843
6286,P51787,IC50,1,316227.77,nM,6.0,,91843
6286,Q01668,IC50,1,147100.0,nM,4.0,,91875
6286,Q12809,IC50,3,501187.23,nM,8.0,,91843
6286,Q13698,IC50,1,147100.0,nM,4.0,,91875
6286,Q13936,IC50,2,50073550.0,nM,6.0,,91843|91875
6286,Q14524,IC50,2,712642.7849999999,nM,8.5,,91843
6286,Q9UK17,IC50,1,100000000.0,nM,8.0,,91843
6287,O75762,EC50,1,590.0,nM,9.0,6.23,51267
6287,O95977,IC50,1,253.0,nM,9.0,6.6,51887
6287,P08679,EC50,1,1413.0,nM,8.0,5.85,51887
6287,P0CX82,EC50,1,3623.0,nM,8.0,5.44,51887
6287,P17861,IC50,1,2350.0,nM,8.0,5.63,51887
6287,P21453,IC50,1,4962.0,nM,9.0,5.3,51887
6287,P35639,IC50,1,850.0,nM,8.0,6.07,51887
6287,P38532,EC50,1,530.0,nM,9.0,6.28,51887
6287,P41948,EC50,1,1264.0,nM,8.0,5.9,51887
6287,Q8BLA8,EC50,2,66290.0,nM,9.0,5.59,51267
6287,Q9Y2T6,EC50,1,500.0,nM,9.0,,51887
6296,O75762,EC50,1,1000.0,nM,9.0,6.0,51267
63,Q14973,IC50,1,6100.0,nM,8.0,5.21,64025
6307,Q9HC16,IC50,1,36100.0,nM,9.0,4.44,51887
6309,O75762,EC50,1,23.0,nM,9.0,7.64,58664
6309,Q6RI86,EC50,1,97.0,nM,9.0,7.01,58664
6317,Q14416,EC50,2,143.5,nM,9.0,7.17,66646
6317,Q14416,Emax,2,176.0,%,9.0,,66646
6320,Q14416,EC50,1,316.0,nM,9.0,6.5,61954
6320,Q14416,Emax,1,233.0,%,9.0,,61954
6321,Q14416,EC50,2,2491.0,nM,9.0,6.199999999999999,51230
6321,Q14416,Emax,2,51.5,%,9.0,,51230
6322,P46059,IC50,2,9750000.0,nM,8.0,,64510|64514
6335,O00222,IC50,1,10000.0,nM,9.0,,48912
6335,P23385,IC50,1,3.6,nM,9.0,8.44,48912
6335,Q13255,IC50,1,10000.0,nM,9.0,,48912
6335,Q14416,IC50,1,10000.0,nM,9.0,,48912
6338,P41594,IC50,1,1000.0,nM,9.0,,37138
6338,Q13255,IC50,1,2.2,nM,9.0,8.66,37138
6341,P41594,IC50,1,5400.0,nM,9.0,5.27,48912
6341,Q13255,IC50,1,3.5,nM,9.0,8.46,48912
6342,P41594,IC50,1,100000.0,nM,9.0,,37633
6342,Q13255,IC50,1,1412.0,nM,9.0,5.85,37633
6345,P41594,IC50,1,1000.0,nM,9.0,,37138
6345,Q13255,IC50,1,2.5,nM,9.0,8.6,37138
6346,P41594,IC50,1,1000.0,nM,9.0,,37138
6346,Q13255,IC50,1,2.9,nM,9.0,8.54,37138
6347,O35433,IC50,4,190.0,nM,9.0,6.800000000000001,36134|38185
6347,Q8NER1,EC50,1,4000.0,nM,8.0,,36134
6347,Q8NER1,IC50,6,121.5,nM,9.0,6.925000000000001,21229|38185
6348,P41594,IC50,1,1000.0,nM,9.0,,37138
6348,Q13255,IC50,1,1.4,nM,9.0,8.85,37138
6349,P41594,IC50,1,3000.0,nM,8.0,,46457
6349,Q13255,IC50,1,3.0,nM,8.0,8.52,46457
6354,P41594,IC50,1,147.0,nM,9.0,6.83,35368
6354,Q13255,IC50,1,1.0,nM,9.0,9.0,35368
6355,P41594,IC50,1,4040.0,nM,9.0,5.39,35368
6355,Q13255,IC50,1,43.0,nM,9.0,7.37,35368
6356,P41594,IC50,1,4624.0,nM,9.0,5.33,61151
6356,Q13255,IC50,1,6.3,nM,9.0,8.2,61151
6357,Q13255,IC50,1,12.0,nM,9.0,7.92,61151
6358,P23385,IC50,1,167.0,nM,8.0,6.78,36344
6360,P12821,IC50,1,1.202,nM,8.0,8.92,11918
6362,P41594,IC50,1,10000.0,nM,9.0,5.0,66925
6362,Q13255,IC50,1,7.0,nM,9.0,8.15,66925
6363,P41594,IC50,2,8100.0,nM,9.0,5.21,44725|48912
6363,P97772,IC50,1,3.1,nM,9.0,8.51,44725
6363,Q13255,IC50,2,5.699999999999999,nM,9.0,8.245000000000001,44725|48912
6365,P41594,IC50,1,10000.0,nM,9.0,5.0,66925
6365,Q13255,IC50,1,6.0,nM,9.0,8.22,66925
6385,P00734,IC50,1,38.0,nM,8.0,7.42,4808
6386,P24387,EC50,1,6440.0,nM,6.0,5.19,51887
6386,Q13324,EC50,1,6440.0,nM,6.0,5.19,51887
6386,Q9QUQ5,EC50,2,5086.0,nM,9.0,,51887
6387,Q7T1G6,EC50,1,29900.0,nM,9.0,,51887
6387,Q8TDD5,EC50,1,1450.0,nM,9.0,5.84,51887
6389,Q7T1G6,EC50,1,29900.0,nM,9.0,,51887
6389,Q8TDD5,EC50,1,872.0,nM,9.0,6.06,51887
6398,P41594,IC50,1,25.0,nM,9.0,7.6,65886
6399,P31424,EC50,1,33.0,nM,9.0,7.48,65430
6400,P31424,EC50,2,27.5,nM,9.0,7.605,65430|75061
6400,P41594,EC50,1,16.0,nM,8.0,7.8,55753
6401,Q7T1G6,EC50,1,29900.0,nM,9.0,,51887
6401,Q8TDD5,EC50,1,781.0,nM,9.0,6.11,51887
6402,Q7T1G6,EC50,1,29900.0,nM,9.0,,51887
6402,Q8TDD5,EC50,1,1770.0,nM,9.0,5.75,51887
6403,P31424,EC50,1,10.7,nM,9.0,7.97,31236
6404,Q7T1G6,EC50,2,29900.0,nM,9.0,,51887
6404,Q8TDD5,EC50,2,288.8,nM,9.0,6.545,51887
6405,P24387,EC50,1,13700.0,nM,6.0,4.86,51887
6405,Q13324,EC50,1,13700.0,nM,6.0,4.86,51887
6405,Q7T1G6,EC50,1,29900.0,nM,9.0,,51887
6405,Q8TDD5,EC50,1,823.0,nM,9.0,6.08,51887
6406,P41594,EC50,2,50.11,nM,9.0,7.3,55719
6407,P41594,IC50,1,17.0,nM,9.0,7.77,58430
6410,P31424,EC50,2,7.2219999999999995,nM,9.0,8.14,65430
6410,P41594,EC50,1,70.0,nM,9.0,7.16,65430
6411,P31424,EC50,2,4.899,nM,9.0,8.31,75061
6411,P31424,Efficacy,1,63.5,%,9.0,,75061
6416,P41594,EC50,1,550.0,nM,9.0,6.26,54098
6418,P34972,EC50,2,68.0,nM,9.0,7.215,122476
6418,P34972,Efficacy,1,40.0,%,9.0,,122476
6418,P47746,EC50,1,12700.0,nM,9.0,4.9,122476
6418,Q9Y2T6,EC50,1,880.0,nM,9.0,6.06,122476
6418,Q9Y2T6,Efficacy,1,61.0,%,9.0,,122476
6419,P41594,IC50,1,20.0,nM,9.0,7.7,72532
6419,Q13255,IC50,1,409.0,nM,9.0,6.39,72532
6420,P41594,IC50,1,13.0,nM,9.0,7.89,72774
6421,P41594,EC50,1,10.0,nM,8.0,8.0,55753
6422,P41594,EC50,3,44.67,nM,9.0,7.35,55719|55753
6424,P31424,EC50,1,1600.0,nM,9.0,5.8,55864
6425,P41594,IC50,1,1.0,nM,8.0,9.0,6035
6429,P41594,IC50,2,34.0,nM,9.0,7.470000000000001,49423
6431,Q8TCW9,IC50,1,33.0,nM,9.0,7.48,47559
6435,P41594,IC50,2,15831.295,nM,8.5,5.95,54233
6435,Q3UVX5,IC50,1,31.62,nM,9.0,7.5,54233
6436,P31424,IC50,1,59.0,nM,9.0,7.23,51991
6437,P31424,IC50,1,45.0,nM,9.0,7.35,51991
6438,P31424,IC50,1,91.0,nM,9.0,7.04,97924
6439,P31424,IC50,1,2.6,nM,9.0,8.59,65886
6439,P41594,IC50,2,16.8,nM,9.0,7.85,65886
6439,P43220,IC50,1,10000.0,nM,9.0,,128647
644,P97583,EC50,1,85.0,nM,8.0,7.07,2317
6440,P31424,IC50,1,3.2,nM,9.0,8.49,65886
6440,P41594,IC50,2,32.2,nM,9.0,7.58,65886
6443,P31424,IC50,1,1.2,nM,9.0,8.92,36967
6444,P31424,IC50,1,0.8,nM,9.0,9.1,36835
6445,P31424,IC50,1,345.0,nM,9.0,6.46,37153
6448,P31424,IC50,2,4.0,nM,9.0,8.4,20256|30146
6448,P41594,IC50,2,3.95,nM,8.5,8.405000000000001,20255|21073
6450,P41594,IC50,1,6.7,nM,8.0,8.17,20255
6452,P41594,IC50,1,20.0,nM,9.0,7.7,72774
6466,P78536,IC50,1,10000.0,nM,9.0,,31136
6471,P31424,EC50,1,214.0,nM,9.0,6.67,112218
6472,O75762,EC50,1,0.3,nM,9.0,9.52,53100
6472,O75762,IC50,1,0.7,mg.min/m3,9.0,,53100
6473,O75762,EC50,1,3.0,nM,9.0,8.52,53100
6482,P78536,IC50,2,150070.0,nM,9.0,6.85,30836
6483,O14842,EC50,3,6.0,nM,9.0,8.22,73692|99608
6483,O14842,Efficacy,1,102.0,%,9.0,,73692
6483,Q5NUL3,EC50,1,6.0,nM,9.0,8.22,129308
6483,Q76JU9,EC50,1,147.91,nM,9.0,6.83,73692
6484,O14842,EC50,31,32.5,nM,9.0,7.495,104378|106986|107661|108621|109053|109061|109719|109797|109860|111758|112632|113964|119302|119715|122495|124421|127202|128248|129308|58992|62444|89992|93527|93791|98750|99140|99608
6484,O14842,Efficacy,1,100.0,%,9.0,,128248
6484,O14842,Emax,10,91.45,%,9.0,,104378|109719|109797|113964|119302|119715|127202|99140|99608
6484,Q5NUL3,EC50,1,10000.0,nM,9.0,,107661
6484,Q8K3T4,EC50,1,39.0,nM,9.0,7.41,112632
6485,O14842,EC50,10,14.0,nM,9.0,7.855,101686|109860|119715|128248|129308|58992|65515|83926|99608
6485,O14842,Efficacy,1,20.0,%,9.0,,65515
6485,O14842,Emax,7,75.0,%,9.0,,101686|119715|60880|65515|99608
6485,Q76JU9,EC50,1,13.0,nM,9.0,7.89,60880
6485,Q8K3T4,EC50,1,23.0,nM,9.0,7.64,60880
6487,O15552,IC50,2,159.29000000000002,nM,9.0,6.82,128234
649,P30411,EC50,1,0.04898,nM,9.0,10.31,46805
649,P30411,Emax,1,125.0,%,9.0,,46805
649,Q9H255,EC50,1,1.3,nM,9.0,8.89,114716
6490,O14842,EC50,3,52600.0,nM,9.0,4.28,107661|62697
6490,O14842,Efficacy,2,117.5,%,9.0,,62697
6490,P25089,IC50,1,10000.0,nM,9.0,,128647
6490,Q5NUL3,EC50,6,283.25,nM,9.0,6.675,107661|127202|128647|62697|99851
6490,Q5NUL3,Efficacy,1,104.0,%,9.0,,62697
6490,Q7TMA4,EC50,1,16.98,nM,9.0,7.77,62697
6490,Q7TMA4,Efficacy,1,75.0,%,9.0,,62697
6494,P15056,IC50,1,8.0,nM,9.0,8.1,72267
6495,P36507,IC50,10,4.9,nM,9.0,8.315000000000001,128650
6495,Q02750,IC50,10,4.9,nM,9.0,8.315000000000001,128650
6496,P47824,EC50,2,8050.0,nM,8.5,5.11,16282|16611
6496,P49653,EC50,1,100000.0,nM,8.0,4.0,16611
6496,P51577,IC50,1,100000.0,nM,8.0,,16611
6496,P56373,IC50,1,58300.0,nM,8.0,4.23,16611
650,Q96LB1,EC50,3,11500.0,nM,9.0,4.94,131050
6500,O14843,EC50,2,77106.44,nM,9.0,4.65,113335
6500,O14843,Emax,2,82.5,%,9.0,,113335
6505,P78536,IC50,1,16600.0,nM,8.0,4.78,15241
6510,P10520,EC50,1,60.0,nM,8.0,,51887
6531,P49354,IC50,1,0.5,nM,6.0,9.3,4562
6531,P49356,IC50,1,0.5,nM,6.0,9.3,4562
6531,Q61239,IC50,1,1000.0,nM,7.0,6.0,4701
6531,Q8K2I1,IC50,1,1000.0,nM,7.0,6.0,4701
6539,O14727,IC50,2,50690.0,nM,8.0,5.86,51887
6539,P38532,EC50,1,195000.0,nM,9.0,,51887
6539,P42574,IC50,1,1090.0,nM,9.0,,51887
6539,P9WHJ3,EC50,1,297.0,nM,8.0,6.53,51887
6539,Q96LD8,IC50,2,43.3,nM,9.0,,51887
6553,P00734,IC50,1,2391.64,nM,9.0,5.62,51887
6553,P00748,IC50,1,10.42,nM,9.0,,51887
6553,P38532,EC50,1,195000.0,nM,9.0,,51887
6553,P9WHJ3,EC50,1,10100.0,nM,8.0,5.0,51887
6559,Q9HCR9,IC50,1,280.0,nM,9.0,6.55,131266
6561,P29275,IC50,1,3.64,nM,9.0,8.44,46829
6577,Q9Y2T6,IC50,1,1178.44,nM,9.0,5.93,51887
6585,P05106,IC50,2,355.0,nM,6.5,6.545,15600
6585,P08514,IC50,2,355.0,nM,6.5,6.545,15600
6586,P05106,IC50,10,25.35,nM,7.0,7.890000000000001,11594|12442|14988|15600|3848|865
6586,P05556,IC50,2,300000.0,nM,7.0,,11594|12442
6586,P06756,IC50,4,180000.0,nM,7.0,4.105,11594|12442
6586,P08514,IC50,6,11.0,nM,7.0,7.96,11594|12442|14988|15600|3848|865
6586,P08648,IC50,2,300000.0,nM,7.0,,11594|12442
6587,P05106,IC50,1,59.0,nM,7.0,7.23,15600
6587,P08514,IC50,1,59.0,nM,7.0,7.23,15600
6589,P05556,IC50,1,0.13,nM,7.0,9.89,4514
6589,P13612,IC50,1,0.13,nM,7.0,9.89,4514
659,P46663,IC50,1,33.0,nM,9.0,7.48,52840
6592,P05107,IC50,2,37.0,nM,6.5,7.4399999999999995,16080|16242
6592,P05362,IC50,3,35.0,nM,7.0,7.46,15678|16080|16242
6592,P20701,IC50,2,37.0,nM,6.5,7.4399999999999995,16080|16242
6597,P05106,IC50,1,400.0,nM,7.0,6.4,16849
6597,P06756,IC50,3,400.0,nM,7.0,6.4,16849
6597,P18084,IC50,1,400.0,nM,7.0,6.4,16849
6597,P18564,IC50,1,10000.0,nM,7.0,5.0,16849
6598,P22303,IC50,1,128.0,nM,9.0,6.89,12377
6599,O60840,IC50,1,34300.0,nM,4.0,4.46,91875
6599,P22303,EC50,1,43.0,nM,8.0,7.37,5036
6599,Q01668,IC50,1,34300.0,nM,4.0,4.46,91875
6599,Q13698,IC50,1,34300.0,nM,4.0,4.46,91875
6599,Q13936,IC50,1,34300.0,nM,4.0,4.46,91875
6638,O09028,EC50,1,12000.0,nM,5.0,4.92,15883
6638,P15431,EC50,1,12000.0,nM,5.0,4.92,15883
6638,P18506,EC50,1,12000.0,nM,5.0,4.92,15883
6638,P18508,EC50,1,12000.0,nM,5.0,4.92,15883
6638,P19969,EC50,1,12000.0,nM,5.0,4.92,15883
6638,P20236,EC50,1,12000.0,nM,5.0,4.92,15883
6638,P23574,EC50,1,12000.0,nM,5.0,4.92,15883
6638,P23576,EC50,1,12000.0,nM,5.0,4.92,15883
6638,P28471,EC50,1,12000.0,nM,5.0,4.92,15883
6638,P28473,EC50,1,12000.0,nM,5.0,4.92,15883
6638,P30191,EC50,1,12000.0,nM,5.0,4.92,15883
6638,P62813,EC50,1,12000.0,nM,5.0,4.92,15883
6638,P63079,EC50,1,12000.0,nM,5.0,4.92,15883
6638,P63138,EC50,1,12000.0,nM,5.0,4.92,15883
6638,Q91ZM7,EC50,1,12000.0,nM,5.0,4.92,15883
6638,Q9ES14,EC50,1,12000.0,nM,5.0,4.92,15883
664,P46663,IC50,3,3.4,nM,9.0,8.47,34991|35616
664,P48748,IC50,1,17.0,nM,9.0,7.77,34991
664,P97583,IC50,1,4.0,nM,9.0,8.4,34991
6642,Q96RJ0,EC50,1,308.0,nM,9.0,6.51,121679
6642,Q96RJ0,Emax,1,101.0,%,9.0,,121679
665,P46663,IC50,2,0.18,nM,9.0,9.74,44181|52840
665,Q9BDQ5,IC50,1,16.3,nM,9.0,7.79,52840
6650,P59533,EC50,1,2000.0,nM,9.0,5.7,113855
6658,P55085,IC50,4,1342.4450000000002,nM,9.0,5.88,101617|74997
667,O70526,IC50,2,3.2350000000000003,nM,9.0,8.620000000000001,12964
667,Q96LB1,EC50,2,29903.305,nM,9.0,4.55,131050
6674,P14416,EC50,1,1280.0,,9.0,,21477
6674,P14416,IC50,2,1280.0,nM,9.0,5.89,21255|36636
6674,P35462,EC50,1,14.4,,9.0,,21477
6674,P35462,IC50,3,14.4,nM,9.0,7.84,21255|36636
6675,P14416,EC50,1,80.9,,9.0,,21477
6675,P14416,IC50,2,80.9,nM,9.0,7.09,21255|36636
6675,P35462,EC50,1,3.0,,9.0,,21477
6675,P35462,IC50,2,3.005,nM,9.0,8.52,21255|36636
6677,Q96LB1,Emax,2,9.585,%,9.0,,131050
6679,Q9R0C9,EC50,1,10700.0,nM,9.0,4.97,30327
6687,P11229,IC50,1,13000.0,nM,9.0,4.89,108409
6687,P23975,IC50,1,11000.0,nM,8.0,4.96,13605
6687,P23977,IC50,1,22000.0,nM,8.0,4.66,10190
6687,P31652,IC50,2,13300.0,nM,8.0,4.92,10190|14162
6687,Q9WTR4,IC50,2,9450.0,nM,8.0,5.029999999999999,10190|14162
6691,Q07869,EC50,1,50.0,nM,9.0,7.3,131267
6693,P22303,EC50,1,1100.0,nM,8.0,5.96,5036
6698,P10275,IC50,1,43.0,nM,9.0,7.37,44729
6706,O00222,EC50,1,29200.0,nM,9.0,4.54,105330
6706,O15303,EC50,1,4200.0,nM,9.0,5.38,105330
6706,P31423,EC50,2,471.5,nM,8.5,6.52,102810|129237
6706,P35349,EC50,1,4200.0,nM,8.0,5.38,102810
6706,P35400,EC50,4,20349.225,nM,9.0,4.6899999999999995,102810|129237
6706,P70579,EC50,1,29200.0,nM,8.0,4.54,102810
6706,Q14833,EC50,1,110.0,nM,9.0,6.96,105330
6736,P9WHJ3,EC50,1,15200.0,nM,8.0,4.82,51887
6739,O00222,EC50,2,42700.0,nM,9.0,4.445,105330
6739,O15303,EC50,2,2450.0,nM,9.0,5.635,105330
6739,P31423,EC50,1,20000.0,nM,9.0,4.7,105330
6739,Q14831,EC50,2,77000.0,nM,9.0,4.28,105330
6739,Q14833,EC50,2,1550.0,nM,9.0,5.855,105330
6742,P37231,EC50,1,2.0,nM,8.0,8.7,20687
6743,P37231,EC50,3,2.0,nM,9.0,8.7,20402|20687|46826
6782,P42224,IC50,1,55700.0,nM,9.0,,51887
6782,Q6ZQN7,IC50,1,120.0,nM,8.0,6.92,64142
6784,Q9Y6L6,IC50,1,3700.0,nM,8.0,5.43,64126
6785,P02550,IC50,1,220.0,nM,8.0,6.66,157
6785,P04350,IC50,1,500.0,nM,4.0,6.3,11067
6785,P07437,IC50,1,500.0,nM,4.0,6.3,11067
6785,P0DPH7,IC50,1,500.0,nM,4.0,6.3,11067
6785,P33527,IC50,1,70000.0,nM,8.0,4.16,64425
6785,P68363,IC50,1,500.0,nM,4.0,6.3,11067
6785,P68366,IC50,1,500.0,nM,4.0,6.3,11067
6785,P68371,IC50,1,500.0,nM,4.0,6.3,11067
6785,Q13509,IC50,1,500.0,nM,4.0,6.3,11067
6785,Q13885,IC50,1,500.0,nM,4.0,6.3,11067
6785,Q25270,IC50,1,1000.0,nM,8.0,,20355
6785,Q3ZCM7,IC50,1,500.0,nM,4.0,6.3,11067
6785,Q6PEY2,IC50,1,500.0,nM,4.0,6.3,11067
6785,Q71U36,IC50,1,500.0,nM,4.0,6.3,11067
6785,Q9BQE3,IC50,1,500.0,nM,4.0,6.3,11067
6785,Q9BUF5,IC50,1,500.0,nM,4.0,6.3,11067
6785,Q9BVA1,IC50,1,500.0,nM,4.0,6.3,11067
6785,Q9H4B7,IC50,1,500.0,nM,4.0,6.3,11067
6792,P00915,IC50,1,250.0,nM,8.0,6.6,6532
6792,P00918,IC50,2,7.7,nM,8.0,8.195,16566|6532
6792,Q95323,IC50,1,70.0,nM,8.0,7.16,6532
6807,P00915,IC50,1,1200.0,nM,8.0,5.92,6532
6807,P00918,IC50,1,38.0,nM,8.0,7.42,6532
6807,Q95323,IC50,1,380.0,nM,8.0,6.42,6532
6808,Q7ZJM1,IC50,2,200000.0,nM,9.0,,14116
6815,P06492,IC50,1,35872.0,nM,8.0,,51887
6815,P06795,IC50,2,50000.0,nM,8.0,,17494
6815,P08183,IC50,3,50000.0,nM,8.0,,17494
6815,P21447,IC50,2,50000.0,nM,8.0,,17494
6815,Q15788,IC50,1,1153.0,nM,8.0,5.94,51887
6815,Q9Y6Q9,IC50,1,374.72,nM,8.0,6.43,51887
6818,P15207,IC50,1,100000.0,nM,8.0,,8804
6818,P18405,IC50,1,60.0,nM,9.0,7.22,21674
6818,P31213,IC50,1,2.0,nM,9.0,8.7,21674
6818,P31214,IC50,1,2100.0,nM,8.0,5.68,13745
6833,P51574,IC50,1,160000.0,nM,8.0,,64166
6833,Q63424,IC50,1,70000.0,nM,8.0,4.16,64166
6842,O60840,IC50,1,622500.0,nM,4.0,,91875
6842,Q01668,IC50,1,622500.0,nM,4.0,,91875
6842,Q13698,IC50,1,622500.0,nM,4.0,,91875
6842,Q13936,IC50,1,622500.0,nM,4.0,,91875
6849,P00915,IC50,1,250.0,nM,8.0,6.6,6532
6849,P00918,IC50,1,5.0,nM,8.0,8.3,6532
6849,Q95323,IC50,1,54.0,nM,8.0,7.27,6532
6851,O95342,IC50,2,88350.0,nM,8.0,4.21,64449
6851,P02550,IC50,1,600.0,nM,5.0,6.22,5183
6851,P02554,IC50,1,600.0,nM,5.0,6.22,5183
6851,P04350,IC50,1,70.0,nM,4.0,7.16,11067
6851,P06795,IC50,2,8000.0,nM,8.0,5.1,17494
6851,P07437,IC50,1,70.0,nM,4.0,7.16,11067
6851,P08183,EC50,2,24300.0,nM,8.0,4.654999999999999,64475
6851,P08183,IC50,7,29000.0,nM,8.0,4.7,17494|64358|64447
6851,P0DPH7,IC50,1,70.0,nM,4.0,7.16,11067
6851,P21447,IC50,2,50000.0,nM,8.0,,17494
6851,P33527,IC50,1,30000.0,nM,8.0,4.52,64425
6851,P68363,IC50,1,70.0,nM,4.0,7.16,11067
6851,P68366,IC50,1,70.0,nM,4.0,7.16,11067
6851,P68371,IC50,1,70.0,nM,4.0,7.16,11067
6851,Q13509,IC50,1,70.0,nM,4.0,7.16,11067
6851,Q13885,IC50,1,70.0,nM,4.0,7.16,11067
6851,Q25270,IC50,1,1000.0,nM,8.0,6.0,20772
6851,Q3ZCM7,IC50,1,70.0,nM,4.0,7.16,11067
6851,Q6B856,IC50,1,700.0,nM,5.0,6.16,14163
6851,Q6PEY2,IC50,1,70.0,nM,4.0,7.16,11067
6851,Q71U36,IC50,1,70.0,nM,4.0,7.16,11067
6851,Q862F3,IC50,1,700.0,nM,5.0,6.16,14163
6851,Q862L2,IC50,1,700.0,nM,5.0,6.16,14163
6851,Q92887,IC50,1,21000.0,nM,8.0,4.68,64358
6851,Q9BQE3,IC50,1,70.0,nM,4.0,7.16,11067
6851,Q9BUF5,IC50,1,70.0,nM,4.0,7.16,11067
6851,Q9BVA1,IC50,1,70.0,nM,4.0,7.16,11067
6851,Q9H4B7,IC50,1,70.0,nM,4.0,7.16,11067
6852,O15379,IC50,1,7200.0,nM,5.0,5.14,16825
6852,P27467,IC50,1,50000.0,nM,9.0,,51887
6852,P47806,IC50,1,2230.0,nM,8.0,5.65,51887
6852,P51843,IC50,2,34194.585,nM,8.0,6.13,51887
6852,P56524,IC50,1,7200.0,nM,5.0,5.14,16825
6852,Q13547,IC50,3,125.0,nM,9.0,6.9,16825|34701|34706
6852,Q8WUI4,IC50,1,7200.0,nM,5.0,5.14,16825
6852,Q92769,IC50,1,7200.0,nM,5.0,5.14,16825
6852,Q94F81,IC50,1,50.0,nM,9.0,7.3,30071
6852,Q969S8,IC50,1,7200.0,nM,5.0,5.14,16825
6852,Q96DB2,IC50,1,7200.0,nM,5.0,5.14,16825
6852,Q9BY41,IC50,1,7200.0,nM,5.0,5.14,16825
6852,Q9UBN7,IC50,1,7200.0,nM,5.0,5.14,16825
6852,Q9UKV0,IC50,1,7200.0,nM,5.0,5.14,16825
6852,Q9UQL6,IC50,1,7200.0,nM,5.0,5.14,16825
6853,Q72874,IC50,1,30000.0,nM,8.0,,12528
6896,P25095,IC50,1,2.8,nM,4.0,8.55,13768
6896,P29089,IC50,1,2.8,nM,4.0,8.55,13768
6898,P30556,Emax,1,0.5,hr,9.0,,21320
6902,P25095,EC50,1,10000.0,nM,9.0,,114464
6902,P30556,EC50,1,10000.0,nM,9.0,,114464
6912,O75751,IC50,1,7900.0,nM,9.0,5.1,124757
6922,O14842,EC50,1,100000.0,nM,9.0,,109609
6922,Q5NUL3,EC50,1,100000.0,nM,9.0,,109609
6922,Q9NQS5,EC50,2,60446.479999999996,nM,9.0,4.68,109609|111475
6922,Q9NQS5,Emax,1,27.0,%,9.0,,111475
6925,Q9UNQ0,IC50,1,176.0,nM,8.0,6.75,64849
6929,K9N7C7,IC50,2,10000.0,nM,8.0,,115086
6929,P0DTD1,IC50,2,115.0,nM,9.0,6.96,115086
6937,P11229,EC50,1,2.042,nM,9.0,8.69,91472
6937,P11229,Emax,1,102.0,%,9.0,,91472
6938,P08172,EC50,1,3200.0,nM,9.0,5.5,128850
6938,P08172,Emax,1,139.0,%,9.0,,128850
6938,P08173,EC50,1,28.0,nM,9.0,7.55,128850
6938,P08173,Emax,1,93.0,%,9.0,,128850
6938,P08485,EC50,1,101000.0,nM,9.0,,128850
6938,P08485,Emax,1,101.0,%,9.0,,128850
6943,P10275,IC50,4,2600.0,nM,9.0,6.0,43799|45160|50705|52929
6951,P02766,IC50,1,7170.0,nM,8.0,5.14,37166
6952,P10276,EC50,1,63.0,nM,9.0,7.2,131267
6952,P10826,EC50,1,0.8,nM,9.0,9.1,131267
6952,P13631,EC50,1,40.0,nM,9.0,7.4,131267
6953,P04774,IC50,1,10000.0,nM,5.0,,16581
6953,P04775,IC50,1,10000.0,nM,5.0,,16581
6953,P08104,IC50,1,10000.0,nM,5.0,,16581
6953,P59540,EC50,1,31000.0,nM,9.0,4.51,113910
6953,Q96LB1,EC50,2,4562.19,nM,9.0,5.36,131050
6953,Q96LB1,Emax,2,75.185,%,9.0,,131050
6961,P40238,EC50,2,38.0,nM,9.0,7.42,44587|45782
6961,P40238,Efficacy,2,127.0,%,9.0,,44587|45782
6961,Q12809,IC50,2,792762.075,nM,8.0,6.2,91843
6961,Q14524,IC50,2,237358.545,nM,8.5,,91843
6961,Q9UK17,IC50,1,1584893.19,nM,8.0,,91843
6965,P32245,EC50,1,0.65,nM,9.0,9.19,83755
6967,P34998,IC50,1,0.99,nM,8.0,9.0,16702
6967,P35347,Emax,1,87.0,%,9.0,,21217
6967,Q13324,IC50,1,6.2,nM,8.0,8.21,16702
6967,Q60748,Emax,1,82.0,%,9.0,,21217
6975,P56726,IC50,4,26.0,nM,9.0,7.78,107408|108373|120870|65729
6975,Q62226,IC50,1,3.0,nM,9.0,8.52,47183
6975,Q99835,IC50,2,20.0,nM,9.0,7.815,61928|77155
6976,P25105,IC50,1,50000.0,nM,8.0,,10780
6976,Q63089,IC50,1,14000.0,nM,8.0,4.85,64257
6976,Q9R0W2,IC50,1,26000.0,nM,8.0,4.58,64257
6981,O35505,IC50,1,570.0,nM,9.0,6.24,91874
6981,P08183,IC50,1,22000.0,nM,8.0,4.66,64769
6981,Q13936,IC50,2,2700.0,nM,8.0,5.65,91874
6988,Q92633,IC50,2,87.5,nM,9.0,7.21,66561|93566
6988,Q99677,IC50,1,8000.0,nM,9.0,,93566
6988,Q9H1C0,IC50,1,8000.0,nM,9.0,,93566
6988,Q9HBW0,IC50,1,8000.0,nM,9.0,,93566
6988,Q9UBY5,IC50,1,8000.0,nM,9.0,,93566
6990,Q9HBW0,EC50,1,1000.0,nM,9.0,6.0,21365
6990,Q9HBW0,Emax,1,100.0,%,9.0,,21365
6990,Q9UBY5,IC50,1,28.0,nM,9.0,7.55,21365
6996,O95136,EC50,4,7500.0,nM,9.0,,119116|21408|50628|59075
6996,O95136,IC50,1,5.9,nM,9.0,8.23,60629
6996,O95977,EC50,5,22.0,nM,9.0,7.66,119116|119722|21408|50628|59075
6996,O95977,Emax,1,48.0,%,9.0,,59075
6996,O95977,IC50,1,2.2,nM,9.0,8.66,60629
6996,P21453,EC50,14,0.37,nM,9.0,9.29,103905|119116|119722|128647|21408|50628|59075|61042|61365|62024|90049|90241
6996,P21453,Emax,2,100.0,%,9.0,,59075|90049
6996,P21453,IC50,1,2.1,nM,9.0,8.68,60629
6996,P48303,EC50,2,0.29,nM,9.0,9.54,61042|61365
6996,Q99500,EC50,10,3.3,nM,9.0,8.48,119116|21408|50628|59075|60783|61042|61365|62024|90241
6996,Q99500,Efficacy,1,35.0,%,9.0,,60783
6996,Q99500,Emax,1,62.0,%,9.0,,59075
6996,Q99500,IC50,1,23.0,nM,9.0,7.64,60629
6996,Q9H228,EC50,6,0.36,nM,9.0,9.44,119116|119722|21408|50628|59075|61042
6996,Q9H228,Emax,1,7.2,%,9.0,,59075
6997,O95136,IC50,1,10000.0,nM,9.0,,75986
6997,O95977,IC50,1,10000.0,nM,9.0,,75986
6997,P21453,EC50,1,10000.0,nM,9.0,,128647
6997,P21453,IC50,4,2.25,nM,9.0,8.649999999999999,128279|128647|75986
6997,Q99500,IC50,1,10000.0,nM,9.0,,75986
6997,Q9H228,IC50,1,10000.0,nM,9.0,,75986
7000,P05186,IC50,2,100000.0,nM,9.0,,51887
7000,P09923,IC50,3,44100.0,nM,9.0,4.745,51887
7000,P10696,IC50,2,81750.0,nM,9.0,4.2,51887
7000,P24822,IC50,2,15350.0,nM,9.0,4.825,51887
7000,P35354,IC50,1,11060.0,nM,8.0,4.96,20912
7000,P65502,IC50,2,42900.0,nM,9.0,,51887
7000,P87108,IC50,1,19700.0,nM,9.0,4.71,51887
7002,K9N7C7,IC50,2,10000.0,nM,8.0,,115086
7002,O95342,IC50,1,214000.0,nM,8.0,,64449
7002,P0DTD1,IC50,2,1150.0,nM,9.0,5.97,115086
7005,O15379,IC50,1,100.0,nM,5.0,7.0,16825
7005,P56524,EC50,2,2500.0,nM,8.0,5.7,17295
7005,P56524,IC50,1,100.0,nM,5.0,7.0,16825
7005,Q13547,EC50,1,1000.0,nM,8.0,6.0,4541
7005,Q13547,IC50,1,100.0,nM,5.0,7.0,16825
7005,Q8WUI4,IC50,1,100.0,nM,5.0,7.0,16825
7005,Q92769,IC50,1,100.0,nM,5.0,7.0,16825
7005,Q969S8,IC50,1,100.0,nM,5.0,7.0,16825
7005,Q96DB2,IC50,1,100.0,nM,5.0,7.0,16825
7005,Q9BY41,IC50,1,100.0,nM,5.0,7.0,16825
7005,Q9UBN7,IC50,1,100.0,nM,5.0,7.0,16825
7005,Q9UKV0,IC50,1,100.0,nM,5.0,7.0,16825
7005,Q9UQL6,IC50,1,100.0,nM,5.0,7.0,16825
7007,O15379,EC50,1,1000.0,nM,5.0,6.0,6301
7007,P56524,EC50,1,1000.0,nM,5.0,6.0,6301
7007,Q13547,EC50,1,1000.0,nM,5.0,6.0,6301
7007,Q8WUI4,EC50,1,1000.0,nM,5.0,6.0,6301
7007,Q92769,EC50,1,1000.0,nM,5.0,6.0,6301
7007,Q969S8,EC50,1,1000.0,nM,5.0,6.0,6301
7007,Q96DB2,EC50,1,1000.0,nM,5.0,6.0,6301
7007,Q9BY41,EC50,1,1000.0,nM,5.0,6.0,6301
7007,Q9UBN7,EC50,1,1000.0,nM,5.0,6.0,6301
7007,Q9UKV0,EC50,1,1000.0,nM,5.0,6.0,6301
7007,Q9UQL6,EC50,1,1000.0,nM,5.0,6.0,6301
7015,Q96KQ7,IC50,2,48.0,nM,9.0,7.09,131266|131267
702,O60894,IC50,1,0.1,nM,7.0,10.0,31132
702,Q16602,IC50,2,2.05,nM,8.0,9.2,31132|76836
7026,P10520,EC50,2,75636.5,nM,8.0,5.89,51887
7026,P11411,IC50,1,25000.0,nM,9.0,,51887
7026,P11413,IC50,1,30100.0,nM,8.0,4.52,51887
7026,P31941,IC50,1,100000.0,nM,9.0,,51887
7026,P51531,EC50,1,91161.0,nM,8.0,,51887
7026,P63073,IC50,1,15241.18,nM,8.0,,51887
7026,Q38C41,IC50,1,2644.0,nM,8.0,5.58,51887
7026,Q9BHT9,IC50,3,19100.0,nM,8.0,4.72,51887
7026,Q9H0H5,IC50,1,87440.0,nM,9.0,,51887
7026,Q9HC16,IC50,1,18200.0,nM,9.0,4.74,51887
703,Q16602,IC50,10,6.7,nM,9.0,8.29,37140|48035|49008|57394|90337
7033,P08172,IC50,1,15800.0,nM,9.0,,131123
7033,P11229,IC50,1,15100.0,nM,9.0,,131123
7033,P25103,IC50,1,40000.0,nM,9.0,,131123
7033,P28223,IC50,1,40000.0,nM,9.0,,131123
7033,P28335,IC50,1,40000.0,nM,9.0,,131123
7033,P35367,IC50,1,40000.0,nM,9.0,,131123
7033,P35368,IC50,1,40000.0,nM,9.0,,131123
7033,P37288,IC50,1,50000.0,nM,9.0,,131123
7046,P00915,IC50,1,31.0,nM,8.0,7.51,6532
7046,P00918,IC50,1,15.0,nM,8.0,7.82,6532
7046,Q6B856,IC50,1,100000.0,nM,5.0,,16718
7046,Q862F3,IC50,1,100000.0,nM,5.0,,16718
7046,Q862L2,IC50,1,100000.0,nM,5.0,,16718
7046,Q95323,IC50,1,65.0,nM,8.0,7.19,6532
7048,Q80SS6,EC50,4,305.5,nM,9.0,6.52,117995|119868|126938|75120
7048,Q8TDU6,EC50,14,900.0,nM,9.0,6.05,117726|117995|119868|126512|126845|126938|129801|48649|62747|72247|74401|75120|90643
7048,Q8TDU6,Efficacy,5,117.0,%,9.0,,117726|126512|126845|48649|62747
7048,Q96RI1,EC50,2,100000.0,nM,8.5,,48649|62747
7048,Q96RI1,Efficacy,2,33.5,%,8.5,,48649|62747
7049,O95838,EC50,1,0.01,nM,9.0,11.0,109393
7054,P05093,IC50,1,60000.0,nM,8.0,4.22,10972
7054,P05108,IC50,1,80000.0,nM,8.0,4.1,10896
7054,P11511,IC50,2,21500.0,nM,8.0,4.705,10896|10972
7054,P30099,IC50,3,80000.0,nM,9.0,4.199999999999999,10972|12892
7058,P11413,IC50,1,35700.0,nM,8.0,4.45,51887
7058,P29990,IC50,1,18460.0,nM,8.0,,51887
7058,P51684,IC50,1,66600.0,nM,9.0,,51887
7058,P54149,EC50,1,34146.0,nM,8.0,4.47,51887
7058,Q2TB90,IC50,2,3550.0,nM,9.0,5.455,51887
7058,Q8VNN2,IC50,1,66600.0,nM,9.0,,51887
7058,Q932Y6,IC50,1,49836.0,nM,9.0,,51887
7058,Q9BHT9,IC50,3,38200.0,nM,8.0,5.01,51887
7061,O60755,IC50,1,29900.0,nM,8.0,,51887
7063,P33527,IC50,1,8000.0,nM,8.0,5.1,64425
7069,P33527,IC50,1,50000.0,nM,8.0,4.3,64425
7069,Q15125,IC50,4,250.0,nM,7.0,6.609999999999999,35299
7069,Q9UBM7,IC50,4,250.0,nM,7.0,6.609999999999999,35299
7074,P37231,EC50,3,79370.0,nM,5.0,,51887
7074,P47747,IC50,1,300.0,nM,9.0,6.52,12298
7074,Q15596,EC50,1,79370.0,nM,5.0,,51887
7074,Q15788,EC50,1,79370.0,nM,5.0,,51887
7074,Q9Y6Q9,EC50,1,79370.0,nM,5.0,,51887
7080,P04150,EC50,1,1.09,nM,9.0,8.96,59145
7081,Q96LB1,EC50,2,14792.825,nM,9.0,4.845000000000001,131050
7081,Q96LB1,Emax,2,59.945,%,9.0,,131050
7082,P35372,EC50,1,2.6,nM,9.0,8.59,46432
7082,P35372,Emax,1,70.0,%,9.0,,46432
7082,P41145,EC50,1,11.0,nM,9.0,7.96,46432
7082,P41145,Emax,1,78.0,%,9.0,,46432
7093,P33534,EC50,1,16000.0,nM,9.0,4.8,74620
7093,P33535,EC50,1,25.0,nM,9.0,7.6,111891
7093,P33535,Emax,1,137.0,%,9.0,,111891
7093,P35372,EC50,5,17.0,nM,9.0,7.77,102936|111816|117545|121597|74620
7093,P35372,Emax,3,100.0,%,9.0,,111816|117545|121597
7093,P41143,EC50,1,4000.0,nM,9.0,5.4,74620
7093,P41145,EC50,1,16000.0,nM,9.0,4.8,74620
7093,P42866,EC50,1,160.0,nM,9.0,6.8,74620
7094,P35372,EC50,1,7.8,nM,9.0,8.11,105106
7094,P35372,Emax,1,91.5,%,9.0,,105106
7095,P01375,IC50,1,85000.0,nM,8.0,4.07,13353
7097,P10520,EC50,1,2605.0,nM,8.0,5.58,51887
7100,P19091,EC50,1,2.8,nM,8.0,8.55,36821
7101,Q9UNQ0,IC50,1,170.0,nM,8.0,,64849
7104,Q14973,IC50,1,3600.0,nM,8.0,5.44,64025
7104,Q8TDU6,EC50,3,36400.0,nM,9.0,5.03,117726|39106|91121
7104,Q8TDU6,Efficacy,1,74.9,%,9.0,,39106
7104,Q96RI1,EC50,1,50000.0,nM,9.0,,39106
7108,P08183,IC50,1,112000.0,nM,8.0,,64389
7109,P15382,IC50,1,125892.54,nM,6.0,,91843
7109,P25100,IC50,1,23.0,nM,5.0,7.64,124794
7109,P35348,IC50,1,23.0,nM,5.0,7.64,124794
7109,P35368,IC50,1,23.0,nM,5.0,7.64,124794
7109,P51787,IC50,1,125892.54,nM,6.0,,91843
7109,Q12809,IC50,3,19952.62,nM,8.0,4.800000000000001,91843
7109,Q13936,IC50,1,199526.23,nM,8.0,,91843
7109,Q14524,IC50,2,892209.71,nM,8.5,,91843
7109,Q9UK17,IC50,1,1000000.0,nM,8.0,,91843
711,P41180,IC50,1,270.0,nM,9.0,6.57,30385
7111,P21556,IC50,1,22000.0,nM,8.0,4.66,12202
7113,K9N7C7,IC50,1,10000.0,nM,8.0,,115086
7114,O00408,IC50,1,34000.0,nM,9.0,4.47,11179
7114,Q13370,IC50,1,50.0,nM,5.0,7.3,11179
7114,Q14432,IC50,1,50.0,nM,5.0,7.3,11179
7114,Q9H244,EC50,2,525.525,PuM|nM,8.0,5.98,11328
7117,P08913,EC50,1,1.9,nM,4.0,8.72,13545
7117,P18089,EC50,1,1.9,nM,4.0,8.72,13545
7117,P18825,EC50,1,1.9,nM,4.0,8.72,13545
7117,P25100,EC50,1,180.0,nM,4.0,6.75,13545
7117,P35348,EC50,1,180.0,nM,4.0,6.75,13545
7117,P35368,EC50,1,180.0,nM,4.0,6.75,13545
7119,P25105,IC50,1,50000.0,nM,8.0,,10780
7121,O35505,IC50,2,14100.0,nM,9.0,4.9,91874|94011
7121,P08183,IC50,2,23000.0,nM,8.0,4.66,64768
7133,P22002,IC50,1,16120.0,nM,9.0,4.79,94011
7133,P31652,IC50,1,300.0,nM,8.0,6.52,7275
7133,Q9WTR4,IC50,1,4700.0,nM,8.0,5.33,7275
7135,P02708,IC50,3,7900.0,nM,7.0,5.1,49703|51842|58449
7135,P07510,IC50,3,7900.0,nM,7.0,5.1,49703|51842|58449
7135,P08648,IC50,1,1800.0,nM,7.0,5.75,58449
7135,P11230,IC50,3,7900.0,nM,7.0,5.1,49703|51842|58449
7135,P17787,IC50,4,6900.0,nM,7.0,4.92,49703|51842|58449
7135,P30926,IC50,6,1800.0,nM,7.0,5.335,49703|51842|58449
7135,P32297,IC50,3,1800.0,nM,7.0,5.75,49703|51842|58449
7135,P43681,IC50,6,12000.0,nM,7.0,4.92,49703|51842|58449
7135,Q07001,IC50,3,7900.0,nM,7.0,5.1,49703|51842|58449
7148,O60840,IC50,1,91200.0,nM,4.0,4.04,91875
7148,Q01668,IC50,1,91200.0,nM,4.0,4.04,91875
7148,Q13698,IC50,1,91200.0,nM,4.0,4.04,91875
7148,Q13936,IC50,1,91200.0,nM,4.0,4.04,91875
7157,P08183,IC50,1,43000.0,nM,8.0,4.37,64448
7157,P20309,IC50,1,243.0,nM,9.0,6.61,129027
7157,P35367,IC50,2,0.737,nM,9.0,9.135,129027
7158,P31652,IC50,1,180.0,nM,8.0,6.75,10349
7158,Q12809,IC50,2,10101905.895,nM,8.0,,91843
7158,Q14524,IC50,2,257877.0,nM,8.5,,91843
7158,Q9UK17,IC50,1,5011872.34,nM,8.0,,91843
7158,Q9WTR4,IC50,1,1160.0,nM,8.0,5.94,10349
716,P41180,IC50,4,24.5,nM,9.0,7.609999999999999,30385|48507|51375|57865
716,P48442,IC50,2,495.0,nM,9.0,6.3100000000000005,30385|31530
7160,P87108,IC50,1,25600.0,nM,9.0,4.59,51887
7162,Q4U2R8,IC50,1,850.0,nM,8.0,6.07,64324
7167,O60840,IC50,1,1036700.0,nM,4.0,,91875
7167,Q01668,IC50,1,1036700.0,nM,4.0,,91875
7167,Q13698,IC50,1,1036700.0,nM,4.0,,91875
7167,Q13936,IC50,1,1036700.0,nM,4.0,,91875
7168,K9N7C7,IC50,1,26800.0,nM,8.0,4.57,115086
7168,O75762,EC50,1,3000.0,nM,9.0,5.52,51267
7168,P03070,IC50,1,10730.0,nM,9.0,,51887
7168,P0DTD1,IC50,1,220.0,nM,9.0,6.66,115086
7168,P11413,IC50,1,80000.0,nM,8.0,,51887
7168,P30556,IC50,1,6637.0,nM,9.0,5.18,51887
7168,Q8VNN2,EC50,1,40000.0,nM,8.0,,51887
7168,Q9BHT9,IC50,3,80000.0,nM,8.0,5.0,51887
717,Q13304,IC50,1,30000.0,nM,9.0,,108455
717,Q6DWJ6,EC50,1,320000.0,nM,9.0,,127962
7172,O60840,IC50,1,7600.0,nM,4.0,5.12,91875
7172,Q01668,IC50,1,7600.0,nM,4.0,5.12,91875
7172,Q12809,IC50,2,32.28,nM,9.0,7.49,16592|20904
7172,Q13698,IC50,1,7600.0,nM,4.0,5.12,91875
7172,Q13936,IC50,1,7600.0,nM,4.0,5.12,91875
7174,P31389,IC50,1,6.1,nM,9.0,8.21,8985
7177,P50406,IC50,1,55.0,nM,9.0,7.26,130065
7178,P22002,IC50,1,450000.0,nM,9.0,,94011
7179,P03070,IC50,1,100000.0,nM,9.0,,51887
718,P41180,EC50,1,194.0,nM,9.0,6.71,48522
7185,Q4U2R8,IC50,1,50000.0,nM,8.0,4.3,64324
7186,P23204,EC50,1,18000.0,nM,9.0,4.75,15797
7186,P37230,EC50,2,29500.0,nM,8.5,4.31,17140|38094
7186,P37231,EC50,2,152500.0,nM,9.0,,15797|47370
7186,P37238,EC50,1,250000.0,nM,9.0,,15797
7186,Q07869,EC50,6,31750.0,nM,8.5,4.494999999999999,15797|17140|45295|47370|48492
7189,O35505,IC50,2,4900.0,nM,9.0,5.31,91842|91874
7189,P23977,IC50,1,45000.0,nM,8.0,4.35,8122
7189,P31652,IC50,1,540.0,nM,9.0,6.27,8122
7189,Q12809,IC50,1,3100.0,nM,8.0,5.51,91842
7189,Q14524,IC50,1,39400.0,nM,9.0,4.41,91842
7189,Q9WTR4,IC50,1,1900.0,nM,8.0,5.72,8122
719,P48442,EC50,2,131.91500000000002,nM,9.0,6.88,97821
7197,P35236,IC50,1,100000.0,nM,9.0,,51887
7200,O60840,IC50,1,62500.0,nM,4.0,4.2,91875
7200,Q01668,IC50,1,62500.0,nM,4.0,4.2,91875
7200,Q13698,IC50,1,62500.0,nM,4.0,4.2,91875
7200,Q13936,IC50,1,62500.0,nM,4.0,4.2,91875
7208,K9N7C7,IC50,1,10000.0,nM,8.0,,115086
7208,P08183,IC50,1,62800.0,nM,8.0,4.2,64383
7208,P0DTD1,IC50,2,995.0,nM,9.0,6.105,115086
7209,Q96LB1,Emax,2,13.26,%,9.0,,131050
721,Q8K4Z6,EC50,1,284000.0,nM,9.0,,85885
721,Q8WY07,EC50,1,283000.0,nM,9.0,,124755
7215,O08858,IC50,1,63550.0,nM,9.0,4.2,129553
7215,P08183,IC50,1,2500.0,nM,8.0,5.6,64389
7215,P35346,IC50,1,33110.0,nM,9.0,4.48,129553
7215,P41143,EC50,1,156.0,nM,8.0,6.81,21107
7215,P97266,EC50,1,58.0,nM,9.0,7.24,21107
7216,O60840,IC50,1,11400.0,nM,4.0,4.94,91875
7216,P08183,IC50,1,11400.0,nM,8.0,4.94,64448
7216,P25105,IC50,1,50000.0,nM,8.0,,10780
7216,Q01668,IC50,1,11400.0,nM,4.0,4.94,91875
7216,Q12809,IC50,1,173.0,nM,9.0,6.76,16592
7216,Q13698,IC50,1,11400.0,nM,4.0,4.94,91875
7216,Q13936,IC50,1,11400.0,nM,4.0,4.94,91875
7219,P12527,IC50,1,24000.0,nM,8.0,4.62,12251
7221,P35372,EC50,1,9400.0,nM,9.0,5.03,45924
7221,P35372,Emax,1,28.0,%,9.0,,45924
7221,Q96LB1,Emax,2,21.005,%,9.0,,131050
724,Q8WY07,EC50,1,158000.0,nM,9.0,,124755
7242,O60840,IC50,1,22500.0,nM,4.0,4.65,91875
7242,P33527,IC50,3,1.5,nM,8.0,8.82,64386
7242,Q01668,IC50,1,22500.0,nM,4.0,4.65,91875
7242,Q13698,IC50,1,22500.0,nM,4.0,4.65,91875
7242,Q13936,IC50,1,22500.0,nM,4.0,4.65,91875
7242,Q194T2,IC50,1,2049.0,nM,8.0,,51887
7242,Q9H0H5,IC50,1,14460.0,nM,9.0,,51887
7246,P15382,IC50,2,27829.825,nM,6.0,4.6,91843
7246,P51787,IC50,2,27829.825,nM,6.0,4.6,91843
7246,Q12809,IC50,3,6309.57,nM,8.0,5.2,91843
7246,Q13936,IC50,1,15848.93,nM,9.0,4.8,91843
7246,Q14524,IC50,2,7126.424999999999,nM,8.5,5.15,91843
7246,Q9UK17,IC50,1,50118.72,nM,8.0,4.3,91843
7247,P08183,IC50,1,4700.0,nM,8.0,5.33,64457
7251,P35367,IC50,1,97723.72,nM,9.0,4.01,65840
7254,P11940,IC50,2,47050.0,nM,8.0,4.55,51887
7258,O60840,IC50,1,193900.0,nM,4.0,,91875
7258,P08908,EC50,1,10000.0,nM,9.0,,105626
7258,P14416,IC50,1,8.28,nM,9.0,8.08,105626
7258,P15382,IC50,1,251188.64,nM,6.0,,91843
7258,P28223,IC50,1,5.2,nM,9.0,8.28,105626
7258,P51787,IC50,1,251188.64,nM,6.0,,91843
7258,Q01668,IC50,1,193900.0,nM,4.0,,91875
7258,Q12809,IC50,3,1258.93,nM,8.0,5.9,91843
7258,Q13698,IC50,1,193900.0,nM,4.0,,91875
7258,Q13936,IC50,3,398107.17,nM,8.0,,91843|91875
7258,Q14524,IC50,2,91804.09,nM,8.5,4.6,91843
7258,Q9UK17,IC50,1,63095.73,nM,8.0,4.2,91843
7260,P08183,IC50,1,17900.0,nM,8.0,4.75,64383
7260,Q9UNQ0,IC50,1,10000.0,nM,8.0,5.0,64845
7268,O15244,IC50,1,4900.0,nM,8.0,5.31,64752
7268,O15245,IC50,1,2720.0,nM,8.0,5.57,64752
7268,O75751,IC50,1,6130.0,nM,8.0,5.21,64752
7269,Q96RJ0,EC50,1,5470.0,nM,9.0,5.26,43967
7269,Q96RJ0,Emax,1,68.0,%,9.0,,43967
7273,Q4U2R8,IC50,1,20500.0,nM,8.0,4.69,64324
7277,P19320,IC50,1,50000.0,nM,8.0,,5032
7279,Q07820,IC50,1,3773.28,nM,9.0,5.42,51887
7280,P35367,IC50,1,17782.79,nM,9.0,4.75,65840
7281,P35367,IC50,1,2454.71,nM,9.0,5.61,65840
729,P20272,EC50,2,512.5,nM,9.0,6.8,129494|31046
729,P20272,Emax,2,333.85,%,9.0,,129494|31046
729,P21554,EC50,1,23.0,nM,9.0,7.64,35535
729,P34972,EC50,1,17.0,nM,9.0,7.77,35535
729,P47936,EC50,1,18.0,nM,9.0,7.75,129494
729,P47936,Emax,1,35.2,%,9.0,,129494
729,Q5NUL3,IC50,1,10000.0,nM,9.0,,128647
7291,Q13936,IC50,1,311000.0,nM,8.0,,94011
7292,Q13936,IC50,1,38900.0,nM,9.0,4.41,94011
7295,P14416,EC50,7,304.0,nM,9.0,6.52,104588|37919|49130|49668|52843|90877
7295,P14416,Emax,5,83.9,%,9.0,,104588|49130|49668|52843|90877
7295,P19020,EC50,1,3.89,nM,5.0,8.41,69748
7295,P19020,Emax,1,49.4,%,5.0,,69748
7295,P35462,EC50,4,10.3,nM,9.0,7.99,37919|49130|49668|52843
7295,P35462,Emax,3,66.6,%,9.0,,49130|49668|52843
7295,P61169,EC50,2,39.695,nM,7.0,7.765000000000001,69748
7295,P61169,Emax,2,41.2,%,7.0,,69748
7297,O60840,IC50,1,193300.0,nM,4.0,,91875
7297,Q01668,IC50,1,193300.0,nM,4.0,,91875
7297,Q13698,IC50,1,193300.0,nM,4.0,,91875
7297,Q13936,IC50,2,608150.0,nM,6.5,,91874|91875
7298,P35363,EC50,1,5336.0,nM,9.0,,51887
7298,P35372,EC50,1,92590.0,nM,9.0,,51887
7299,P15382,IC50,2,204838.98,nM,6.0,,91843
7299,P51787,IC50,2,204838.98,nM,6.0,,91843
7299,Q12809,IC50,3,100000.0,nM,8.0,4.05,91843
7299,Q13936,IC50,1,398107.17,nM,9.0,,91843
7299,Q14524,IC50,2,142190.93,nM,8.5,,91843
73,P08908,Emax,4,2.0,%,9.0,,106209|108294
73,P08908,IC50,2,4.865,nM,9.0,8.31,106209|108294
7301,P11940,IC50,2,54725.0,nM,8.0,4.36,51887
7302,P25100,IC50,1,5.0,nM,5.0,8.3,124794
7302,P35348,IC50,1,5.0,nM,5.0,8.3,124794
7302,P35368,IC50,1,5.0,nM,5.0,8.3,124794
7308,G3HDX1,EC50,1,322.0,nM,8.0,6.49,102394
7308,G3HDX1,Emax,1,61.0,%,8.0,,102394
7308,P08913,EC50,1,86.0,nM,9.0,7.07,102394
7308,P08913,Emax,1,93.0,%,9.0,,102394
7308,P18130,EC50,1,264.0,nM,9.0,6.58,102394
7308,P18130,Emax,1,63.0,%,9.0,,102394
7308,P18825,EC50,1,1231.0,nM,9.0,5.91,102394
7308,P18825,Emax,1,85.0,%,9.0,,102394
731,P20272,EC50,1,5.012,nM,9.0,8.3,30443
731,P20272,Emax,1,396.0,%,9.0,,30443
731,P21554,EC50,2,20.3,nM,9.0,8.31,30590|48965
731,P21554,Emax,1,201.2,%,9.0,,30590
731,P34972,EC50,5,3.0,nM,9.0,8.52,30560|35787|44960|48965|91701
731,P34972,Emax,2,212.55,%,9.0,,30560|91701
7312,P38532,EC50,1,195000.0,nM,9.0,,51887
7313,P21556,IC50,1,11100.0,nM,8.0,4.96,12202
7320,P15382,IC50,1,630957.34,nM,6.0,,91843
7320,P51787,IC50,1,630957.34,nM,6.0,,91843
7320,Q12809,IC50,3,79432.82,nM,8.0,4.3,91843
7320,Q13936,IC50,2,133518.785,nM,8.5,4.8,91843
7320,Q14524,IC50,2,1355706.33,nM,8.5,,91843
7320,Q9UK17,IC50,1,79432.82,nM,8.0,4.1,91843
7321,P31652,IC50,3,190.0,nM,8.0,6.72,10349
7321,Q9WTR4,IC50,3,760.0,nM,8.0,6.12,10349
7329,Q33BM1,EC50,1,95.0,nM,9.0,7.02,107195
733,P20272,EC50,1,10.0,nM,9.0,8.0,49092
733,P21554,EC50,10,40.5,nM,9.0,7.395,112218|114058|36602|37297|49092|52442|54124|55784|59029|62033
733,P21554,Emax,3,98.3,%,9.0,,112218|114058|36602
733,P21554,IC50,2,9.5,nM,8.5,8.235,37625|41874
733,P34972,EC50,17,14.8,nM,9.0,7.83,114623|30560|36602|37843|39110|44405|49092|54738|59029|65492|66029|71989|74531|77011|91648|98604
733,P34972,Emax,14,156.5,%,9.0,,107100|114623|30560|36602|37843|44405|54738|65492|66029|74531|77011|91648|98604
733,P34972,IC50,2,8.4,nM,9.0,8.38,37625|65815
733,P47746,EC50,2,827.0,nM,9.0,6.265000000000001,31877|37836
733,P47746,Emax,1,187.0,%,9.0,,31877
733,Q9QZN9,EC50,1,1.5,nM,9.0,8.82,49092
7334,P35372,EC50,5,7.943,nM,9.0,8.1,121906|75319
7334,P35372,Efficacy,1,84.0,%,9.0,,75319
7334,P35372,Emax,2,48.55,%,9.0,,121906
7334,P41143,EC50,2,6400.0,nM,9.0,5.55,121906|75319
7334,P41145,EC50,2,5700.0,nM,9.0,5.85,121906|75319
7334,P42866,EC50,6,32.43,nM,9.0,7.49,127638
7334,P42866,Emax,3,49.1,%,9.0,,127638
7339,P05067,IC50,1,41000.0,nM,9.0,4.39,30157
7340,P05067,IC50,1,280000.0,nM,9.0,,30157
7340,P23219,IC50,1,44000.0,nM,9.0,4.36,31030
7346,Q9Y5N1,IC50,1,1.7,nM,9.0,8.77,43963
7352,P08172,EC50,1,10000.0,nM,9.0,,128647
7355,P03372,IC50,1,3.7,nM,9.0,8.43,15953
7360,Q9H244,IC50,3,25.0,nM,9.0,7.6,123209|74638|83856
7361,P41146,EC50,1,1000.0,nM,9.0,,30611
7361,P41146,IC50,1,0.15,nM,9.0,9.82,30611
7362,P35372,EC50,1,120.0,nM,9.0,6.92,51283
7362,P41143,EC50,1,380.0,nM,9.0,6.42,51283
7362,P41145,EC50,1,6.0,nM,9.0,8.22,51283
7362,Q96LB1,Emax,2,54.395,%,9.0,,131050
7363,P30989,EC50,10,0.6,nM,9.0,9.22,108454|111262|126558|90417|98807
7363,P30989,Emax,1,100.0,%,9.0,,90417
738,P20272,EC50,1,316.23,nM,9.0,6.5,30443
738,P20272,Emax,1,326.0,%,9.0,,30443
738,P21554,EC50,1,241.0,nM,9.0,,130688
7380,P11802,IC50,23,120.0,nM,9.0,6.92,128650
7380,Q00534,IC50,23,120.0,nM,9.0,6.92,128650
739,P20272,EC50,1,398.11,nM,9.0,6.4,30443
739,P20272,Emax,1,351.0,%,9.0,,30443
7393,Q5NUL3,EC50,1,10000.0,nM,9.0,,128647
7399,P27815,IC50,1,54.0,nM,9.0,7.27,131266
7399,Q07343,IC50,1,65.0,nM,9.0,7.19,131266
7399,Q08493,IC50,1,239.0,nM,9.0,6.62,131266
7399,Q08499,IC50,1,166.0,nM,9.0,6.78,131266
740,P20272,EC50,2,218.115,nM,8.5,6.71,14128|30443
740,P20272,Emax,1,131.0,%,9.0,,30443
740,P34972,EC50,1,261.2,nM,8.0,6.58,14128
7402,Q4U2R8,IC50,1,200000.0,nM,8.0,,64324
7405,P23204,EC50,1,2340.0,nM,9.0,5.63,47054
7405,P37230,EC50,1,2260.0,nM,9.0,5.65,47054
7405,P37231,EC50,1,21.0,nM,9.0,7.68,47054
7405,Q03181,EC50,1,53.0,nM,8.0,7.28,47054
7405,Q07869,EC50,1,50.0,nM,9.0,7.3,47054
7407,P14270,IC50,1,180.0,nM,5.0,6.75,4674
7407,P14644,IC50,1,180.0,nM,5.0,6.75,4674
7407,P14646,IC50,1,180.0,nM,5.0,6.75,4674
7407,P27815,IC50,1,18000.0,nM,9.0,4.75,4847
7407,P54748,IC50,1,180.0,nM,5.0,6.75,4674
741,Q9Y2T6,EC50,1,13600.0,nM,9.0,4.87,82042
7415,P15121,IC50,1,170.0,nM,8.0,6.77,10599
7416,P06401,EC50,1,0.15,nM,9.0,9.82,39186
7423,P06213,IC50,1,21.0,nM,9.0,7.68,124766
7423,P08069,IC50,1,21.0,nM,9.0,7.68,124766
7423,P14616,IC50,1,21.0,nM,9.0,7.68,124766
7427,P08908,EC50,5,0.3,nM,9.0,9.52,106301|111449|122003|130453
7427,P08908,Emax,1,107.0,%,9.0,,130453
7427,P08908,IC50,1,0.2,nM,9.0,9.7,112213
7427,P28222,EC50,1,30000.0,nM,9.0,,122003
743,P08172,IC50,1,6215.16,nM,9.0,5.21,128647
743,P20272,EC50,1,56305.0,nM,9.0,4.25,53408
743,P20272,Emax,2,31.1,%,7.0,,111891|53408
743,P21554,EC50,11,4.1,nM,9.0,8.39,107396|109043|110128|117463|35375|38562|47186|47927|50392|76657|97968
743,P21554,Efficacy,1,0.0,%,9.0,,72246
743,P21554,Emax,2,-28.5,%,9.0,,107396|35375
743,P21554,IC50,20,4.5,nM,9.0,8.35,107888|127411|35771|42092|42580|45193|47039|49460|49514|49532|49921|50392|57182|57217|65419|76984|92785
743,P34972,EC50,2,20605.0,nM,9.0,4.51,110128|47186
743,P34972,Efficacy,1,0.0,%,9.0,,72246
743,P34972,Emax,1,100.0,%,9.0,,92785
743,P34972,IC50,4,6835.0,nM,9.0,5.1899999999999995,127411|45193|76984|92785
743,P47746,EC50,1,8990.0,nM,9.0,5.05,37836
743,P47746,IC50,1,25.0,nM,9.0,7.6,127743
743,P47936,Emax,1,-11.0,%,9.0,,112218
743,Q9QZN9,Emax,1,100.0,%,5.0,,111891
7434,P04150,EC50,1,12.4,nM,9.0,7.91,59145
7438,P08482,EC50,1,400.0,nM,8.0,6.4,14434
7438,P08483,EC50,1,120.0,nM,8.0,6.92,14434
7438,P08485,IC50,1,700.0,nM,8.0,6.16,14434
7439,P55157,IC50,2,4.4,nM,8.5,8.6,16328|20189
7445,P07550,EC50,1,10000.0,nM,9.0,,128276
7445,P08588,EC50,1,10000.0,nM,9.0,,128276
7445,P13945,EC50,1,22.4,nM,9.0,7.65,128276
7455,P07550,EC50,5,11.0,nM,9.0,7.96,120430|128647|51201|60920|90613
7455,P07550,Efficacy,2,83.0,%,9.0,,51201|90613
7455,P14416,EC50,1,10000.0,nM,9.0,,90613
7455,Q8K4Z4,IC50,1,7.9,nM,9.0,8.1,51201
746,P34972,EC50,1,64.5,nM,9.0,7.19,114058
746,P34972,Emax,1,91.0,%,9.0,,114058
7460,P06401,EC50,1,100.0,nM,9.0,,39067
7460,P06401,Efficacy,1,100.0,%,9.0,,39067
7460,P06401,IC50,1,0.2,nM,9.0,9.7,39067
7461,P34969,IC50,1,15.72,nM,9.0,7.8,120296
7465,O35505,IC50,1,400.0,nM,9.0,6.4,94011
7468,O35505,IC50,2,42.949999999999996,nM,9.0,7.625,91874
747,P20272,EC50,1,1995.26,nM,9.0,5.7,30443
747,P20272,Emax,1,158.0,%,9.0,,30443
747,P34972,EC50,6,157.1,nM,9.0,6.84,116283|126303|126423|129042|30560|53907
747,P34972,Emax,6,97.75,%,9.0,,114058|126303|126423|129042|30560|53907
747,P34972,IC50,1,81.8,nM,9.0,7.09,114058
7471,P15382,IC50,1,50118.72,nM,6.0,4.3,91843
7471,P35372,IC50,3,3.0,nM,9.0,8.52,105410|39149
7471,P51787,IC50,1,50118.72,nM,6.0,4.3,91843
7471,Q12809,IC50,2,31945031.34,nM,8.0,,91843
7471,Q13936,IC50,1,5011.87,nM,8.0,5.3,91843
7471,Q14524,IC50,1,251188.64,nM,8.0,,91843
7472,P15382,IC50,1,251188.64,nM,6.0,,91843
7472,P51787,IC50,1,251188.64,nM,6.0,,91843
7472,Q12809,IC50,1,50118723.36,nM,8.0,,91843
7472,Q13936,IC50,1,50118.72,nM,8.0,4.3,91843
7472,Q14524,IC50,1,501187.23,nM,8.0,,91843
7476,P08922,EC50,1,5.8,nM,9.0,8.24,124766
7477,P35372,EC50,1,670.0,nM,9.0,6.17,62400
7479,P07550,EC50,2,1.4730999999999999,nM,9.0,9.04,120430|76366
7479,P08588,EC50,1,109.0,nM,9.0,6.96,120430
7483,O60840,IC50,1,4300.0,nM,4.0,5.37,91875
7483,P15382,IC50,1,31622.78,nM,6.0,4.5,91843
7483,P51787,IC50,1,31622.78,nM,6.0,4.5,91843
7483,Q01668,IC50,1,4300.0,nM,4.0,5.37,91875
7483,Q12809,IC50,2,918.0400000000001,nM,8.0,6.199999999999999,91843
7483,Q13698,IC50,1,4300.0,nM,4.0,5.37,91875
7483,Q13936,IC50,2,5304.785,nM,6.0,5.285,91843|91875
7483,Q14524,IC50,1,6309.57,nM,8.0,5.2,91843
7483,Q9UK17,IC50,1,50118.72,nM,8.0,4.3,91843
7486,P15382,IC50,1,50118.72,nM,6.0,4.3,91843
7486,P51787,IC50,1,50118.72,nM,6.0,4.3,91843
7486,Q12809,IC50,2,2988.165,nM,8.0,5.550000000000001,91843
7486,Q13936,IC50,1,398107.17,nM,8.0,,91843
7486,Q14524,IC50,1,19952.62,nM,8.0,4.7,91843
7498,P38532,EC50,1,195000.0,nM,9.0,,51887
7498,Q8IL11,IC50,1,1000.0,nM,9.0,,51887
7498,Q9BEG3,IC50,1,35000.0,nM,8.0,4.46,14070
75,P08908,EC50,1,19.05,nM,8.0,7.72,17296
75,P08908,Emax,1,144.0,,8.0,,17296
750,P20272,Emax,1,100.0,%,5.0,,111891
750,P34972,EC50,3,167.0,nM,9.0,6.78,107396|116283|45096
750,P34972,Emax,3,35.0,%,9.0,,107100|107396|90394
750,P34972,IC50,1,7200.0,nM,8.0,5.14,51289
750,P47936,EC50,1,25.0,nM,9.0,7.6,112218
750,P47936,Emax,1,-19.0,%,9.0,,112218
750,Q9QZN9,Emax,1,100.0,%,5.0,,111891
751,P34972,EC50,2,13356.655,nM,9.0,6.1,116283|74785
751,P34972,Emax,2,74.5,%,9.0,,103852|109247
751,P34972,IC50,2,428.1,nM,9.0,6.57,103852|109247
7511,O60885,IC50,2,4.0,nM,9.0,8.4,124766
7511,P25440,IC50,2,4.0,nM,9.0,8.4,124766
7511,Q15059,IC50,2,4.0,nM,9.0,8.4,124766
7511,Q58F21,IC50,2,4.0,nM,9.0,8.4,124766
7518,O60885,IC50,11,890.0,nM,9.0,6.385,128650
7518,P08172,IC50,1,15800.0,nM,9.0,,131123
7518,P11229,IC50,1,15800.0,nM,9.0,,131123
7518,P25103,IC50,1,12600.0,nM,9.0,4.9,131123
7518,P25440,IC50,11,890.0,nM,9.0,6.385,128650
7518,P28223,IC50,1,40000.0,nM,9.0,,131123
7518,P28335,IC50,1,40000.0,nM,9.0,,131123
7518,P35367,IC50,1,31600.0,nM,9.0,,131123
7518,P35368,IC50,1,40000.0,nM,9.0,,131123
7518,P37288,IC50,1,31600.0,nM,9.0,4.5,131123
7518,Q15059,IC50,11,890.0,nM,9.0,6.385,128650
7518,Q58F21,IC50,11,890.0,nM,9.0,6.385,128650
7533,P05107,IC50,2,41.5,nM,7.0,7.59,62395
7533,P05362,IC50,2,41.5,nM,7.0,7.59,62395
7533,P20701,IC50,2,41.5,nM,7.0,7.59,62395
7542,P03372,IC50,2,1.2,nM,5.0,9.32,20740|21436
7542,Q92731,IC50,2,1.2,nM,5.0,9.32,20740|21436
7543,P07550,EC50,3,0.05495,nM,9.0,10.26,120430|121316|129356
7543,P08588,EC50,2,78.455,nM,9.0,7.1899999999999995,121316|129356
7552,P30556,IC50,1,10000.0,nM,9.0,,128647
7552,P43119,EC50,1,6.0,nM,9.0,8.22,104192
7552,P43253,EC50,1,200.0,nM,9.0,6.7,104192
7552,Q13258,EC50,1,100.0,nM,9.0,7.0,104192
7563,P35372,EC50,1,10000.0,nM,9.0,,122056
7563,P41143,EC50,1,10000.0,nM,9.0,,122056
7563,P41145,EC50,2,5003.35,nM,9.0,8.17,122056|127551
7582,P07550,EC50,1,0.76,nM,9.0,9.12,51201
7582,P07550,Efficacy,1,95.0,%,9.0,,51201
7582,Q8K4Z4,IC50,1,0.3,nM,9.0,9.52,51201
7586,P31424,IC50,1,51.6,nM,9.0,7.29,75988
7586,P41594,IC50,2,40.8,nM,9.0,7.57,75988|93155
7591,P35372,Emax,1,22.0,%,9.0,,45005
7591,P35372,IC50,1,14.0,nM,9.0,7.85,45005
7591,P41145,EC50,1,2.9,nM,9.0,8.54,45005
7591,P41145,Emax,1,73.0,%,9.0,,45005
7595,P42866,IC50,1,278.0,nM,9.0,6.56,7556
7595,P97266,IC50,1,17.0,nM,9.0,7.77,7556
7595,Q96LB1,EC50,4,18193.605,nM,9.0,4.75,131050
7595,Q96LB1,Emax,2,59.54,%,9.0,,131050
7600,Q9H255,IC50,1,160.0,nM,9.0,6.8,114716
7601,P08172,IC50,1,63.1,nM,9.0,7.2,117687
7601,P08173,IC50,1,5.012,nM,9.0,8.3,117687
7601,P20309,IC50,1,19.95,nM,9.0,7.7,117687
7601,P23977,IC50,4,403.0,nM,8.5,6.39,13102|14321|15100|21709
7602,O35505,IC50,1,430000.0,nM,9.0,,94011
7608,Q9ES90,EC50,1,58000.0,nM,9.0,4.24,126701
7608,Q9HC97,EC50,1,8000.0,nM,9.0,5.1,126701
7619,P61088,IC50,1,20000.0,nM,9.0,,51887
7625,P35462,EC50,3,1.8,nM,9.0,8.74,16688|21255|31276
7625,P35462,IC50,3,3.0,nM,9.0,8.52,21255
7625,P52703,EC50,1,3.0,nM,8.0,8.52,17172
7631,P08172,IC50,2,30000.0,nM,9.0,,114301|76462
7631,P08173,IC50,2,30000.0,nM,9.0,,114301|76462
7631,P08482,IC50,1,30000.0,nM,9.0,,76462
7631,P08483,IC50,1,30000.0,nM,9.0,,76462
7631,P08485,IC50,1,30000.0,nM,9.0,,76462
7631,P08911,IC50,1,790.0,nM,9.0,6.1,76462
7631,P08912,IC50,4,673.565,nM,9.0,6.25,103906|114301|76462
7631,P10980,IC50,1,30000.0,nM,9.0,,76462
7631,P11229,IC50,2,30000.0,nM,9.0,,114301|76462
7631,P20309,IC50,2,30000.0,nM,9.0,,114301|76462
7632,P08172,EC50,1,30000.0,nM,8.0,,53092
7632,P08173,EC50,1,30000.0,nM,8.0,,53092
7632,P08482,EC50,2,6070.0,nM,9.0,5.215,46746|49503
7632,P08485,EC50,1,30000.0,nM,9.0,,49503
7632,P08912,EC50,3,4100.0,nM,9.0,5.39,46746|49503|53092
7632,P10980,EC50,1,30000.0,nM,9.0,,49503
7632,P11229,EC50,1,6100.0,nM,8.0,5.21,53092
7632,P20309,EC50,3,6400.0,nM,9.0,5.19,46746|49503|53092
7633,P08485,EC50,1,400.0,nM,9.0,6.4,52040
7644,P00533,IC50,2,80.0,nM,8.5,7.1,21491|6449
7644,P04626,IC50,2,1229.5,nM,9.0,5.91,21491|5126
7650,P14416,EC50,3,3.3,nM,8.0,8.48,102677|65855
7650,P14416,Emax,2,33.5,%,9.0,,65855
7651,P14416,EC50,4,64.65,nM,8.5,8.48,102677|104588|65855
7651,P14416,Emax,3,20.0,%,9.0,,104588|65855
7652,P14416,EC50,2,75.0,nM,8.5,7.15,102677|65855
7652,P14416,Emax,2,58.5,%,9.0,,65855
7655,P10520,EC50,1,3834.0,nM,8.0,5.42,51887
7659,P10828,IC50,1,2000.0,nM,9.0,5.7,131267
7662,P04156,IC50,1,5812.0,nM,8.0,5.24,51887
7662,P51843,IC50,1,67547.0,nM,8.0,,51887
7665,O88943,EC50,4,367.53999999999996,nM,8.0,,51887
7665,O88944,EC50,1,366.43,nM,6.0,,51887
7665,P56696,EC50,2,1456.255,nM,8.0,,51887
7667,O43525,EC50,1,380.0,nM,6.0,6.42,62391
7667,O43526,EC50,1,380.0,nM,6.0,6.42,62391
7667,O88943,EC50,1,14400.0,nM,9.0,4.84,51887
7667,P15382,IC50,1,41000.0,nM,6.0,4.39,62391
7667,P51787,IC50,1,41000.0,nM,6.0,4.39,62391
7668,O43525,EC50,1,980.0,nM,6.0,6.01,62391
7668,O43526,EC50,1,980.0,nM,6.0,6.01,62391
7668,O88943,EC50,2,3680.0,nM,9.0,5.535,51887
7668,P15382,IC50,1,66000.0,nM,6.0,4.18,62391
7668,P51787,IC50,1,66000.0,nM,6.0,4.18,62391
767,P25089,IC50,1,3835.13,nM,9.0,5.42,128647
767,P32246,IC50,4,9.75,nM,9.0,8.285,112228|36558|45453
767,Q8IYL9,IC50,1,2373.76,nM,9.0,5.62,128647
767,Q9HC97,IC50,1,1069.98,nM,9.0,5.97,128647
7671,P14416,EC50,12,1.349,nM,9.0,8.87,112993|121263|128137|83838
7671,P14416,Emax,7,53.0,%,9.0,,112993|121263|128137|83838
7671,P35462,EC50,4,3.8295,nM,9.0,8.48,128137|83838
7671,P35462,Emax,2,51.55,%,9.0,,128137|83838
7671,P35462,IC50,2,2.0075000000000003,nM,9.0,8.7,128137
7672,P14416,EC50,4,13.15,nM,9.0,7.890000000000001,121263
7672,P14416,Emax,2,28.0,%,9.0,,121263
7672,P32249,IC50,1,3634.54,nM,9.0,5.44,128647
7678,Q14416,EC50,1,562.34,nM,9.0,6.25,105408
7680,Q9Y5Y4,IC50,1,10.0,nM,9.0,8.0,60118
7686,P51681,IC50,1,0.69,nM,8.0,9.16,61153
7691,P35372,EC50,1,1.0,nM,8.0,9.0,65632
7691,P41143,EC50,1,10000.0,nM,8.0,,65632
7691,P41144,EC50,1,1600.0,nM,9.0,5.8,65632
7697,P36544,EC50,1,340.0,nM,9.0,6.47,65574
7697,P36544,Emax,1,58.0,%,9.0,,65574
7720,O95180,EC50,1,150.0,nM,9.0,,51887
7720,O95180,IC50,1,36.0,nM,9.0,,51887
7723,Q12809,IC50,1,2900.0,nM,9.0,5.54,44462
7724,Q9P0X4,IC50,2,50.85,nM,8.0,7.72,55770
7731,P12931,IC50,1,76.0,nM,9.0,7.12,31836
7754,Q99705,IC50,1,4.7,nM,9.0,8.33,62691
7756,Q99705,IC50,1,25.0,nM,8.0,7.6,57100
7767,P22002,IC50,1,1.1,nM,5.0,8.96,30682
7767,P27732,IC50,1,1.1,nM,5.0,8.96,30682
7767,Q00975,IC50,1,1600.0,nM,9.0,5.8,30682
7767,Q02485,IC50,1,1.1,nM,5.0,8.96,30682
7767,Q13936,IC50,2,9000.0,nM,8.0,5.09,91874
777,P41597,IC50,1,3.8,nM,9.0,8.42,54049
777,P51683,IC50,1,7.8,nM,9.0,8.11,54049
7774,P48039,EC50,1,0.021,nM,9.0,10.68,58195
7774,P49286,EC50,1,0.53,nM,9.0,9.28,58195
7778,P48039,EC50,1,26.1,nM,9.0,7.58,51006
7778,P48039,Emax,1,41.4,%,9.0,,51006
7780,P48039,EC50,1,4.467,nM,9.0,8.35,57573
7780,P49286,EC50,1,1.318,nM,9.0,8.88,57573
7780,P49286,Emax,1,99.0,%,9.0,,57573
7784,K9N7C7,IC50,1,10000.0,nM,8.0,,115086
7784,P0DTD1,IC50,2,190.0,nM,9.0,6.73,115086
7790,O14965,IC50,6,24.0,nM,9.0,7.65,128650
7798,Q9EPB7,EC50,1,1140.0,nM,9.0,5.94,110898
7798,Q9GZN0,EC50,9,56.0,nM,9.0,7.25,102082|110898|118544|123624|128164|91149|97159
7800,O43194,EC50,3,6250.0,nM,9.0,5.2,123726|76118
7800,O43194,Efficacy,1,100.0,%,9.0,,76118
7800,O43194,Emax,1,48.0,%,9.0,,123726
7803,O43194,EC50,1,0.8,nM,9.0,9.1,89606
7803,Q5U431,EC50,1,0.5,nM,9.0,9.3,89606
781,P41597,IC50,1,89.0,nM,8.0,7.05,17190
7816,P00533,IC50,1,50000.0,nM,8.0,,15262
7816,P05622,IC50,7,16000.0,nM,7.0,4.8,17433
7816,P09619,IC50,1,16500.0,nM,8.0,4.78,15262
7816,P11362,IC50,2,29650.0,nM,8.5,5.03,15262|36176
7816,P26618,IC50,7,16000.0,nM,7.0,4.8,17433
7816,P35968,IC50,1,410.0,nM,8.0,6.39,15262
785,P41597,IC50,4,62.0,nM,9.0,7.215,17190|39148|50701
7851,P21554,EC50,5,2090.0,nM,9.0,5.68,92788|97872
7851,P21554,Emax,1,78.1,%,9.0,,97872
7851,P21554,IC50,6,823.665,nM,9.0,6.085,113661|114326|121044|91186
7851,P34972,IC50,1,10000.0,nM,9.0,,121044
7851,P47746,Emax,1,32.4,%,9.0,,97872
7860,P43236,IC50,1,13.0,nM,9.0,7.89,30943
7865,O55017,IC50,1,35000.0,nM,9.0,4.46,94011
7865,Q01815,IC50,1,35000.0,nM,9.0,4.46,94011
7877,P11362,IC50,8,594.5,nM,9.0,7.52,128650
7877,P21802,IC50,8,594.5,nM,9.0,7.52,128650
7877,P22607,IC50,8,594.5,nM,9.0,7.52,128650
7883,P04626,IC50,13,1000.0,nM,9.0,6.0,128650
7913,O60674,IC50,1,3548.0,nM,9.0,5.45,124766
7913,P23458,IC50,1,178.0,nM,9.0,6.75,124766
7918,P53350,IC50,1,42.0,nM,9.0,7.38,124766
7922,P49286,EC50,1,0.76,nM,9.0,9.12,44591
7922,P49286,Emax,1,23.0,%,9.0,,44591
7924,P48039,EC50,1,41.6,nM,9.0,7.38,72067
7924,P49286,EC50,1,0.24,nM,9.0,9.62,72067
7926,Q9HB89,EC50,2,1.9500000000000002,nM,9.0,8.715,119207|90423
7935,P36507,IC50,1,14.0,nM,9.0,7.85,128650
7935,Q02750,IC50,1,14.0,nM,9.0,7.85,128650
7947,P53350,EC50,1,11.0,nM,9.0,7.96,124766
7947,Q9H4B4,EC50,1,11.0,nM,9.0,7.96,124766
7947,Q9NYY3,EC50,1,11.0,nM,9.0,7.96,124766
7953,P08581,IC50,1,150.0,nM,9.0,6.82,124766
7953,P30530,IC50,1,150.0,nM,9.0,6.82,124766
7953,Q04912,IC50,1,150.0,nM,9.0,6.82,124766
7953,Q06418,IC50,1,150.0,nM,9.0,6.82,124766
7958,P49841,IC50,1,0.7,nM,9.0,9.15,21020
8,Q9R0C9,IC50,1,112.0,nM,8.0,6.95,11576
800,P51681,IC50,2,0.625,nM,9.0,9.23,127568|31098
8004,P42345,IC50,1,2.0,nM,9.0,8.7,128650
8015,P49841,EC50,1,200.0,nM,8.0,6.7,6428
8019,P03070,IC50,1,55430.0,nM,9.0,,51887
8019,P49841,EC50,2,38110.0,nM,8.0,4.425,17115
8024,P01112,IC50,1,70.0,nM,8.0,7.16,14731
8024,P08183,IC50,1,2700.0,nM,8.0,5.57,64460
8024,P49354,IC50,3,10.0,nM,6.0,8.0,14731|15011|20327
8024,P49356,IC50,3,10.0,nM,6.0,8.0,14731|15011|20327
8024,Q61239,EC50,1,100.0,nM,7.0,7.0,20241
8024,Q8K2I1,EC50,1,100.0,nM,7.0,7.0,20241
8025,Q61239,EC50,4,1.6,nM,7.0,8.8,20241|20242|20479
8025,Q8K2I1,EC50,4,1.6,nM,7.0,8.8,20241|20242|20479
8045,P49137,IC50,6,709.5,nM,9.0,6.35,124766|128650
8045,Q16644,IC50,6,710.0,nM,9.0,6.35,124766|128650
8045,Q8IW41,IC50,6,710.0,nM,9.0,6.35,124766|128650
8054,Q5S007,IC50,2,62.0,nM,9.0,7.335,128650
8059,O00329,IC50,4,195.0,nM,9.0,6.745,128650
8059,P42338,IC50,4,195.0,nM,9.0,6.745,128650
807,P51681,IC50,1,1.2,nM,9.0,8.92,55861
8079,P19793,IC50,3,900.0,nM,9.0,6.05,36936|45536
8079,P28702,IC50,1,44.0,nM,8.0,7.36,45536
8079,P48443,IC50,1,380.0,nM,8.0,6.42,45536
8105,P11940,IC50,2,66000.0,nM,8.0,,51887
8105,P29990,IC50,1,7660.0,nM,8.0,,51887
8105,P38532,EC50,1,260000.0,nM,9.0,,51887
8105,P9WHJ3,EC50,1,244.0,nM,8.0,6.61,51887
8107,P36896,IC50,1,10.0,nM,9.0,8.0,128650
8107,P36897,IC50,3,12.1,nM,9.0,7.92,128650
8130,P0DTD1,IC50,1,2070.0,nM,9.0,5.68,115086
8137,Q9UM73,IC50,4,11.35,nM,9.0,8.225,77121
8167,P21554,IC50,1,314.0,nM,9.0,6.5,123457
8182,P08908,EC50,1,630.96,nM,9.0,6.2,36689
8182,P08908,Emax,1,72.0,%,9.0,,36689
8183,O61059,IC50,1,13489.0,nM,9.0,4.87,91873
8183,O97467,IC50,1,4496.0,nM,8.0,5.35,91873
8183,P05622,IC50,1,1.8,nM,7.0,8.74,14555
8183,P11166,IC50,1,9992.0,nM,8.0,5.0,91873
8183,P20786,IC50,1,5.0,nM,5.0,8.3,14555
8183,P26618,IC50,1,1.8,nM,7.0,8.74,14555
8183,P62344,IC50,1,780.0,nM,8.0,,51887
8183,Q05030,IC50,1,5.0,nM,5.0,8.3,14555
8183,Q8IDW1,IC50,1,350.0,nM,8.0,,51887
8186,Q13882,IC50,1,5.0,nM,8.0,8.3,59095
8194,P36897,IC50,1,79.0,nM,8.0,7.1,30794
8199,P32249,IC50,1,3173.51,nM,9.0,5.5,128647
8216,P36897,IC50,1,94.0,nM,8.0,7.03,50560
8224,P9WHJ3,EC50,1,643.0,nM,8.0,6.19,51887
8232,P11229,IC50,2,3550.0,nM,9.0,5.45,131172|74930
8232,Q96JM7,IC50,1,500.0,nM,9.0,6.3,124766
8240,Q15910,IC50,1,2900.0,nM,9.0,5.54,124766
8241,P07550,EC50,2,100000.0,nM,9.0,,131166
8241,P08172,EC50,2,30000.0,nM,9.0,,131166
8241,P11229,EC50,2,30000.0,nM,9.0,,131166
8241,P14416,EC50,2,100000.0,nM,9.0,,131166
8241,P21728,EC50,1,100000.0,nM,9.0,,131166
8241,P25103,EC50,1,25000.0,nM,9.0,,131166
8241,P28222,EC50,2,52500.0,nM,9.0,5.3,131166
8241,P28223,EC50,2,20500.0,nM,9.0,4.8,131166
8241,P28335,EC50,2,25000.0,nM,9.0,,131166
8241,P29274,EC50,1,100000.0,nM,9.0,,131166
8241,P34972,EC50,1,100000.0,nM,9.0,,131166
8241,P35367,EC50,1,25000.0,nM,9.0,,131166
8241,P35368,EC50,1,25000.0,nM,9.0,,131166
8241,P35372,EC50,1,100000.0,nM,9.0,,131166
8241,P37288,EC50,1,30000.0,nM,9.0,,131166
8241,P41145,EC50,2,100000.0,nM,9.0,,131166
8245,P17948,IC50,1,1000.0,nM,5.0,6.0,30508
8245,P35916,IC50,1,1000.0,nM,5.0,6.0,30508
8245,P35968,IC50,1,1000.0,nM,5.0,6.0,30508
8247,P30530,IC50,1,5000.0,nM,9.0,,124766
8247,Q06418,IC50,1,5000.0,nM,9.0,,124766
8247,Q12866,IC50,1,5000.0,nM,9.0,,124766
8286,P35372,EC50,1,1300.0,nM,9.0,5.89,62400
83,D4A3N4,IC50,1,1300.0,nM,4.0,5.89,7181
83,O15245,IC50,1,4300.0,nM,8.0,5.37,64395
83,O60840,IC50,1,3400.0,nM,4.0,5.47,91875
83,O95342,IC50,2,32200.0,nM,8.0,4.49,64449
83,P14416,Emax,2,3.0,%,9.0,,108294
83,P14416,IC50,3,1.0,nM,9.0,9.0,108294|91325
83,P21932,IC50,1,1300.0,nM,4.0,5.89,7181
83,P26769,IC50,1,1300.0,nM,4.0,5.89,7181
83,P26770,IC50,1,1300.0,nM,4.0,5.89,7181
83,P35498,IC50,1,4300.0,nM,4.0,5.37,91842
83,P35499,IC50,1,4300.0,nM,4.0,5.37,91842
83,P40146,IC50,1,1300.0,nM,4.0,5.89,7181
83,Q01118,IC50,1,4300.0,nM,4.0,5.37,91842
83,Q01668,IC50,1,3400.0,nM,4.0,5.47,91875
83,Q03343,IC50,1,1300.0,nM,4.0,5.89,7181
83,Q04400,IC50,1,1300.0,nM,4.0,5.89,7181
83,Q12809,IC50,3,1470.0,nM,9.0,5.83,16592|20904|91842
83,Q13698,IC50,1,3400.0,nM,4.0,5.47,91875
83,Q13936,IC50,1,3400.0,nM,4.0,5.47,91875
83,Q14524,IC50,1,4300.0,nM,4.0,5.37,91842
83,Q15858,IC50,1,4300.0,nM,4.0,5.37,91842
83,Q8CFM9,IC50,1,1300.0,nM,4.0,5.89,7181
83,Q99250,IC50,1,4300.0,nM,4.0,5.37,91842
83,Q9NY46,IC50,1,4300.0,nM,4.0,5.37,91842
83,Q9UI33,IC50,1,4300.0,nM,4.0,5.37,91842
83,Q9UQD0,IC50,1,4300.0,nM,4.0,5.37,91842
83,Q9Y5S8,IC50,1,17000.0,nM,9.0,,51887
83,Q9Y5Y9,IC50,1,4300.0,nM,4.0,5.37,91842
8311,P11511,IC50,1,30.0,nM,9.0,7.52,44781
8311,P15538,IC50,1,80000.0,nM,8.0,4.1,12892
8311,P30099,IC50,1,600.0,nM,9.0,6.22,12892
8320,P10415,EC50,8,90.0,nM,9.0,7.095,35005
8320,Q07817,EC50,1,30.0,nM,8.0,7.52,35005
8322,P32249,IC50,1,3655.53,nM,9.0,5.44,128647
8322,P35414,IC50,1,2554.7,nM,9.0,5.59,128647
8322,Q9HBX9,EC50,16,794.33,nM,9.0,6.15,107461|129181|129182|97129
8322,Q9HBX9,Efficacy,1,98.0,%,9.0,,107461
8322,Q9HBX9,Emax,7,68.0,%,9.0,,129181|129182
8324,Q9WV26,IC50,1,3.8,nM,9.0,8.42,13768
833,P25025,IC50,3,40.0,nM,9.0,7.4,121605|89436
8352,P34976,IC50,1,200.0,nM,9.0,6.7,55316
8354,O61059,IC50,1,1114.0,nM,9.0,5.95,91873
8354,O97467,IC50,1,1344.0,nM,8.0,5.87,91873
8354,P11166,IC50,1,1434.0,nM,8.0,5.84,91873
8354,Q96GD4,IC50,1,250.0,nM,9.0,6.6,30599
8369,P10520,EC50,1,5578.0,nM,8.0,5.25,51887
8369,Q9HC29,EC50,1,8070.0,nM,9.0,5.09,51887
8370,P14416,IC50,1,4380.0,nM,9.0,5.36,89590
8370,P18901,EC50,1,41100.0,nM,9.0,4.39,62594
8370,P21728,EC50,1,23.0,nM,9.0,7.64,89590
8381,Q16581,EC50,2,22.560000000000002,nM,9.0,7.65,89452
8384,Q16581,IC50,2,397.565,nM,9.0,7.6,89452
8408,P32238,EC50,1,269.15,nM,9.0,6.57,112176
8408,P32239,EC50,1,0.4571,nM,9.0,9.34,112176
8417,O15552,EC50,1,12.02,nM,9.0,7.92,107492
8417,O15552,IC50,1,9.0,nM,9.0,8.05,89690
8418,O14842,EC50,1,10000.0,nM,9.0,,102008
8418,Q5NUL3,EC50,2,2881.68,nM,9.0,6.13,102008|128647
8418,Q7TMA4,EC50,1,33.0,nM,9.0,7.48,102008
8420,P29274,IC50,1,4.0,nM,9.0,8.4,50845
8421,P0DMS8,EC50,2,3.106,nM,9.0,8.61,112218|62798
8421,P0DMS8,Efficacy,1,95.7,%,9.0,,62798
8421,P0DMS8,Emax,1,89.0,%,9.0,,112218
8421,P29275,Efficacy,2,24.0,%,9.0,,62798|64910
8423,P07550,IC50,1,4549.68,nM,9.0,5.34,128647
8423,P28223,Emax,2,0.5,%,9.0,,108294
8423,P28223,IC50,8,17.3,nM,9.0,7.78,108294|116103|123746|126797
8423,P32249,IC50,1,4329.7,nM,9.0,5.36,128647
8423,P35414,IC50,1,3436.69,nM,9.0,5.46,128647
8423,P49238,IC50,1,3258.17,nM,9.0,5.49,128647
8423,Q8IYL9,IC50,1,3540.17,nM,9.0,5.45,128647
8423,Q9HC97,IC50,1,5642.31,nM,9.0,5.25,128647
8425,O70528,EC50,1,12.59,nM,9.0,7.9,65016
8425,Q13639,EC50,2,2.8215,nM,8.5,8.75,65016
8426,Q13639,EC50,2,1.0006,nM,9.0,9.06,74212|97433
8426,Q13639,Emax,1,74.0,%,9.0,,97433
8428,P50406,EC50,1,1.0,nM,9.0,9.0,126851
8429,P50406,EC50,2,7.3,nM,9.0,8.14,48756|49058
8429,P50406,Emax,1,100.0,%,9.0,,48756
8433,P49238,IC50,1,10000.0,nM,9.0,,128647
8434,P50407,EC50,1,1770.0,nM,9.0,5.75,36609
8435,P34969,EC50,1,2560.0,nM,8.0,5.59,35308
8436,P50407,EC50,1,600.0,nM,9.0,6.22,45253
8439,P21917,EC50,1,89.0,nM,9.0,7.05,34751
8439,P21917,Efficacy,1,77.0,%,9.0,,34751
8439,P30729,EC50,1,93.0,nM,9.0,7.03,34751
8439,P30729,Efficacy,1,78.0,%,9.0,,34751
844,P25106,EC50,1,140000.0,nM,9.0,,122797
844,P61073,IC50,9,18.0,nM|ug.mL-1,9.0,7.654999999999999,106498|108371|118571|119897|124479|130574|45946|66714
8440,P14416,IC50,2,20000.0,nM,8.0,,51887
8440,P21728,IC50,1,20000.0,nM,8.0,,51887
8440,P21918,IC50,1,20000.0,nM,8.0,,51887
8440,P35462,IC50,1,20000.0,nM,8.0,,51887
8443,P21728,EC50,1,0.2,nM,9.0,9.7,112218
8443,P21728,Emax,1,60.0,%,9.0,,112218
8469,P49019,EC50,1,96.0,nM,9.0,7.02,62071
8469,Q80Z39,EC50,1,8.0,nM,9.0,8.1,62071
8469,Q8TDS4,EC50,1,2.0,nM,9.0,8.7,62071
8469,Q9EP66,EC50,1,6.0,nM,9.0,8.22,62071
8470,Q8TDS4,EC50,1,12589.25,nM,9.0,,97225
8470,Q8TDS4,Efficacy,1,30.0,%,9.0,,97225
8482,O15244,IC50,1,1130.0,nM,8.0,5.95,64752
8482,O15245,IC50,1,980.0,nM,8.0,6.01,64752
8482,O75751,IC50,1,90.0,nM,8.0,7.05,64752
8482,Q9R0W2,IC50,1,13800.0,nM,8.0,4.86,64786
8488,P00734,IC50,1,543.09,nM,9.0,6.26,51887
8488,P00748,IC50,2,795.84,nM,9.0,,51887
8488,P34707,IC50,1,100000.0,nM,8.0,,51887
8494,P11413,IC50,1,80000.0,nM,8.0,,51887
8494,Q9BHT9,IC50,3,80000.0,nM,8.0,4.86,51887
8497,P25024,IC50,4,179.15,nM,9.0,6.75,118571|118842|119897|34768
8497,P25025,IC50,5,5.0,nM,9.0,8.15,118842|127200|127721|34768
8497,P32248,IC50,1,4680.0,nM,9.0,5.33,127200
8498,P25024,IC50,1,5.3,nM,5.0,8.28,21315
8498,P25025,IC50,2,3.15,nM,6.5,8.64,21315|66581
8499,P25025,IC50,2,285.6,nM,8.0,6.545,66581
85,P17861,IC50,1,10000.0,nM,8.0,5.0,51887
85,P35639,IC50,1,7760.0,nM,8.0,,51887
85,P9WHJ3,EC50,1,20200.0,nM,8.0,4.7,51887
85,Q9QUQ5,EC50,1,6682.7,nM,9.0,,51887
8500,P25025,IC50,1,5.0,nM,9.0,8.3,102389
8500,P49238,EC50,1,800.53,nM,9.0,6.1,128647
8501,P21462,IC50,1,5000.0,nM,9.0,,89436
8501,P21730,IC50,1,5000.0,nM,9.0,,89436
8501,P25024,IC50,3,38.0,nM,5.0,7.42,89436|91820
8501,P25025,IC50,6,38.0,nM,9.0,7.42,128289|89436|91820
8501,P25105,IC50,1,5000.0,nM,9.0,,89436
8502,O54798,EC50,2,130.0,nM,9.0,6.89,61766|65734
8502,P32247,EC50,1,73.0,nM,9.0,7.14,61766
8503,O54798,EC50,2,5016.5,nM,9.0,7.48,66732
8503,P32247,EC50,3,97.0,nM,9.0,7.415,66732
8504,O54798,EC50,4,9.6,nM,9.0,8.02,50531|50693|51062
8504,P32247,EC50,4,25.0,nM,9.0,7.6,50531|50693|51062
853,P61073,EC50,1,3.3,nM,9.0,8.48,4000
8541,P32240,EC50,1,1.6,nM,9.0,8.8,4348
8541,P35408,EC50,2,0.076,nM,9.0,10.425,112667
8541,P43114,EC50,1,1.4,nM,9.0,8.85,60562
8541,P43116,EC50,2,5305.0,nM,9.0,5.605,112667
8545,P35400,EC50,10,58159.36,nM,9.0,4.380000000000001,129237
8545,P35400,Emax,1,96.4,%,9.0,,129237
8545,P35400,IC50,2,4155.535,nM,9.0,5.380000000000001,129237
8580,P08172,IC50,1,17000.0,nM,5.0,,107199
8580,P08173,IC50,1,17000.0,nM,5.0,,107199
8580,P08912,IC50,1,17000.0,nM,5.0,,107199
8580,P11229,IC50,1,17000.0,nM,5.0,,107199
8580,P20309,IC50,1,17000.0,nM,5.0,,107199
8580,P61073,IC50,2,5.09,nM,9.0,8.295,107199|121367
8584,P08172,IC50,1,931.3,nM,9.0,6.03,128647
8587,Q99705,IC50,1,2.9,nM,9.0,8.54,62691
8591,P08172,IC50,1,30000.0,nM,9.0,,124610
8591,P08173,IC50,1,30000.0,nM,9.0,,124610
8591,P08911,IC50,1,1690.0,nM,8.0,,51887
8591,P08912,IC50,3,450.0,nM,9.0,6.35,124610|129988|51887
8591,P11229,IC50,1,10000.0,nM,9.0,,124610
8591,P20309,IC50,1,30000.0,nM,9.0,,124610
86,O60840,IC50,2,1500.0,nM,4.0,5.83,91842|91875
86,P14416,IC50,2,480.0,nM,9.0,6.324999999999999,72437|89590
86,P18901,IC50,1,550.0,nM,8.0,6.26,9174
86,P21917,EC50,2,5008.5,nM,8.5,7.77,20195|5732
86,P35372,EC50,1,10000.0,nM,9.0,,111816
86,P35462,EC50,1,2.76,nM,9.0,8.56,127638
86,P35462,IC50,4,2.6470000000000002,nM,9.0,8.58,121980|127638|128137
86,P35498,IC50,1,7000.0,nM,4.0,5.16,91842
86,P35499,IC50,1,7000.0,nM,4.0,5.16,91842
86,P61169,Emax,1,-3.0,%,9.0,,35043
86,Q01118,IC50,1,7000.0,nM,4.0,5.16,91842
86,Q01668,IC50,2,1500.0,nM,4.0,5.83,91842|91875
86,Q12809,IC50,3,28.1,nM,9.0,7.55,16592|20904|91842
86,Q13698,IC50,2,1500.0,nM,4.0,5.83,91842|91875
86,Q13936,IC50,2,1500.0,nM,4.0,5.83,91842|91875
86,Q14524,IC50,1,7000.0,nM,4.0,5.16,91842
86,Q15858,IC50,1,7000.0,nM,4.0,5.16,91842
86,Q99250,IC50,1,7000.0,nM,4.0,5.16,91842
86,Q9NY46,IC50,1,7000.0,nM,4.0,5.16,91842
86,Q9UI33,IC50,1,7000.0,nM,4.0,5.16,91842
86,Q9UQD0,IC50,1,7000.0,nM,4.0,5.16,91842
86,Q9Y5Y9,IC50,1,7000.0,nM,4.0,5.16,91842
8605,P49327,IC50,1,7.7,nM,9.0,8.11,131266
8608,P49327,IC50,2,799.5,nM,9.0,,51887
8608,Q9Y570,IC50,1,10.0,nM,9.0,,51887
8610,O70344,IC50,1,6200.0,nM,9.0,5.21,17723
8610,Q9UK17,IC50,1,1400.0,nM,9.0,5.85,15952
8616,A5LHX3,IC50,3,1400.0,nM,5.0,5.85,20926
8616,O14818,IC50,3,1400.0,nM,5.0,5.85,20926
8616,P20618,IC50,3,1400.0,nM,5.0,5.85,20926
8616,P25786,IC50,3,1400.0,nM,5.0,5.85,20926
8616,P25787,IC50,3,1400.0,nM,5.0,5.85,20926
8616,P25788,IC50,3,1400.0,nM,5.0,5.85,20926
8616,P25789,IC50,3,1400.0,nM,5.0,5.85,20926
8616,P28062,IC50,3,1400.0,nM,5.0,5.85,20926
8616,P28065,IC50,3,1400.0,nM,5.0,5.85,20926
8616,P28066,IC50,3,1400.0,nM,5.0,5.85,20926
8616,P28070,IC50,3,1400.0,nM,5.0,5.85,20926
8616,P28072,IC50,3,1400.0,nM,5.0,5.85,20926
8616,P28074,IC50,3,1400.0,nM,5.0,5.85,20926
8616,P40306,IC50,3,1400.0,nM,5.0,5.85,20926
8616,P49720,IC50,3,1400.0,nM,5.0,5.85,20926
8616,P49721,IC50,3,1400.0,nM,5.0,5.85,20926
8616,P60900,IC50,3,1400.0,nM,5.0,5.85,20926
8616,Q8TAA3,IC50,3,1400.0,nM,5.0,5.85,20926
8616,Q99436,IC50,3,1400.0,nM,5.0,5.85,20926
8616,Q9NZ42,IC50,1,200000.0,nM,8.0,,15987
8629,P78536,IC50,1,220.0,nM,9.0,6.66,16051
864,P30553,EC50,2,0.63,nM,8.0,9.2,14295|15635
864,P32238,EC50,5,2.0,nM,9.0,8.125,112176|14957|2436|31109
864,P32238,Emax,1,59.0,%,9.0,,31109
864,P32239,EC50,5,2.0,nM,9.0,8.135,112176|14957|2436|31109
864,P32239,Emax,1,16.0,%,9.0,,31109
8663,P78536,IC50,1,36.0,nM,9.0,7.44,31143
8664,P06401,IC50,1,5.0,nM,9.0,8.3,39186
8678,P08235,IC50,1,16.0,nM,9.0,7.8,66557
8679,P04626,IC50,1,68.0,nM,9.0,7.17,35007
8680,P78536,IC50,2,175.175,nM,9.0,7.960000000000001,16724
8687,P08172,EC50,1,30000.0,nM,9.0,,89189
8687,P08173,EC50,1,30000.0,nM,9.0,,89189
8687,P08482,EC50,1,2000.0,nM,9.0,5.7,89189
8687,P08483,EC50,1,3100.0,nM,9.0,5.51,89189
8687,P08485,EC50,1,30000.0,nM,9.0,,89189
8687,P08911,EC50,1,610.0,nM,9.0,6.21,89189
8687,P08912,EC50,2,192.49,nM,9.0,6.715,89189
8687,P10980,EC50,1,30000.0,nM,9.0,,89189
8687,P11229,EC50,1,5400.0,nM,9.0,5.27,89189
8687,P20309,EC50,1,2100.0,nM,9.0,5.68,89189
8689,P50406,IC50,2,513.0,nM,9.0,6.79,119512|123129
8690,P55055,IC50,1,40.0,nM,9.0,7.4,131267
8690,Q13133,IC50,1,100.0,nM,9.0,7.0,131267
8692,P55055,IC50,1,43.0,nM,9.0,7.37,131267
8692,Q13133,IC50,1,214.0,nM,9.0,6.67,131267
8697,P04993,IC50,2,118551.5,nM,6.0,,51887
8697,P07648,IC50,2,118551.5,nM,6.0,,51887
8697,P08394,IC50,2,118551.5,nM,6.0,,51887
8705,P21554,IC50,3,6.7,nM,9.0,8.17,127411
8705,P34972,IC50,1,4500.0,nM,9.0,5.35,127411
8709,O95136,EC50,1,9559.0,nM,9.0,5.02,102249
8709,O95977,EC50,1,4192.0,nM,9.0,5.38,102249
8709,P21453,EC50,5,0.16,nM,9.0,9.8,102249|110959|114423|128647
8709,P21453,IC50,1,10000.0,nM,9.0,,128647
8709,P32249,IC50,1,4394.26,nM,9.0,5.36,128647
8709,Q99500,EC50,1,9938.0,nM,9.0,5.0,102249
8709,Q9H228,EC50,2,29.75,nM,9.0,7.8149999999999995,102249|114423
8726,P11940,IC50,2,66000.0,nM,8.0,,51887
8726,Q07820,IC50,1,400.0,nM,9.0,,51887
8727,P29990,IC50,1,70330.0,nM,8.0,,51887
8727,Q07820,IC50,1,2065.81,nM,9.0,5.68,51887
8729,P32842,EC50,1,6434.0,nM,8.0,,51887
8741,P00519,IC50,1,28000.0,nM,7.0,4.55,31127
8741,P03070,IC50,1,26200.0,nM,9.0,,51887
8741,P08183,IC50,1,60000.0,nM,9.0,4.22,31127
8741,P11274,IC50,1,28000.0,nM,7.0,4.55,31127
8741,P19838,EC50,1,5203.0,nM,5.0,5.28,51887
8741,P23219,IC50,2,99170.0,nM,9.0,5.55,30529|31779
8741,P23944,IC50,1,19950.0,nM,9.0,4.7,30529
8741,P35354,IC50,1,33150.0,nM,9.0,4.48,31779
8741,Q00653,EC50,1,5203.0,nM,5.0,5.28,51887
8741,Q04206,EC50,1,5203.0,nM,5.0,5.28,51887
8741,Q6B856,IC50,1,40000.0,nM,5.0,,16463
8741,Q862F3,IC50,1,40000.0,nM,5.0,,16463
8741,Q862L2,IC50,1,40000.0,nM,5.0,,16463
8744,P86926,IC50,1,96559.0,nM,8.0,,51887
8765,P31421,IC50,1,30000.0,nM,9.0,,73834
8765,P31422,IC50,3,593.0,nM,9.0,6.225,51887|73834
8766,Q6DWJ6,EC50,1,16.0,nM,9.0,7.8,93874
8766,Q6DWJ6,Emax,1,138.0,%,9.0,,93874
8767,P41594,IC50,1,7000.0,nM,9.0,5.16,48882
8767,Q13255,IC50,1,5.1,nM,9.0,8.29,48882
8769,P04054,IC50,1,7740.0,nM,8.0,5.11,51887
8769,Q9Y4P1,IC50,1,8170.0,nM,9.0,5.09,51887
8771,P47712,IC50,2,285.45,nM,9.0,7.6450000000000005,30914
8773,Q6DWJ6,EC50,1,10000000.0,nM,9.0,,120090
8789,P51843,IC50,1,67635.0,nM,8.0,,51887
8791,Q7Z601,EC50,1,22.0,nM,9.0,7.66,74308
8794,Q14534,IC50,1,60.0,nM,8.0,7.22,2587
8798,P26358,IC50,1,7280.0,nM,8.0,5.14,51887
8798,Q5RLM2,IC50,1,1500000.0,nM,8.0,,64083
8798,Q9GZU7,IC50,1,2786.0,nM,8.0,5.55,51887
8798,Q9Y694,IC50,1,1410000.0,nM,8.0,,64083
8801,Q6PCB7,IC50,1,46.0,nM,9.0,7.34,131266
8802,O15439,IC50,2,1100.0,nM,8.0,6.2,64831
8804,P06795,IC50,2,50000.0,nM,8.0,,17494
8804,P08183,IC50,5,12000.0,nM,8.0,4.92,17494|64086|64441
8804,P21447,IC50,2,50000.0,nM,8.0,4.3,17494
8804,Q9UNQ0,IC50,1,19500.0,nM,8.0,4.71,64298
8809,Q08828,EC50,2,1300.0,nM,8.0,6.22,13460
8818,P53985,IC50,1,59.0,nM,9.0,7.23,131267
8836,P0CX82,EC50,1,825.0,nM,8.0,6.08,51887
8840,Q9Y2T5,EC50,1,28.18,nM,9.0,7.55,84096
8840,Q9Y2T5,Emax,1,85.7,%,9.0,,84096
8854,P02550,IC50,4,1650.0,nM,8.0,5.8,1090|15521|4401|4722
8854,P04350,IC50,8,1400.0,nM,5.0,5.85,122300|12263|30763|31196|31817|31904|31908|4787
8854,P07437,IC50,8,1400.0,nM,5.0,5.85,122300|12263|30763|31196|31817|31904|31908|4787
8854,P0DPH7,IC50,8,1400.0,nM,5.0,5.85,122300|12263|30763|31196|31817|31904|31908|4787
8854,P68363,IC50,8,1400.0,nM,5.0,5.85,122300|12263|30763|31196|31817|31904|31908|4787
8854,P68366,IC50,8,1400.0,nM,5.0,5.85,122300|12263|30763|31196|31817|31904|31908|4787
8854,P68371,IC50,8,1400.0,nM,5.0,5.85,122300|12263|30763|31196|31817|31904|31908|4787
8854,Q13509,IC50,8,1400.0,nM,5.0,5.85,122300|12263|30763|31196|31817|31904|31908|4787
8854,Q13885,IC50,8,1400.0,nM,5.0,5.85,122300|12263|30763|31196|31817|31904|31908|4787
8854,Q25270,IC50,2,1950.0,nM,8.0,5.71,20659|20772
8854,Q3ZCM7,IC50,8,1400.0,nM,5.0,5.85,122300|12263|30763|31196|31817|31904|31908|4787
8854,Q6B856,IC50,17,1200.0,nM,5.0,5.92,11141|11699|12198|12550|12777|14017|14098|14533|15167|15718|16463|16477|16917|17490|17549
8854,Q6PEY2,IC50,8,1400.0,nM,5.0,5.85,122300|12263|30763|31196|31817|31904|31908|4787
8854,Q71U36,IC50,8,1400.0,nM,5.0,5.85,122300|12263|30763|31196|31817|31904|31908|4787
8854,Q862F3,IC50,14,1900.0,nM,5.0,5.72,11141|11699|12198|12550|14098|14533|15167|15718|16463|16477|17490|17549
8854,Q862L2,IC50,13,1900.0,nM,5.0,5.72,11141|11699|12198|12550|14098|14533|15167|15718|16463|16477|17549
8854,Q9BQE3,IC50,8,1400.0,nM,5.0,5.85,122300|12263|30763|31196|31817|31904|31908|4787
8854,Q9BUF5,IC50,8,1400.0,nM,5.0,5.85,122300|12263|30763|31196|31817|31904|31908|4787
8854,Q9BVA1,IC50,8,1400.0,nM,5.0,5.85,122300|12263|30763|31196|31817|31904|31908|4787
8854,Q9H4B7,IC50,8,1400.0,nM,5.0,5.85,122300|12263|30763|31196|31817|31904|31908|4787
8855,P98170,EC50,1,630.0,nM,9.0,6.2,45881
886,P05106,IC50,1,25000.0,nM,7.0,4.6,14241
886,P08514,IC50,1,25000.0,nM,7.0,4.6,14241
8864,P41146,EC50,1,39.81,nM,8.0,7.4,3269
8866,P35372,EC50,2,5.8,nM,9.0,8.72,128993
8866,P35372,Emax,2,101.8,%,9.0,,128993
8866,P41143,Emax,1,90.4,%,9.0,,128993
8866,P41143,IC50,1,3.77,nM,9.0,8.42,128993
8866,P41145,EC50,1,166.02,nM,9.0,6.78,128993
8866,P41145,Emax,1,98.1,%,9.0,,128993
8866,P41146,EC50,1,45.46,nM,9.0,7.34,128993
8866,P41146,Emax,1,95.9,%,9.0,,128993
8868,P32249,IC50,1,6769.0,nM,9.0,5.17,128647
8868,P35372,EC50,1,693.0,nM,9.0,6.16,47201
8868,P41146,EC50,1,12.0,nM,9.0,7.92,47201
8872,Q9UKP6,IC50,1,4.0,nM,9.0,8.4,43815
8880,P54578,IC50,1,5000.0,nM,9.0,5.3,51887
8886,Q05586,IC50,1,1.0,nM,9.0,9.0,37661
8887,P01375,IC50,4,20000.0,nM,9.0,,51887
8887,P10145,IC50,10,25000.0,nM,9.0,6.215,51887
8887,Q9HC29,IC50,4,20000.0,nM,9.0,,51887
8887,Q9Y239,IC50,7,720.0,nM,9.0,6.15,51887
8898,P03372,EC50,1,19.0,nM,9.0,7.72,45633
8898,Q92731,EC50,1,4.8,nM,9.0,8.32,45633
89,P28335,EC50,1,0.38,nM,9.0,9.42,73887
89,P34969,IC50,4,6.4,nM,9.0,8.385,113446|118638|83796|98523
89,P50406,IC50,4,7.85,nM,9.0,8.145,38231|83796|91325
8900,P20393,EC50,1,2000.0,nM,9.0,5.7,131267
8900,P20393,IC50,1,620.0,nM,8.0,6.21,61375
8900,Q14995,EC50,1,3000.0,nM,9.0,5.52,131267
8901,P20393,EC50,2,3350.0,nM,9.0,5.6899999999999995,131267|62710
8901,P20393,IC50,1,710.0,nM,8.0,6.15,61375
8901,Q14995,EC50,1,11000.0,nM,9.0,4.96,131267
8908,P62508,IC50,1,250.0,nM,9.0,6.6,30691
8924,Q9JI35,EC50,1,1.5,nM,9.0,8.82,46281
8924,Q9Y5N1,EC50,1,1.5,nM,9.0,8.82,126729
8924,Q9Y5N1,IC50,2,193.5,nM,9.0,7.175,127227|44709
8940,K9N7C7,IC50,1,10000.0,nM,8.0,,115086
8940,P0DTD1,IC50,1,510.0,nM,9.0,6.29,115086
8946,Q14416,EC50,1,147.0,nM,9.0,6.83,90514
8946,Q14416,Emax,1,273.0,%,9.0,,90514
8947,Q14416,EC50,2,17.1,nM,9.0,7.77,110450|124873
8948,P25025,IC50,1,3.2,nM,9.0,8.49,128289
8950,Q9H8M2,EC50,1,800.0,nM,9.0,6.1,124766
8950,Q9NPI1,EC50,1,800.0,nM,9.0,6.1,124766
8954,O14744,IC50,3,11.0,nM,9.0,7.96,124766|131266
8955,O60678,IC50,1,119.0,nM,9.0,6.92,131266
8955,Q86X55,IC50,1,83.0,nM,9.0,7.08,131266
8955,Q96LA8,IC50,2,30.0,nM,9.0,7.825,131266|131267
8955,Q99873,IC50,2,19.5,nM,9.0,7.785,131266|131267
8955,Q9NR22,IC50,1,5.0,nM,9.0,8.3,131266
8979,O15550,IC50,1,9000.0,nM,9.0,5.05,124766
8981,P10276,EC50,1,630.0,nM,9.0,6.2,131267
8981,P10826,EC50,1,10.0,nM,9.0,8.0,131267
8981,P13631,EC50,1,501.0,nM,9.0,6.3,131267
8983,Q9H3N8,EC50,2,1.2675,nM,9.0,8.899999999999999,49293
8983,Q9H3N8,Emax,2,22.95,%,9.0,,49293
8985,Q9H3N8,IC50,5,4.9,nM,9.0,8.600000000000001,60097|73510
8995,Q9Y5Y4,IC50,1,19.0,nM,9.0,7.72,102309
8996,Q9Y5Y4,IC50,2,29.0,nM,9.0,7.555,102309|75301
8996,Q9Z2J6,IC50,1,94.0,nM,9.0,7.03,75301
9,P08908,Emax,7,26.0,%,9.0,,102152|105454|20794|50570|52726|60938|71852
90,O60840,IC50,2,201.0,nM,4.0,6.705,91842|91875
90,P06795,IC50,2,50000.0,nM,8.0,,17494
90,P08183,IC50,3,2900.0,nM,8.0,5.54,17494
90,P17861,IC50,1,10000.0,nM,8.0,,51887
90,P21447,IC50,2,4900.0,nM,8.0,5.31,17494
90,P35498,IC50,1,54.0,nM,4.0,7.27,91842
90,P35499,IC50,1,54.0,nM,4.0,7.27,91842
90,P35639,IC50,1,6340.0,nM,8.0,,51887
90,Q01118,IC50,1,54.0,nM,4.0,7.27,91842
90,Q01668,IC50,2,201.0,nM,4.0,6.705,91842|91875
90,Q12809,IC50,3,18.2,nM,9.0,7.74,16592|20904|91842
90,Q13698,IC50,2,201.0,nM,4.0,6.705,91842|91875
90,Q13936,IC50,2,201.0,nM,4.0,6.705,91842|91875
90,Q14524,IC50,1,54.0,nM,4.0,7.27,91842
90,Q15858,IC50,1,54.0,nM,4.0,7.27,91842
90,Q99250,IC50,1,54.0,nM,4.0,7.27,91842
90,Q9NY46,IC50,1,54.0,nM,4.0,7.27,91842
90,Q9UI33,IC50,1,54.0,nM,4.0,7.27,91842
90,Q9UQD0,IC50,1,54.0,nM,4.0,7.27,91842
90,Q9Y5Y9,IC50,1,54.0,nM,4.0,7.27,91842
900,P30553,EC50,1,0.4,nM,8.0,9.4,15635
9002,P32300,IC50,1,0.631,nM,9.0,9.2,30698
9002,P41143,EC50,1,0.4,nM,9.0,9.4,45228
9002,Q96LB1,Emax,2,10.270000000000001,%,9.0,,131050
9003,P41143,EC50,1,94.0,nM,9.0,7.03,48114
9004,P41143,EC50,1,20.0,nM,9.0,7.7,45228
9004,Q96LB1,EC50,1,5128.61,nM,9.0,5.29,131050
9004,Q96LB1,Emax,1,64.78,%,9.0,,131050
9005,P41143,EC50,1,7.2,nM,8.0,8.14,15665
9005,P41143,Emax,1,110.0,%,8.0,,15665
9006,P32300,IC50,3,0.12,nM,9.0,9.92,16779|44204|52207
9006,P97266,IC50,2,1724.0,nM,9.0,5.76,16779|52207
9006,Q8CGM4,IC50,1,0.12,nM,9.0,9.92,44204
9008,Q9GZQ4,EC50,1,2.6,nM,9.0,8.59,91780
9008,Q9HB89,EC50,1,0.083,nM,9.0,10.08,91780
9021,Q99572,IC50,1,10.0,nM,9.0,8.0,47494
9023,P41231,IC50,1,10000.0,nM,9.0,5.0,49669
9023,P51582,IC50,1,10000.0,nM,9.0,,49669
9023,Q63371,IC50,1,10000.0,nM,9.0,,49669
9032,O55193,IC50,1,2.8,nM,9.0,8.55,61911
9032,P41597,IC50,3,3.9,nM,9.0,8.41,61911
9032,P51683,IC50,1,16.0,nM,9.0,7.8,61911
9037,P01590,EC50,1,3.0,nM,9.0,8.52,17852
9040,Q99683,IC50,186,470.0,nM,9.0,6.325,128650
9042,P41180,EC50,1,93.0,nM,9.0,7.03,127238
9044,P33534,EC50,1,0.048,nM,8.0,10.32,103161
9044,P41145,EC50,2,0.08131000000000001,nM,8.5,9.8,103161|119373
9046,P51686,IC50,7,100.0,nM,9.0,8.3,66581|93107|97149|97151|99503
9052,Q05586,IC50,1,246.0,nM,6.0,6.61,44463
9052,Q13224,IC50,1,246.0,nM,6.0,6.61,44463
9052,Q96LB1,EC50,4,4234.344999999999,nM,9.0,5.375,131050
9052,Q96LB1,Emax,2,75.72,%,9.0,,131050
9055,P30551,EC50,1,445.8,nM,9.0,6.35,53436
9055,P32238,EC50,7,1.8,nM,9.0,8.74,53436|61618|97630
9055,P32238,Efficacy,1,95.0,%,9.0,,61618
9055,P32238,IC50,2,51.545,nM,9.0,8.51,97630
9055,P32239,EC50,6,988.62,nM,9.0,6.279999999999999,97630
9059,Q13639,EC50,5,0.36,nM,9.0,9.44,66601|97433
9059,Q13639,Emax,5,18.0,%,9.0,,66601|97433
9059,Q62758,EC50,3,0.62,nM,9.0,9.21,66601
9059,Q62758,Emax,3,22.0,%,9.0,,66601
9061,P03372,IC50,1,10000.0,nM,8.0,,52242
9061,P04150,IC50,1,10000.0,nM,8.0,,52242
9061,P06401,IC50,1,416.0,nM,8.0,6.38,52242
9061,P08235,IC50,2,15.0,nM,8.0,7.865,52242
9061,P10275,IC50,1,8910.0,nM,8.0,,52242
9062,Q99572,IC50,4,1.35,nM,8.5,8.870000000000001,57722|58820
9071,P21554,EC50,2,3.981,nM,9.0,8.4,52442|59029
9071,P34972,EC50,1,15.85,nM,9.0,7.8,59029
91,P07550,IC50,1,2.192,nM,9.0,8.66,128647
91,P08908,Efficacy,1,36.0,%,9.0,,3445
9102,P09960,IC50,2,790.0,nM,8.0,6.1,15814|16552
9103,Q9Y5N1,IC50,1,2.512,nM,9.0,8.6,65503
911,O95136,EC50,4,23.5,nM,9.0,7.66,127252|51007|76450
911,O95977,EC50,5,13.0,nM,9.0,7.89,127252|37319|51007|76450
911,P21453,EC50,9,5.6,nM,9.0,8.25,37319|46636|50628|50767|51007|60783|71837|76450|90049
911,P21453,Efficacy,1,91.0,%,9.0,,60783
911,Q99500,EC50,9,2.4,nM,9.0,8.62,127252|37319|46636|50628|50767|51007|71837|76450
911,Q9H228,EC50,4,3.9,nM,9.0,8.48,127252|37319|51007|76450
9113,P16473,EC50,1,18.0,nM,9.0,7.75,81821
9113,P16473,Emax,1,69.6,%,9.0,,81821
9115,Q15910,IC50,1,2.0,nM,9.0,8.7,131266
9116,P07550,EC50,2,32000.0,nM,9.0,,131166
9116,P08172,EC50,2,16000.0,nM,9.0,,131166
9116,P11229,EC50,2,16000.0,nM,9.0,,131166
9116,P14416,EC50,2,60000.0,nM,9.0,4.7,131166
9116,P21728,EC50,1,32000.0,nM,9.0,,131166
9116,P25103,EC50,1,40000.0,nM,9.0,,131166
9116,P28222,EC50,2,31000.0,nM,9.0,,131166
9116,P28223,EC50,2,30000.0,nM,9.0,4.7,131166
9116,P28335,EC50,2,40000.0,nM,9.0,,131166
9116,P29274,EC50,1,32000.0,nM,9.0,,131166
9116,P34972,EC50,1,100000.0,nM,9.0,,131166
9116,P35367,EC50,1,40000.0,nM,9.0,,131166
9116,P35368,EC50,1,40000.0,nM,9.0,,131166
9116,P35372,EC50,1,100000.0,nM,9.0,,131166
9116,P37288,EC50,1,30000.0,nM,9.0,,131166
9116,P41145,EC50,2,100000.0,nM,9.0,,131166
9135,A0A1D5QZY8,IC50,1,55.5,nM,9.0,7.26,65639
9135,E2R517,IC50,1,104.5,nM,9.0,6.98,65639
9135,P30082,IC50,1,727.0,nM,9.0,6.14,65639
9135,P32241,IC50,1,11580.0,nM,9.0,4.94,65639
9135,P41587,IC50,1,12800.0,nM,9.0,4.89,65639
9135,P43220,IC50,1,10000.0,nM,9.0,,65639
9135,P47871,IC50,2,47.85,nM,9.0,7.449999999999999,108693|65639
9135,P48546,IC50,1,1019.0,nM,9.0,5.99,65639
9135,Q05923,IC50,1,9200.0,nM,9.0,5.04,65639
9135,Q61606,IC50,1,122.0,nM,9.0,6.91,65639
9136,P07550,IC50,1,10000.0,nM,9.0,,128647
9136,Q5NUL3,EC50,1,3234.58,nM,9.0,5.49,128647
9136,Q5T601,IC50,1,10000.0,nM,9.0,,128647
9149,O14842,EC50,3,45.71,nM,9.0,7.34,65806
9149,O14842,Efficacy,1,102.0,%,9.0,,65806
9149,Q5NUL3,EC50,1,43651.58,nM,8.0,4.36,65806
9149,Q5NUL3,Efficacy,1,66.0,%,8.0,,65806
9149,Q8K3T4,EC50,1,181.97,nM,9.0,6.74,65806
9155,Q15743,EC50,2,147.95499999999998,nM,9.0,6.83,124766|131049
9155,Q15743,Emax,1,1.07,%,9.0,,131049
9168,P08172,IC50,1,3238.84,nM,9.0,5.49,128647
9168,P08913,IC50,1,4017.66,nM,9.0,5.4,128647
9168,P21453,IC50,1,3360.57,nM,9.0,5.47,128647
9168,P21462,IC50,1,16969.8,nM,9.0,4.77,128647
9168,P25089,IC50,1,3908.03,nM,9.0,5.41,128647
9168,P30556,IC50,1,4186.31,nM,9.0,5.38,128647
9168,P32249,IC50,1,4791.76,nM,9.0,5.32,128647
9168,P35414,IC50,1,6631.98,nM,9.0,5.18,128647
9168,P49238,IC50,1,6124.84,nM,9.0,5.21,128647
9168,P86926,IC50,1,96559.0,nM,8.0,,51887
9168,Q5T601,IC50,1,4996.8,nM,9.0,5.3,128647
9168,Q6W5P4,IC50,2,22.98,nM,9.0,8.184999999999999,76045
9168,Q8IYL9,IC50,1,4935.83,nM,9.0,5.31,128647
9168,Q8TDV5,IC50,1,5484.65,nM,9.0,5.26,128647
9168,Q9HC97,IC50,1,4148.7,nM,9.0,5.38,128647
9184,O95342,IC50,1,28700.0,nM,8.0,4.54,64449
9184,P08183,IC50,3,1000.0,nM,8.0,6.0,64447
9184,P10520,EC50,2,1762.0,nM,8.0,5.775,51887
9187,O14757,EC50,1,30.0,nM,9.0,7.52,124766
9189,P14416,EC50,1,10000.0,nM,9.0,,66694
9189,P14416,IC50,1,1647.0,nM,9.0,5.78,66694
9189,P35462,EC50,1,10000.0,nM,9.0,,66694
9189,P35462,IC50,1,953.0,nM,9.0,6.02,66694
9189,P41145,EC50,2,4.300000000000001,nM,9.0,8.370000000000001,113432|66694
9189,P41145,Emax,2,38.5,%,9.0,,113432|66694
9190,P14416,EC50,1,181.0,nM,9.0,6.74,66694
9190,P14416,Emax,1,63.8,%,9.0,,66694
9190,P35462,EC50,1,32.2,nM,9.0,7.49,66694
9190,P35462,Emax,1,84.5,%,9.0,,66694
9190,P41145,EC50,2,35.85,nM,9.0,7.445,113432|66694
9190,P41145,Emax,2,51.7,%,9.0,,113432|66694
9191,P41145,EC50,5,31.0,nM,9.0,7.51,112218|113432|127551|130368
9191,P41145,Emax,2,94.0,%,9.0,,112218|113432
9223,O95136,IC50,1,8.2,nM,9.0,8.09,97950
9226,P48039,EC50,1,177.0,nM,9.0,6.75,93388
9226,P48039,Emax,1,79.0,%,9.0,,93388
9228,P11229,EC50,4,2173.5,nM,9.0,6.785,118919
9231,P21554,EC50,2,2.4,nM,9.0,8.62,34762|48817
9231,P21554,IC50,1,0.3,nM,8.0,9.52,47187
9234,P21554,IC50,1,19.95,nM,8.0,7.7,47039
9239,P21554,EC50,2,25.5,nM,9.0,7.615,111704|117405
9239,P21554,Emax,2,94.655,%,9.0,,111704|117405
9246,O60674,IC50,12,15.0,nM,9.0,7.84,128650
9246,P23458,IC50,12,11.0,nM,9.0,7.96,128650
9246,P52333,IC50,11,11.0,nM,9.0,7.96,128650
9257,P20272,EC50,1,2.5,nM,9.0,8.6,114080
9257,P20272,Emax,1,87.0,%,9.0,,114080
9257,P34972,EC50,1,0.3,nM,9.0,9.52,114080
9257,P34972,Emax,1,82.0,%,9.0,,114080
9262,P70032,IC50,2,21400.0,nM,8.0,4.74,35531
9269,P51813,IC50,1,569.0,nM,9.0,6.25,128650
9269,Q06187,IC50,1,569.0,nM,9.0,6.25,128650
9270,Q9NR97,EC50,1,1320.0,nM,9.0,5.88,66574
9272,P32245,EC50,3,0.389,nM,9.0,9.405000000000001,121651|122804
9272,P33032,IC50,1,1862.09,nM,9.0,5.73,122804
9272,P41968,EC50,2,0.1514,nM,9.0,9.82,121651|122804
9272,Q01726,EC50,2,0.1585,nM,9.0,9.8,121651|122804
9277,Q9Y5Y4,EC50,1,24.0,nM,9.0,7.62,66525
9277,Q9Y5Y4,IC50,4,31.5,nM,8.0,7.505,66525|73731
9279,P35372,EC50,1,60000.0,nM,9.0,4.22,90946
9279,P41143,EC50,1,8000.0,nM,9.0,5.1,90946
9279,P41145,EC50,1,0.5,nM,9.0,9.3,90946
9283,P29990,IC50,1,39300.0,nM,8.0,,51887
9283,P43116,IC50,1,1600.0,nM,9.0,5.8,74288
9283,P65502,IC50,2,24990.0,nM,9.0,,51887
9286,P35372,EC50,9,10.0,nM,9.0,8.17,112218|113432|117709|121906|127715|128993
9286,P35372,Emax,7,77.0,%,9.0,,112218|113432|117709|121906|128993
9286,P41143,Emax,1,58.3,%,9.0,,128993
9286,P41143,IC50,1,108.4,nM,9.0,6.96,128993
9286,P41145,EC50,1,10000.0,nM,9.0,,128993
9286,P41145,Emax,1,0.0,%,9.0,,128993
9286,P41145,IC50,1,269.78,nM,9.0,6.57,128993
9286,P41146,EC50,1,10000.0,nM,9.0,,128993
9289,O95977,EC50,1,750.0,nM,9.0,6.12,75986
9289,P21453,EC50,1,0.4,nM,9.0,9.4,72258
9289,P21453,Emax,1,91.0,%,9.0,,72258
9289,Q99500,EC50,1,5000.0,nM,9.0,5.3,72258
9289,Q99500,Emax,1,55.0,%,9.0,,72258
9289,Q9H228,EC50,1,0.98,nM,9.0,9.01,75986
9303,O43613,IC50,2,60.0,nM,9.0,7.22,92949|98454
9303,O43614,IC50,2,11.0,nM,9.0,7.96,92949|98454
9305,O43613,EC50,3,326.0,nM,9.0,6.49,121453|128238|93588
9305,O43613,Emax,2,106.0,%,9.0,,121453|93588
9305,O43614,EC50,2,36.49,nM,9.0,7.51,121453|128238
9305,O43614,Emax,2,98.0,%,9.0,,121453|93588
9309,P31424,IC50,1,4.3,nM,9.0,8.37,130858
9309,P41594,IC50,1,7.0,nM,9.0,8.15,91338
932,P14416,IC50,1,4e-08,nM,8.0,,8528
932,P18901,IC50,2,2.35,nM,5.0,8.645,7621
932,P19020,IC50,2,2.35,nM,5.0,8.645,7621
932,P25115,IC50,2,2.35,nM,5.0,8.645,7621
932,P30729,IC50,2,2.35,nM,5.0,8.645,7621
932,P61169,IC50,2,2.35,nM,5.0,8.645,7621
9320,P21453,EC50,1,9.7,nM,9.0,8.01,51007
9320,P21453,IC50,1,12.59,nM,9.0,7.9,109767
9320,Q99500,EC50,1,109.0,nM,9.0,6.96,51007
9326,P07550,EC50,1,1.9,nM,9.0,8.72,120430
9326,P07550,Emax,1,91.0,%,9.0,,120430
9330,P27815,IC50,3,600.0,nM,5.0,6.22,30399|4847
9330,Q07343,IC50,2,307.0,nM,4.5,7.035,30399
9330,Q08493,IC50,2,307.0,nM,4.5,7.035,30399
9330,Q08499,IC50,2,307.0,nM,4.5,7.035,30399
9331,H9EUW9,EC50,1,0.32,nM,9.0,9.49,90049
9331,H9EUW9,Emax,1,95.0,%,9.0,,90049
9331,O08530,EC50,1,0.44,nM,9.0,9.36,90049
9331,O08530,Emax,1,95.0,%,9.0,,90049
9331,P21453,EC50,1,0.04,nM,9.0,10.4,90049
9331,P21453,Emax,1,102.0,%,9.0,,90049
9331,P48303,EC50,1,0.32,nM,9.0,9.49,90049
9331,P48303,Emax,1,99.0,%,9.0,,90049
9331,W5VNF7,EC50,1,0.34,nM,9.0,9.47,90049
9331,W5VNF7,Emax,1,87.0,%,9.0,,90049
9348,Q02763,IC50,1,250.0,nM,8.0,6.6,36916
935,P0DTD1,IC50,1,2800.0,nM,9.0,5.55,115086
935,P18825,EC50,1,1380.38,nM,9.0,5.86,92688
935,P18825,Emax,1,70.0,%,9.0,,92688
935,P21728,EC50,8,240.0,nM,9.0,6.635,10358|111316|112218|48430|62594|72437|89590
935,P21728,Emax,3,100.0,%,9.0,,112218|62594|72437
935,P61169,EC50,2,10000.0,nM,9.0,,10358
9357,O14920,EC50,1,700.0,nM,9.0,6.16,128650
936,P21728,EC50,1,0.45,nM,9.0,9.35,112218
936,P21728,Emax,1,30.0,%,9.0,,112218
9378,Q8NEB9,IC50,1,100.0,nM,9.0,,124766
938,P21728,EC50,2,891.35,nM,9.0,7.04,114393|126809
938,P21728,Emax,1,100.0,%,9.0,,114393
938,P21918,EC50,1,1.4,nM,9.0,8.85,114393
938,P21918,Emax,1,109.0,%,9.0,,114393
939,P18901,EC50,1,57.0,nM,8.0,7.24,9400
939,P21728,EC50,1,2.8,nM,9.0,8.55,112218
939,P21728,Emax,1,92.0,%,9.0,,112218
940,O88446,IC50,2,223000.0,nM,8.0,4.21,64218
940,P14416,EC50,29,200.0,nM,9.0,6.7,104588|110137|111316|112090|114209|114393|118638|126504|128137|34751|38128|38679|42030|47595|49130|49668|52843|65402|66694|66782|73784|76364|77143|83838|97495
940,P14416,Emax,10,99.4,%,9.0,,104588|126504|128137|52843|66694|73784|77143|83838
940,P14416,IC50,1,8e-06,nM,8.0,,8528
940,P18901,EC50,2,4250.0,nM,8.0,5.38,13362|9400
940,P18901,IC50,2,2.05,nM,5.0,8.69,7621
940,P19020,IC50,2,2.05,nM,5.0,8.69,7621
940,P21728,EC50,7,39.0,nM,9.0,7.41,109547|114393|126809|31844|38679|52488|76364
940,P21917,EC50,7,10.0,nM,9.0,8.0,114393|122788|126504|31844|34751
940,P21917,Emax,5,100.0,%,9.0,,122788|126504
940,P21917,IC50,1,114.0,nM,9.0,6.94,126504
940,P21918,EC50,1,2.0,nM,9.0,8.7,114393
940,P25115,IC50,2,2.05,nM,5.0,8.69,7621
940,P30729,EC50,1,2.4,nM,9.0,8.62,34751
940,P30729,IC50,2,2.05,nM,5.0,8.69,7621
940,P35462,EC50,24,5.57,nM,9.0,8.254999999999999,110137|113353|113363|114209|121980|126504|126809|127638|38128|42030|47595|49130|49668|52843|65402|66694|66782|73784|77143|83838|97495
940,P35462,Emax,8,100.0,%,9.0,,121980|126504|127638|52843|66694|73784|77143|83838
940,P61169,EC50,3,5.0,nM,9.0,8.3,31844|34751|47870
940,P61169,IC50,2,2.05,nM,5.0,8.69,7621
940,Q712U5,EC50,1,3500.0,nM,8.0,5.46,8060
940,Q96RJ0,EC50,1,1710.0,nM,9.0,5.77,121679
940,Q96RJ0,Emax,1,97.0,%,9.0,,121679
940,Q9R0W2,IC50,1,2300000.0,nM,8.0,,64218
9401,P33981,IC50,31,1000.0,nM,9.0,6.0,128650
9404,P0CX82,EC50,1,1285.0,nM,8.0,5.89,51887
941,P14416,EC50,2,1.9500000000000002,nM,9.0,8.82,104588|76364
941,P14416,Efficacy,1,110.0,%,9.0,,76364
941,P14416,Emax,1,91.0,%,9.0,,104588
941,P21728,EC50,1,28.0,nM,9.0,7.55,76364
941,P21728,Efficacy,1,110.0,%,9.0,,76364
941,P35414,IC50,1,10000.0,nM,9.0,,128647
9419,P17861,IC50,1,940.0,nM,8.0,6.03,51887
9419,P35639,IC50,1,6270.0,nM,8.0,5.2,51887
9419,Q932Y6,IC50,1,49751.0,nM,9.0,,51887
9419,Q9NZJ5,EC50,2,55700.0,nM,9.0,,51887
9420,P23219,IC50,1,2000.0,nM,9.0,5.7,31030
9424,O00329,IC50,1,56.0,nM,9.0,7.25,128650
9424,P41595,IC50,1,7700.0,nM,9.0,5.11,106561
9437,P49684,IC50,1,1.0,nM,9.0,9.0,48952
9437,Q9UKP6,IC50,1,8.0,nM,9.0,8.1,48952
944,P21728,IC50,1,2240.0,nM,9.0,5.65,128458
9444,P50406,Emax,1,2.0,%,9.0,,112045
9444,P50406,IC50,4,2.8,nM,9.0,8.55,107066|118676|119531|121348
9445,P30542,EC50,1,10000.0,nM,9.0,,21389
9446,P0DMS8,Emax,2,165.5,%,9.0,,45450|66532
9447,P0DMS8,Emax,1,223.0,%,9.0,,45450
9448,P35414,EC50,1,47.0,nM,9.0,7.33,116671
9449,Q16581,EC50,3,7.0,nM,9.0,8.15,108872|97339
9456,P55085,EC50,3,200.0,nM,9.0,6.7,45176|74997
9456,P55085,Efficacy,1,81.0,%,9.0,,45176
9457,P55085,EC50,1,6309.57,nM,9.0,5.2,45176
9457,P55085,Efficacy,1,30.0,%,9.0,,45176
9460,P55085,EC50,5,31.62,nM,9.0,7.51,45176|74997
9460,P55085,Efficacy,3,91.0,%,9.0,,45176
9469,P41231,EC50,1,66.0,nM,9.0,7.18,83114
9469,P51582,EC50,1,70.0,nM,9.0,7.16,83114
9469,Q15077,EC50,1,23.0,nM,9.0,7.64,83114
9473,P41180,IC50,1,146.0,nM,9.0,6.84,57865
9473,P48442,IC50,1,320.0,nM,9.0,6.5,57865
9474,P41180,IC50,1,12.0,nM,9.0,7.92,55670
9475,P41180,IC50,1,4.4,nM,9.0,8.36,49700
9478,P51679,IC50,3,18.0,nM,9.0,7.75,44453|45072
9478,P51680,IC50,1,39.0,nM,9.0,7.41,45072
9489,Q5HMD9,IC50,1,300000.0,nM,8.0,,9845
9492,O95977,EC50,1,39810.72,nM,9.0,,98481
9492,O95977,Emax,1,7.0,%,9.0,,98481
9492,P21453,EC50,1,1.585,nM,9.0,8.8,128279
9492,Q9H228,EC50,1,16.6,nM,9.0,7.78,98481
9492,Q9H228,Emax,1,63.0,%,9.0,,98481
9494,O95136,EC50,1,50000.0,nM,8.0,,51887
9494,O95977,EC50,1,50000.0,nM,8.0,,51887
9494,Q5T601,EC50,1,10000.0,nM,9.0,,128647
9494,Q9H228,EC50,1,25000.0,nM,8.0,,51887
9495,O95977,EC50,1,154.0,nM,9.0,6.81,102074
9496,P21453,IC50,1,362.0,nM,9.0,6.44,97457
9496,Q9H228,EC50,2,4.9,nM,9.0,8.315000000000001,97457
9497,P32246,IC50,1,3.0,nM,9.0,8.52,112228
9498,Q92633,EC50,1,6.7,nM,9.0,8.17,129525
9499,Q92633,IC50,2,160.0,nM,9.0,6.8,101234|106980
9500,Q92633,IC50,1,10000.0,nM,5.0,,62646
9500,Q9H1C0,IC50,4,800.0,nM,9.0,6.1,130206|62646
9500,Q9HBW0,IC50,1,10000.0,nM,9.0,,62646
9500,Q9UBY5,IC50,1,10000.0,nM,5.0,,62646
9511,P25090,EC50,1,2.4,nM,9.0,8.62,129212
9512,P07550,EC50,1,1258.93,nM,9.0,5.9,31108
9512,P07550,Emax,1,4.6,%,9.0,,31108
9512,P08588,EC50,1,3981.07,nM,9.0,5.4,31108
9512,P08588,Emax,1,1.7,%,9.0,,31108
9512,P13945,EC50,1,3.981,nM,9.0,8.4,31108
9512,P13945,Emax,1,79.0,%,9.0,,31108
9523,O95696,EC50,1,500.0,nM,9.0,,124766
9523,O95696,IC50,1,1199.0,nM,9.0,5.92,131266
9523,P55201,EC50,1,500.0,nM,9.0,,124766
9523,P55201,IC50,2,175.0,nM,9.0,6.835,131266|131267
9523,Q9ULD4,EC50,1,500.0,nM,9.0,,124766
9525,O75530,IC50,4,84.0,nM,9.0,7.08,131267
9527,O14744,IC50,1,3.0,nM,9.0,8.52,124766
9528,Q86X55,IC50,1,379.0,nM,9.0,6.42,128650
953,P14416,EC50,4,16.7285,nM,9.0,7.88,104588|124296|37919|38679
953,P14416,Emax,2,51.43,%,9.0,,104588|124296
953,P14416,IC50,1,10000.0,nM,9.0,,72070
953,P19020,EC50,2,1.095,nM,6.5,9.19,15609|69748
953,P19020,Emax,1,52.0,%,5.0,,69748
953,P21728,EC50,1,10000.0,nM,9.0,,38679
953,P21917,EC50,1,15.0,nM,8.0,7.82,4996
953,P25021,EC50,1,165.96,nM,9.0,6.78,124296
953,P25021,Emax,1,0.95,%,9.0,,124296
953,P35462,EC50,3,1.0,nM,9.0,9.0,124296|37919|4996
953,P35462,Emax,1,0.99,%,9.0,,124296
953,P61169,EC50,5,9.2,nM,8.0,8.04,15609|4996|69748
953,P61169,Emax,2,47.65,%,7.0,,69748
953,P61169,IC50,1,4700.0,nM,8.0,5.33,93
9537,Q96LB1,EC50,2,31622.78,nM,9.0,,131050
9538,P49654,IC50,1,1.995,nM,9.0,8.7,46133
9538,P51575,IC50,1,10000.0,nM,8.0,,46133
9538,P56373,IC50,1,5.012,nM,7.0,8.3,46133
9538,Q93086,IC50,1,10000.0,nM,8.0,,46133
9538,Q99571,IC50,1,10000.0,nM,8.0,,46133
9538,Q99572,IC50,1,10000.0,nM,8.0,,46133
9538,Q9UBL9,IC50,2,5002.506,nM,7.5,8.3,46133
954,P14416,EC50,5,44.67,nM,9.0,7.35,37919|90877|92613
954,P35462,EC50,1,1.0,nM,9.0,9.0,37919
9541,Q99571,IC50,1,500.0,nM,9.0,6.3,66651
9542,P51575,IC50,1,10000.0,nM,9.0,,66651
9542,P51577,IC50,1,928.0,nM,9.0,6.03,66651
9542,P56373,IC50,1,10000.0,nM,9.0,,66651
9542,Q99571,IC50,1,1380.0,nM,9.0,5.86,66651
9542,Q99572,IC50,1,10000.0,nM,9.0,,66651
9542,Q9JJX6,IC50,1,1760.0,nM,9.0,5.75,66651
9542,Q9UBL9,IC50,1,10000.0,nM,9.0,,66651
9560,P55085,IC50,1,6600.0,nM,9.0,5.18,106356
9566,Q96LB1,EC50,2,870.0,nM,9.0,6.0649999999999995,131050
9567,P41143,EC50,3,0.7,nM,9.0,9.15,47540|60560
9567,Q96LB1,EC50,3,290.0,nM,9.0,6.54,131050
9567,Q96LB1,Emax,2,91.31,%,9.0,,131050
958,P14416,IC50,1,2e-08,nM,8.0,,8528
958,P61169,IC50,1,233.0,nM,8.0,6.63,11294
9585,P55085,IC50,1,4200.0,nM,9.0,5.38,106356
96,O35505,IC50,3,73000.0,nM,9.0,4.14,91842|91874
96,O60840,IC50,1,34200.0,nM,4.0,4.47,91875
96,P08908,EC50,1,10000.0,nM,9.0,,105626
96,P14416,IC50,1,7.09,nM,9.0,8.15,105626
96,P20309,IC50,1,100000.0,nM,9.0,,109228
96,P28223,IC50,3,0.72,nM,9.0,9.14,105626|112090
96,P28335,IC50,2,4.405,nM,9.0,8.445,107943|109228
96,P35348,IC50,2,10.45,nM,9.0,7.98,107943|109228
96,P35367,IC50,2,454.0,nM,9.0,6.34,107943|109228
96,P35462,IC50,1,24.0,nM,9.0,7.62,126809
96,Q01668,IC50,1,34200.0,nM,4.0,4.47,91875
96,Q12809,IC50,3,162.18,nM,9.0,6.79,16592|20904|91842
96,Q13698,IC50,1,34200.0,nM,4.0,4.47,91875
96,Q13936,IC50,2,79600.0,nM,6.5,4.47,91874|91875
96,Q14524,IC50,1,102000.0,nM,9.0,,91842
9610,O15264,IC50,4,5950.0,nM,5.0,5.465,17106
9610,P53778,IC50,4,5950.0,nM,5.0,5.465,17106
9610,Q15759,IC50,4,5950.0,nM,5.0,5.465,17106
9610,Q16539,IC50,4,5950.0,nM,5.0,5.465,17106
9613,P21554,EC50,1,5.8,nM,9.0,8.24,121781
9613,P21554,Emax,1,96.0,%,9.0,,121781
9613,P34972,EC50,1,5.5,nM,9.0,8.26,121781
9613,P34972,Emax,1,107.0,%,9.0,,121781
9617,Q9Y233,IC50,1,0.37,nM,9.0,9.43,131266
9628,P35408,IC50,2,2.36,nM,9.0,8.63,97830|98997
963,P14416,IC50,2,8.01,nM,9.0,8.205,101933|129977
9637,P18901,EC50,1,5.1,nM,8.0,8.29,13362
9637,P35406,EC50,1,8.2,nM,9.0,8.09,13944
9642,P30561,EC50,1,0.03,nM,9.0,10.52,60137
965,P61169,IC50,1,1.0,nM,9.0,9.0,126690
965,Q12809,IC50,2,162.09,nM,9.0,6.79,16592|20904
966,P35462,Emax,1,-10.31,%,9.0,,65786
9661,P51449,IC50,1,20.0,nM,9.0,7.7,131267
9667,Q9NWZ3,IC50,1,2.4,nM,9.0,8.62,128650
9676,Q5QD14,EC50,1,10000.0,nM,9.0,,103623
9676,Q923Y8,EC50,1,5400.0,nM,9.0,5.27,103623
9676,Q923Y8,Emax,1,85.0,%,9.0,,103623
9676,Q96RJ0,EC50,1,10000.0,nM,9.0,,103623
9676,Q96RJ0,Emax,1,85.0,%,9.0,,103623
9678,P51679,IC50,4,266.405,nM,9.0,6.9,106562
9678,P51680,IC50,1,10.0,nM,9.0,8.0,106562
9679,P51679,IC50,4,81.2355,nM,9.0,7.6,106562
9679,P51680,IC50,1,1.0,nM,9.0,9.0,106562
9689,P05106,IC50,2,405.15,nM,6.0,7.805,62002
9689,P05556,IC50,3,2200.0,nM,7.0,5.66,62002
9689,P06756,IC50,2,405.15,nM,6.0,7.805,62002
9689,P08648,IC50,3,2200.0,nM,7.0,5.66,62002
969,P14416,EC50,3,0.04,nM,9.0,10.4,111539|35305
969,P14416,Emax,1,94.38,%,9.0,,111539
969,P14416,IC50,2,5.005e-07,nM,8.0,,8528
969,P21728,EC50,2,1.098,nM,9.0,8.96,111539
969,P21728,Emax,1,84.87,%,9.0,,111539
97,P07550,EC50,1,4435.71,nM,9.0,5.35,128647
97,P25089,IC50,1,5622.48,nM,9.0,5.25,128647
97,P43220,IC50,1,10000.0,nM,9.0,,128647
97,P61088,IC50,1,20000.0,nM,9.0,,51887
9703,O15303,EC50,1,10000.0,nM,9.0,,106704
9703,O15303,IC50,1,10000.0,nM,9.0,,106704
9703,P35400,IC50,6,759.5,nM,9.0,6.12,106704|113939|122779
9703,P41594,EC50,1,10000.0,nM,9.0,,106704
9703,P41594,IC50,1,10000.0,nM,9.0,,106704
9703,P70579,EC50,1,10000.0,nM,9.0,,106704
9703,P70579,IC50,1,10000.0,nM,9.0,,106704
9703,Q13255,EC50,1,10000.0,nM,9.0,,106704
9703,Q13255,IC50,1,10000.0,nM,9.0,,106704
9703,Q14416,EC50,1,10000.0,nM,9.0,,106704
9703,Q14416,IC50,1,10000.0,nM,9.0,,106704
9703,Q14832,EC50,1,10000.0,nM,9.0,,106704
9703,Q14832,IC50,1,10000.0,nM,9.0,,106704
9703,Q14833,EC50,1,10000.0,nM,9.0,,106704
9703,Q14833,IC50,1,10000.0,nM,9.0,,106704
9706,P20272,EC50,1,36.0,nM,5.0,7.44,111891
9706,P20272,Emax,1,167.0,%,5.0,,111891
9706,P21554,EC50,5,18.2,nM,9.0,7.74,122871|59029
9706,P21554,Emax,2,213.0,%,9.0,,122871
9706,P34972,EC50,5,7.3,nM,9.0,8.14,122871|59029
9706,P34972,Emax,2,72.5,%,9.0,,122871
9706,Q9QZN9,EC50,1,36.0,nM,5.0,7.44,111891
9706,Q9QZN9,Emax,1,167.0,%,5.0,,111891
9715,P04150,IC50,1,23.0,nM,9.0,7.64,124766
9719,P20701,IC50,1,3.0,nM,9.0,8.52,124766
9720,P05107,IC50,1,26.0,nM,7.0,7.58,20790
9720,P05362,IC50,1,26.0,nM,7.0,7.58,20790
9720,P20701,IC50,1,26.0,nM,7.0,7.58,20790
9725,Q96RI1,EC50,1,0.3,nM,9.0,9.52,131267
9741,Q9HC97,IC50,3,500.0,nM,9.0,6.33,51887
9741,Q9Y2T6,IC50,1,9080.0,nM,9.0,5.04,51887
9743,Q9ES90,EC50,1,422.0,nM,9.0,6.38,126701
9743,Q9ES90,Emax,1,100.0,%,9.0,,126701
9743,Q9HC97,EC50,2,22.55,nM,9.0,7.39,126701
9743,Q9HC97,Emax,1,100.0,%,9.0,,126701
9748,P41143,EC50,2,134548283.29,nM,9.0,,123170
9748,P41143,Emax,2,16.65,,9.0,,123170
975,P14416,EC50,1,10000.0,nM,9.0,,31527
975,P14416,IC50,1,10000.0,nM,9.0,,31527
975,P21917,EC50,3,8.3,nM,9.0,8.08,13964|31527|34751
975,P21917,Efficacy,2,55.5,%,9.0,,31527|34751
9767,P21803,IC50,1,22.0,nM,9.0,7.66,120094
9772,P21554,EC50,1,927.0,nM,9.0,6.03,82353
9773,Q6RI86,EC50,1,16000.0,nM,9.0,4.8,61132
9773,Q6RI86,Efficacy,1,91.1,%,9.0,,61132
9773,Q6RI86,IC50,1,16700.0,nM,9.0,4.78,61132
9773,Q8NER1,EC50,1,320.0,nM,9.0,6.5,61132
9773,Q8NER1,Efficacy,1,79.2,%,9.0,,61132
9773,Q8NER1,IC50,1,290.0,nM,9.0,6.54,61132
9775,Q8TDS5,IC50,1,2000.0,nM,9.0,5.7,76798
9790,P11309,EC50,1,170.0,nM,9.0,6.77,128650
9790,P11309,IC50,1,180.0,nM,9.0,6.75,128650
9790,Q86V86,EC50,1,170.0,nM,9.0,6.77,128650
9790,Q86V86,IC50,1,180.0,nM,9.0,6.75,128650
9790,Q9P1W9,EC50,1,170.0,nM,9.0,6.77,128650
9790,Q9P1W9,IC50,1,180.0,nM,9.0,6.75,128650
98,O60840,IC50,2,7600.0,nM,4.0,5.125,91842|91875
98,P22460,IC50,1,2000.0,nM,8.0,5.7,15952
98,P35498,IC50,1,2300.0,nM,4.0,5.64,91842
98,P35499,IC50,1,2300.0,nM,4.0,5.64,91842
98,Q01118,IC50,1,2300.0,nM,4.0,5.64,91842
98,Q01668,IC50,2,7600.0,nM,4.0,5.125,91842|91875
98,Q12809,IC50,4,14.0,nM,9.0,7.85,15952|16592|20904|91842
98,Q13698,IC50,2,7600.0,nM,4.0,5.125,91842|91875
98,Q13936,IC50,2,7600.0,nM,4.0,5.125,91842|91875
98,Q14524,IC50,1,2300.0,nM,4.0,5.64,91842
98,Q15858,IC50,1,2300.0,nM,4.0,5.64,91842
98,Q99250,IC50,1,2300.0,nM,4.0,5.64,91842
98,Q9NY46,IC50,1,2300.0,nM,4.0,5.64,91842
98,Q9UI33,IC50,1,2300.0,nM,4.0,5.64,91842
98,Q9UQD0,IC50,1,2300.0,nM,4.0,5.64,91842
98,Q9Y5Y9,IC50,1,2300.0,nM,4.0,5.64,91842
9804,Q9Y2T5,EC50,1,21.0,nM,9.0,7.68,108657
9804,Q9Y2T5,Emax,1,103.0,%,9.0,,108657
9816,P07550,EC50,6,275.21000000000004,nM,9.0,6.56,60700
9825,P14842,EC50,1,4250.0,nM,9.0,5.37,107585
9825,P14842,Emax,1,33.72,%,9.0,,107585
9828,P07900,EC50,4,11.0,nM,5.0,7.975,31310
9828,P08238,EC50,4,11.0,nM,5.0,7.975,31310
9828,Q16665,IC50,2,57.1,nM,9.0,7.24,47471|51539
9829,P02829,IC50,2,4800.0,nM,8.0,5.32,20546
9829,P07900,IC50,1,200.0,nM,5.0,6.7,3622
9829,P08238,IC50,1,200.0,nM,5.0,6.7,3622
9836,P45983,IC50,2,600.0,nM,9.0,6.35,128650
9836,P45984,IC50,2,600.0,nM,9.0,6.35,128650
9836,P53779,IC50,2,600.0,nM,9.0,6.35,128650
9838,P32300,IC50,1,2.69,nM,9.0,8.57,44204
9838,P97266,EC50,1,2.692,nM,9.0,8.57,16820
9838,P97266,IC50,2,2.69,nM,9.0,8.57,31329|46616
9852,P27815,IC50,2,5.58,nM,4.5,8.88,30399
9852,Q07343,IC50,2,5.58,nM,4.5,8.88,30399
9852,Q08493,IC50,2,5.58,nM,4.5,8.88,30399
9852,Q08499,IC50,2,5.58,nM,4.5,8.88,30399
9861,P42681,IC50,1,360.0,nM,9.0,6.44,124766
9861,P51451,IC50,1,360.0,nM,9.0,6.44,124766
9861,P51813,IC50,1,360.0,nM,9.0,6.44,124766
9861,Q06187,IC50,1,360.0,nM,9.0,6.44,124766
9861,Q15303,IC50,1,360.0,nM,9.0,6.44,124766
9866,P24557,IC50,3,24.0,nM,8.0,7.62,10052|5279|5362
9868,P08913,EC50,1,6.31,nM,9.0,8.2,61285
9868,P18089,EC50,1,125.89,nM,9.0,6.9,61285
9868,P18825,EC50,1,1.38,nM,9.0,8.86,61285
9871,Q9NQS5,EC50,3,2.5,nM,9.0,8.6,111475|127082
9879,Q91ZY2,IC50,1,690.0,nM,9.0,6.16,119720
9879,Q9H3N8,IC50,1,28.0,nM,9.0,7.55,119720
9882,P08172,IC50,2,23650.0,nM,5.0,,107199|107468
9882,P08173,IC50,2,23650.0,nM,5.0,,107199|107468
9882,P08912,IC50,2,23650.0,nM,5.0,,107199|107468
9882,P11229,IC50,2,23650.0,nM,5.0,,107199|107468
9882,P20309,IC50,2,23650.0,nM,5.0,,107199|107468
9882,P61073,EC50,1,30000.0,nM,9.0,,106152
9882,P61073,IC50,7,6.25,nM,9.0,8.2,106152|106992|107199|107468|121367|76108
9883,P61073,EC50,1,30000.0,nM,9.0,,106152
9883,P61073,IC50,1,15.5,nM,9.0,7.81,106152
9888,P37231,EC50,1,467.0,nM,9.0,6.33,62802
9889,O95136,EC50,1,7717.0,nM,9.0,5.11,102249
9889,O95977,EC50,1,7866.0,nM,9.0,5.1,102249
9889,P21453,EC50,1,0.19,nM,9.0,9.72,102249
9889,Q99500,EC50,1,8914.0,nM,9.0,5.05,102249
9889,Q9H228,EC50,1,44.55,nM,9.0,7.35,102249
989,P26684,EC50,1,1.1,nM,9.0,8.96,131092
9894,P08235,IC50,1,2.4,nM,8.0,8.62,66557
9944,P21554,IC50,1,1000.0,nM,9.0,,107526
9945,P56703,EC50,1,650.0,nM,9.0,6.19,45064
9952,P07900,IC50,2,50000.0,nM,5.0,,51887
9952,P08238,IC50,2,50000.0,nM,5.0,,51887
9967,P21554,EC50,1,32000.0,nM,9.0,,51887
9967,P21554,IC50,2,28300.0,nM,9.0,4.61,51887
9967,P34972,EC50,2,32000.0,nM,9.0,,51887
9967,P34972,IC50,2,32000.0,nM,9.0,,51887
9967,P51449,IC50,1,42000.0,nM,9.0,,51887
9967,P51452,IC50,1,2730.0,nM,8.0,5.56,51887
9967,P54829,IC50,1,28300.0,nM,8.0,4.55,51887
9967,Q06124,IC50,1,2950.0,nM,8.0,5.53,51887
9967,Q07820,IC50,1,4013.72,nM,9.0,5.4,51887
9967,Q9HC97,EC50,1,32000.0,nM,9.0,,51887
9967,Q9HC97,IC50,1,32000.0,nM,9.0,,51887
9967,Q9Y2T6,IC50,3,263.0,nM,9.0,6.725,51887
997,P25101,IC50,1,0.62,nM,9.0,9.21,101367
9978,Q9UNW8,EC50,1,38600.0,nM,9.0,4.41,128861
9983,O35505,IC50,1,320.0,nM,9.0,6.5,91874
9983,P23975,IC50,2,434.5,nM,8.5,6.6,124758|16635
9983,P23977,IC50,9,7.3,nM,8.0,8.14,14301|15254|15753|17446|21369|2963
9983,P31645,IC50,1,73.0,nM,8.0,7.14,16635
9983,P31652,IC50,2,73.0,nM,8.5,7.14,15254|15753
9983,Q01959,IC50,1,4.3,nM,8.0,8.37,16635
9983,Q9WTR4,IC50,1,114.0,nM,9.0,6.94,21369
999,P24530,IC50,1,417.0,nM,8.0,6.38,13305
999,P25101,IC50,1,0.31,nM,8.0,9.51,13305
9994,Q08881,IC50,5,250.0,nM,9.0,6.6,128650
